Item_Code,is_diagnostic,is_medicine,is_other,is_vital,is_drug_or_vaccine,item_category
1,FALSE,TRUE,FALSE,TRUE,TRUE,contraception
2,FALSE,FALSE,TRUE,TRUE,FALSE,contraception
3,FALSE,TRUE,FALSE,TRUE,TRUE,contraception
4,FALSE,FALSE,TRUE,TRUE,FALSE,
5,FALSE,TRUE,FALSE,TRUE,FALSE,general
6,FALSE,FALSE,TRUE,TRUE,FALSE,general
7,FALSE,TRUE,FALSE,TRUE,FALSE,contraception
8,FALSE,TRUE,FALSE,FALSE,TRUE,contraception
9,FALSE,FALSE,TRUE,TRUE,FALSE,
10,FALSE,FALSE,TRUE,TRUE,FALSE,general
11,FALSE,FALSE,TRUE,TRUE,FALSE,contraception
12,FALSE,TRUE,FALSE,TRUE,TRUE,contraception
14,FALSE,TRUE,FALSE,TRUE,TRUE,contraception
15,FALSE,TRUE,FALSE,TRUE,TRUE,contraception
16,FALSE,TRUE,FALSE,FALSE,TRUE,contraception
18,FALSE,FALSE,TRUE,TRUE,FALSE,
19,FALSE,FALSE,TRUE,TRUE,FALSE,
20,FALSE,FALSE,TRUE,TRUE,FALSE,
21,FALSE,FALSE,TRUE,TRUE,FALSE,general
22,FALSE,FALSE,TRUE,TRUE,FALSE,
23,FALSE,TRUE,FALSE,TRUE,TRUE,general
24,FALSE,FALSE,TRUE,TRUE,FALSE,general
25,FALSE,FALSE,TRUE,TRUE,FALSE,contraception
26,FALSE,TRUE,FALSE,TRUE,TRUE,reproductive_health
27,FALSE,TRUE,FALSE,TRUE,TRUE,reproductive_health
28,FALSE,TRUE,FALSE,TRUE,TRUE,reproductive_health
29,FALSE,TRUE,FALSE,TRUE,TRUE,road_traffic_injuries
30,FALSE,TRUE,FALSE,TRUE,TRUE,reproductive_health
31,FALSE,TRUE,FALSE,TRUE,TRUE,reproductive_health
32,FALSE,TRUE,FALSE,TRUE,TRUE,reproductive_health
33,FALSE,TRUE,FALSE,TRUE,TRUE,general
34,FALSE,FALSE,TRUE,FALSE,FALSE,
35,FALSE,FALSE,TRUE,TRUE,TRUE,
36,FALSE,TRUE,FALSE,FALSE,TRUE,reproductive_health
37,FALSE,FALSE,TRUE,TRUE,FALSE,
38,FALSE,FALSE,TRUE,TRUE,FALSE,
39,FALSE,TRUE,FALSE,TRUE,TRUE,epi
40,TRUE,FALSE,FALSE,FALSE,FALSE,general
41,TRUE,FALSE,FALSE,FALSE,FALSE,reproductive_health
42,FALSE,TRUE,FALSE,TRUE,TRUE,reproductive_health
43,FALSE,FALSE,TRUE,TRUE,FALSE,
44,FALSE,TRUE,FALSE,TRUE,TRUE,reproductive_health
45,FALSE,TRUE,FALSE,TRUE,TRUE,reproductive_health
46,TRUE,FALSE,FALSE,FALSE,FALSE,
47,TRUE,FALSE,FALSE,FALSE,FALSE,reproductive_health
48,TRUE,FALSE,FALSE,FALSE,FALSE,
49,FALSE,FALSE,TRUE,FALSE,FALSE,
50,TRUE,FALSE,FALSE,FALSE,FALSE,reproductive_health
51,TRUE,FALSE,FALSE,FALSE,FALSE,
52,FALSE,TRUE,FALSE,TRUE,TRUE,reproductive_health
53,FALSE,TRUE,FALSE,FALSE,FALSE,
54,FALSE,TRUE,FALSE,FALSE,FALSE,
55,FALSE,TRUE,FALSE,FALSE,FALSE,
56,FALSE,TRUE,FALSE,TRUE,TRUE,reproductive_health
57,FALSE,FALSE,TRUE,FALSE,FALSE,general
58,FALSE,FALSE,TRUE,FALSE,FALSE,general
59,TRUE,FALSE,FALSE,FALSE,FALSE,
60,FALSE,TRUE,FALSE,FALSE,TRUE,reproductive_health
61,FALSE,TRUE,FALSE,FALSE,TRUE,reproductive_health
62,FALSE,FALSE,TRUE,TRUE,FALSE,
63,FALSE,FALSE,TRUE,FALSE,FALSE,
64,FALSE,FALSE,TRUE,FALSE,FALSE,neonatal_health
65,FALSE,TRUE,FALSE,TRUE,TRUE,reproductive_health
66,FALSE,TRUE,FALSE,TRUE,TRUE,reproductive_health
67,FALSE,FALSE,TRUE,FALSE,FALSE,general
68,FALSE,TRUE,FALSE,FALSE,TRUE,neonatal_health
69,FALSE,TRUE,FALSE,FALSE,FALSE,
70,FALSE,TRUE,FALSE,TRUE,TRUE,neonatal_health
71,FALSE,TRUE,FALSE,TRUE,TRUE,general
72,FALSE,FALSE,TRUE,TRUE,FALSE,
73,FALSE,TRUE,FALSE,TRUE,FALSE,general
74,FALSE,TRUE,FALSE,TRUE,FALSE,reproductive_health
75,FALSE,FALSE,TRUE,TRUE,FALSE,cancer
76,FALSE,FALSE,TRUE,FALSE,FALSE,general
77,FALSE,FALSE,TRUE,FALSE,FALSE,
78,FALSE,FALSE,TRUE,TRUE,FALSE,
79,FALSE,FALSE,TRUE,FALSE,FALSE,
80,FALSE,FALSE,TRUE,TRUE,FALSE,general
81,FALSE,TRUE,FALSE,TRUE,TRUE,other_childhood_illnesses
82,FALSE,FALSE,TRUE,FALSE,FALSE,general
83,FALSE,TRUE,FALSE,FALSE,FALSE,
84,FALSE,TRUE,FALSE,TRUE,TRUE,reproductive_health
85,FALSE,FALSE,TRUE,TRUE,FALSE,
86,FALSE,TRUE,FALSE,TRUE,TRUE,reproductive_health
87,FALSE,TRUE,FALSE,FALSE,FALSE,
88,FALSE,FALSE,TRUE,TRUE,FALSE,general
89,FALSE,FALSE,TRUE,FALSE,FALSE,
90,FALSE,TRUE,FALSE,TRUE,TRUE,reproductive_health
91,FALSE,TRUE,FALSE,FALSE,FALSE,
92,FALSE,TRUE,FALSE,TRUE,TRUE,reproductive_health
93,FALSE,TRUE,FALSE,TRUE,TRUE,general
94,FALSE,TRUE,FALSE,FALSE,FALSE,
95,FALSE,FALSE,TRUE,FALSE,FALSE,
96,FALSE,FALSE,TRUE,FALSE,FALSE,
97,FALSE,FALSE,TRUE,FALSE,FALSE,
98,FALSE,FALSE,TRUE,TRUE,FALSE,general
99,FALSE,TRUE,FALSE,TRUE,TRUE,other_childhood_illnesses
100,FALSE,FALSE,TRUE,TRUE,FALSE,
101,FALSE,FALSE,TRUE,TRUE,FALSE,general
102,FALSE,TRUE,FALSE,TRUE,TRUE,reproductive_health
103,FALSE,FALSE,TRUE,TRUE,FALSE,general
104,FALSE,FALSE,TRUE,TRUE,FALSE,
105,FALSE,TRUE,FALSE,TRUE,TRUE,reproductive_health
106,FALSE,TRUE,FALSE,TRUE,TRUE,other_childhood_illnesses
107,FALSE,FALSE,TRUE,TRUE,FALSE,
108,FALSE,FALSE,TRUE,FALSE,FALSE,
109,FALSE,FALSE,TRUE,FALSE,FALSE,
110,FALSE,FALSE,TRUE,FALSE,FALSE,
111,FALSE,FALSE,TRUE,FALSE,FALSE,
112,FALSE,FALSE,TRUE,FALSE,FALSE,
113,FALSE,TRUE,FALSE,TRUE,TRUE,road_traffic_injuries
114,FALSE,FALSE,TRUE,FALSE,FALSE,
115,FALSE,FALSE,TRUE,FALSE,FALSE,
116,FALSE,TRUE,FALSE,FALSE,FALSE,
117,FALSE,FALSE,TRUE,FALSE,FALSE,reproductive_health
118,FALSE,TRUE,FALSE,FALSE,FALSE,
119,FALSE,TRUE,FALSE,FALSE,FALSE,
120,FALSE,FALSE,TRUE,TRUE,TRUE,other_childhood_illnesses
121,FALSE,TRUE,FALSE,FALSE,FALSE,
122,FALSE,TRUE,FALSE,TRUE,TRUE,
123,FALSE,TRUE,FALSE,TRUE,TRUE,reproductive_health
124,FALSE,TRUE,FALSE,FALSE,FALSE,
125,FALSE,TRUE,FALSE,TRUE,TRUE,other_childhood_illnesses
126,FALSE,FALSE,TRUE,TRUE,FALSE,general
127,FALSE,TRUE,FALSE,FALSE,FALSE,general
128,TRUE,FALSE,FALSE,FALSE,FALSE,reproductive_health
129,FALSE,FALSE,TRUE,TRUE,TRUE,
130,FALSE,TRUE,FALSE,TRUE,TRUE,reproductive_health
131,FALSE,TRUE,FALSE,TRUE,TRUE,neonatal_health
132,FALSE,TRUE,FALSE,TRUE,TRUE,neonatal_health
133,FALSE,TRUE,FALSE,TRUE,TRUE,general
134,FALSE,FALSE,TRUE,FALSE,FALSE,general
135,FALSE,FALSE,TRUE,TRUE,FALSE,general
136,FALSE,FALSE,TRUE,TRUE,FALSE,
137,FALSE,TRUE,FALSE,FALSE,FALSE,
138,TRUE,FALSE,FALSE,FALSE,FALSE,
139,FALSE,TRUE,FALSE,TRUE,FALSE,
140,FALSE,TRUE,FALSE,TRUE,TRUE,reproductive_health
141,FALSE,TRUE,FALSE,FALSE,FALSE,general
142,FALSE,FALSE,TRUE,TRUE,FALSE,
143,FALSE,TRUE,FALSE,FALSE,FALSE,
144,FALSE,FALSE,TRUE,FALSE,FALSE,general
145,FALSE,FALSE,TRUE,FALSE,FALSE,other_childhood_illnesses
146,FALSE,TRUE,FALSE,TRUE,TRUE,other_childhood_illnesses
147,FALSE,TRUE,FALSE,TRUE,TRUE,other_childhood_illnesses
148,FALSE,TRUE,FALSE,TRUE,TRUE,other_childhood_illnesses
149,FALSE,TRUE,FALSE,TRUE,TRUE,general
150,FALSE,TRUE,FALSE,TRUE,TRUE,epi
151,FALSE,TRUE,FALSE,TRUE,TRUE,epi
152,FALSE,TRUE,FALSE,TRUE,TRUE,
153,FALSE,FALSE,TRUE,TRUE,FALSE,epi
154,FALSE,FALSE,TRUE,TRUE,FALSE,general
155,FALSE,TRUE,FALSE,TRUE,TRUE,epi
156,FALSE,FALSE,TRUE,TRUE,FALSE,
157,FALSE,TRUE,FALSE,FALSE,FALSE,epi
158,FALSE,TRUE,FALSE,TRUE,TRUE,epi
159,FALSE,TRUE,FALSE,FALSE,FALSE,
160,FALSE,TRUE,FALSE,FALSE,FALSE,malaria
161,FALSE,TRUE,FALSE,FALSE,FALSE,malaria
162,FALSE,TRUE,FALSE,TRUE,TRUE,malaria
163,TRUE,FALSE,FALSE,FALSE,FALSE,malaria
164,FALSE,TRUE,FALSE,TRUE,TRUE,malaria
165,FALSE,TRUE,FALSE,FALSE,FALSE,
166,FALSE,TRUE,FALSE,FALSE,FALSE,
167,FALSE,TRUE,FALSE,FALSE,FALSE,
168,FALSE,TRUE,FALSE,FALSE,FALSE,
169,FALSE,TRUE,FALSE,FALSE,FALSE,
170,FALSE,TRUE,FALSE,TRUE,TRUE,malaria
171,FALSE,FALSE,TRUE,TRUE,FALSE,general
172,FALSE,FALSE,TRUE,TRUE,FALSE,
173,FALSE,TRUE,FALSE,FALSE,FALSE,
174,FALSE,FALSE,TRUE,FALSE,FALSE,
175,TRUE,FALSE,FALSE,FALSE,FALSE,tb
176,FALSE,TRUE,FALSE,TRUE,TRUE,tb
177,FALSE,TRUE,FALSE,TRUE,TRUE,tb
178,FALSE,TRUE,FALSE,TRUE,TRUE,tb
179,FALSE,TRUE,FALSE,TRUE,TRUE,tb
180,FALSE,TRUE,FALSE,FALSE,FALSE,
181,FALSE,TRUE,FALSE,TRUE,TRUE,tb
182,FALSE,TRUE,FALSE,FALSE,FALSE,tb
183,FALSE,FALSE,TRUE,FALSE,FALSE,
184,TRUE,FALSE,FALSE,FALSE,FALSE,tb
185,TRUE,FALSE,FALSE,FALSE,FALSE,
186,TRUE,FALSE,FALSE,FALSE,FALSE,
187,TRUE,FALSE,FALSE,FALSE,FALSE,tb
188,TRUE,FALSE,FALSE,FALSE,FALSE,
189,TRUE,FALSE,FALSE,FALSE,FALSE,
190,TRUE,FALSE,FALSE,FALSE,FALSE,hiv
191,TRUE,FALSE,FALSE,FALSE,FALSE,hiv
192,FALSE,TRUE,FALSE,TRUE,TRUE,tb
193,TRUE,FALSE,FALSE,FALSE,FALSE,
194,FALSE,FALSE,TRUE,FALSE,FALSE,
195,FALSE,FALSE,TRUE,FALSE,FALSE,
196,TRUE,FALSE,FALSE,FALSE,FALSE,hiv
197,FALSE,FALSE,TRUE,FALSE,FALSE,hiv
198,FALSE,TRUE,FALSE,TRUE,TRUE,hiv
199,FALSE,TRUE,FALSE,TRUE,TRUE,hiv
200,TRUE,FALSE,FALSE,FALSE,FALSE,hiv
201,FALSE,TRUE,FALSE,TRUE,TRUE,
202,FALSE,TRUE,FALSE,TRUE,TRUE,hiv
203,FALSE,TRUE,FALSE,TRUE,TRUE,hiv
204,FALSE,TRUE,FALSE,TRUE,TRUE,hiv
205,FALSE,TRUE,FALSE,TRUE,TRUE,hiv
206,TRUE,FALSE,FALSE,FALSE,FALSE,hiv
207,TRUE,FALSE,FALSE,FALSE,FALSE,hiv
208,FALSE,TRUE,FALSE,TRUE,TRUE,undernutrition
209,FALSE,TRUE,FALSE,TRUE,TRUE,other_childhood_illnesses
210,FALSE,TRUE,FALSE,FALSE,FALSE,
211,FALSE,TRUE,FALSE,FALSE,FALSE,
212,FALSE,TRUE,FALSE,TRUE,TRUE,undernutrition
213,FALSE,TRUE,FALSE,TRUE,TRUE,undernutrition
214,FALSE,TRUE,FALSE,TRUE,TRUE,undernutrition
215,FALSE,TRUE,FALSE,FALSE,FALSE,
216,TRUE,FALSE,FALSE,FALSE,FALSE,reproductive_health
217,TRUE,FALSE,FALSE,FALSE,FALSE,
218,TRUE,FALSE,FALSE,FALSE,FALSE,
219,FALSE,TRUE,FALSE,FALSE,FALSE,
220,FALSE,TRUE,FALSE,FALSE,FALSE,
221,FALSE,TRUE,FALSE,TRUE,TRUE,ncds
222,FALSE,TRUE,FALSE,FALSE,TRUE,reproductive_health
223,FALSE,TRUE,FALSE,FALSE,FALSE,
224,FALSE,TRUE,FALSE,FALSE,FALSE,
225,FALSE,TRUE,FALSE,TRUE,TRUE,cardiometabolicdisorders
226,FALSE,TRUE,FALSE,TRUE,TRUE,ncds
227,FALSE,TRUE,FALSE,TRUE,TRUE,reproductive_health
228,FALSE,TRUE,FALSE,FALSE,FALSE,
229,TRUE,FALSE,FALSE,FALSE,FALSE,
230,TRUE,FALSE,FALSE,FALSE,FALSE,
231,FALSE,TRUE,FALSE,FALSE,FALSE,
232,FALSE,TRUE,FALSE,TRUE,TRUE,reproductive_health
233,FALSE,TRUE,FALSE,TRUE,TRUE,ncds
234,FALSE,TRUE,FALSE,FALSE,FALSE,cardiometabolicdisorders
235,TRUE,FALSE,FALSE,FALSE,FALSE,
236,TRUE,FALSE,FALSE,FALSE,FALSE,
237,FALSE,TRUE,FALSE,FALSE,FALSE,
238,FALSE,TRUE,FALSE,FALSE,TRUE,cancer
239,FALSE,TRUE,FALSE,TRUE,TRUE,cancer
240,FALSE,TRUE,FALSE,TRUE,TRUE,cancer
241,FALSE,TRUE,FALSE,TRUE,TRUE,
242,FALSE,TRUE,FALSE,FALSE,TRUE,road_traffic_injuries
243,FALSE,TRUE,FALSE,TRUE,TRUE,road_traffic_injuries
244,FALSE,FALSE,TRUE,TRUE,FALSE,general
245,FALSE,FALSE,TRUE,FALSE,FALSE,
246,FALSE,TRUE,FALSE,FALSE,FALSE,
247,FALSE,FALSE,TRUE,TRUE,FALSE,general
248,FALSE,TRUE,FALSE,TRUE,TRUE,other_childhood_illnesses
249,FALSE,FALSE,TRUE,FALSE,FALSE,road_traffic_injuries
250,TRUE,FALSE,FALSE,FALSE,FALSE,
251,FALSE,TRUE,FALSE,FALSE,FALSE,
252,FALSE,FALSE,TRUE,FALSE,FALSE,
253,FALSE,TRUE,FALSE,FALSE,FALSE,
254,FALSE,TRUE,FALSE,FALSE,FALSE,
255,FALSE,TRUE,FALSE,FALSE,FALSE,
256,FALSE,FALSE,TRUE,FALSE,FALSE,
257,FALSE,TRUE,FALSE,FALSE,FALSE,
258,FALSE,TRUE,FALSE,TRUE,TRUE,
259,FALSE,TRUE,FALSE,TRUE,TRUE,cancer
260,FALSE,TRUE,FALSE,TRUE,TRUE,cancer
261,FALSE,TRUE,FALSE,TRUE,TRUE,cancer
262,FALSE,TRUE,FALSE,TRUE,TRUE,cancer
263,FALSE,TRUE,FALSE,TRUE,TRUE,cancer
264,FALSE,TRUE,FALSE,TRUE,TRUE,cancer
265,FALSE,TRUE,FALSE,TRUE,TRUE,cancer
266,FALSE,TRUE,FALSE,TRUE,TRUE,cancer
267,FALSE,TRUE,FALSE,TRUE,TRUE,ncds
268,FALSE,TRUE,FALSE,TRUE,TRUE,ncds
269,FALSE,TRUE,FALSE,FALSE,FALSE,
270,FALSE,TRUE,FALSE,FALSE,FALSE,
271,FALSE,TRUE,FALSE,FALSE,FALSE,
272,FALSE,TRUE,FALSE,FALSE,FALSE,
273,FALSE,TRUE,FALSE,FALSE,FALSE,
274,FALSE,TRUE,FALSE,FALSE,FALSE,
275,FALSE,TRUE,FALSE,FALSE,TRUE,ncds
276,FALSE,TRUE,FALSE,TRUE,TRUE,ncds
277,FALSE,FALSE,TRUE,FALSE,FALSE,
278,FALSE,TRUE,FALSE,TRUE,TRUE,ncds
279,FALSE,TRUE,FALSE,TRUE,TRUE,ncds
280,FALSE,TRUE,FALSE,FALSE,FALSE,cancer
281,FALSE,TRUE,FALSE,FALSE,FALSE,cancer
282,FALSE,TRUE,FALSE,FALSE,FALSE,
283,FALSE,TRUE,FALSE,FALSE,FALSE,cancer
284,FALSE,TRUE,FALSE,FALSE,FALSE,cancer
285,FALSE,TRUE,FALSE,FALSE,FALSE,cancer
286,FALSE,TRUE,FALSE,FALSE,TRUE,cancer
287,FALSE,TRUE,FALSE,FALSE,TRUE,cancer
288,FALSE,TRUE,FALSE,FALSE,TRUE,cancer
289,FALSE,TRUE,FALSE,FALSE,TRUE,cancer
290,FALSE,FALSE,TRUE,FALSE,TRUE,cancer
291,FALSE,TRUE,FALSE,TRUE,TRUE,other_childhood_illnesses
292,FALSE,TRUE,FALSE,FALSE,FALSE,
293,FALSE,TRUE,FALSE,FALSE,FALSE,
294,FALSE,TRUE,FALSE,FALSE,FALSE,
295,FALSE,TRUE,FALSE,TRUE,TRUE,other_childhood_illnesses
296,FALSE,TRUE,FALSE,TRUE,TRUE,other_childhood_illnesses
297,FALSE,TRUE,FALSE,TRUE,TRUE,other_childhood_illnesses
298,FALSE,TRUE,FALSE,TRUE,TRUE,other_childhood_illnesses
299,FALSE,TRUE,FALSE,TRUE,TRUE,other_childhood_illnesses
300,FALSE,FALSE,TRUE,FALSE,FALSE,general
301,FALSE,TRUE,FALSE,FALSE,FALSE,
302,FALSE,TRUE,FALSE,FALSE,FALSE,
303,TRUE,FALSE,FALSE,FALSE,FALSE,
304,FALSE,TRUE,FALSE,FALSE,FALSE,
305,FALSE,TRUE,FALSE,FALSE,FALSE,
306,FALSE,TRUE,FALSE,FALSE,FALSE,
307,FALSE,TRUE,FALSE,FALSE,FALSE,
308,FALSE,TRUE,FALSE,FALSE,FALSE,
309,FALSE,TRUE,FALSE,FALSE,FALSE,
310,FALSE,TRUE,FALSE,FALSE,FALSE,
311,FALSE,TRUE,FALSE,FALSE,FALSE,
312,FALSE,TRUE,FALSE,FALSE,FALSE,
313,FALSE,TRUE,FALSE,FALSE,FALSE,
314,FALSE,FALSE,TRUE,FALSE,FALSE,
315,FALSE,FALSE,TRUE,FALSE,FALSE,
316,FALSE,FALSE,TRUE,FALSE,FALSE,
317,FALSE,FALSE,TRUE,FALSE,FALSE,
318,FALSE,TRUE,FALSE,FALSE,FALSE,
319,FALSE,TRUE,FALSE,FALSE,FALSE,
320,FALSE,TRUE,FALSE,FALSE,FALSE,
321,FALSE,FALSE,TRUE,FALSE,FALSE,
322,FALSE,FALSE,TRUE,FALSE,FALSE,
323,FALSE,TRUE,FALSE,FALSE,FALSE,
324,FALSE,TRUE,FALSE,FALSE,FALSE,
325,FALSE,FALSE,TRUE,FALSE,FALSE,
326,FALSE,FALSE,TRUE,FALSE,FALSE,
327,FALSE,FALSE,TRUE,FALSE,FALSE,
328,FALSE,FALSE,TRUE,FALSE,FALSE,
329,FALSE,TRUE,FALSE,FALSE,FALSE,
330,FALSE,FALSE,TRUE,FALSE,FALSE,
331,FALSE,FALSE,TRUE,FALSE,FALSE,
332,FALSE,FALSE,TRUE,FALSE,FALSE,
333,FALSE,FALSE,TRUE,FALSE,FALSE,
334,FALSE,FALSE,TRUE,FALSE,FALSE,
335,FALSE,FALSE,TRUE,FALSE,FALSE,
336,FALSE,FALSE,TRUE,FALSE,FALSE,
337,FALSE,FALSE,TRUE,FALSE,FALSE,
338,FALSE,FALSE,TRUE,FALSE,FALSE,
339,FALSE,TRUE,FALSE,FALSE,FALSE,
340,FALSE,TRUE,FALSE,FALSE,FALSE,
341,FALSE,TRUE,FALSE,FALSE,FALSE,
1000,FALSE,TRUE,FALSE,FALSE,FALSE,
1001,FALSE,TRUE,FALSE,FALSE,FALSE,
1002,FALSE,TRUE,FALSE,FALSE,FALSE,
1003,FALSE,TRUE,FALSE,FALSE,FALSE,
1004,TRUE,FALSE,FALSE,FALSE,FALSE,
1005,FALSE,TRUE,FALSE,TRUE,TRUE,
1006,TRUE,FALSE,FALSE,FALSE,FALSE,
1007,FALSE,TRUE,FALSE,FALSE,TRUE,reproductive_health
1008,FALSE,TRUE,FALSE,FALSE,FALSE,
1009,FALSE,TRUE,FALSE,FALSE,FALSE,
1010,FALSE,TRUE,FALSE,FALSE,FALSE,
1011,FALSE,TRUE,FALSE,FALSE,FALSE,
1012,FALSE,TRUE,FALSE,FALSE,FALSE,
1013,FALSE,TRUE,FALSE,FALSE,FALSE,
1014,FALSE,TRUE,FALSE,FALSE,FALSE,
1015,FALSE,TRUE,FALSE,TRUE,TRUE,reproductive_health
1016,FALSE,TRUE,FALSE,FALSE,FALSE,
1017,FALSE,TRUE,FALSE,FALSE,FALSE,
1018,FALSE,TRUE,FALSE,FALSE,FALSE,
1019,FALSE,TRUE,FALSE,FALSE,FALSE,
1020,FALSE,TRUE,FALSE,FALSE,FALSE,
1021,FALSE,TRUE,FALSE,FALSE,FALSE,
1022,FALSE,TRUE,FALSE,FALSE,FALSE,
1023,FALSE,TRUE,FALSE,FALSE,FALSE,
1024,FALSE,TRUE,FALSE,FALSE,FALSE,
1025,FALSE,TRUE,FALSE,FALSE,FALSE,
1026,FALSE,TRUE,FALSE,FALSE,FALSE,
1027,FALSE,FALSE,TRUE,FALSE,FALSE,
1028,FALSE,TRUE,FALSE,FALSE,FALSE,
1029,FALSE,TRUE,FALSE,FALSE,FALSE,
1030,FALSE,TRUE,FALSE,FALSE,FALSE,
1031,FALSE,TRUE,FALSE,FALSE,FALSE,
1032,FALSE,FALSE,TRUE,FALSE,FALSE,
1033,FALSE,FALSE,TRUE,FALSE,FALSE,
1034,FALSE,TRUE,FALSE,FALSE,FALSE,
1035,FALSE,TRUE,FALSE,FALSE,FALSE,
1036,FALSE,TRUE,FALSE,FALSE,FALSE,
1037,FALSE,TRUE,FALSE,FALSE,FALSE,
1038,FALSE,TRUE,FALSE,FALSE,FALSE,
1039,FALSE,TRUE,FALSE,FALSE,FALSE,
1040,FALSE,TRUE,FALSE,FALSE,FALSE,
1041,FALSE,TRUE,FALSE,FALSE,FALSE,
1042,TRUE,FALSE,FALSE,FALSE,FALSE,
1043,FALSE,FALSE,TRUE,FALSE,FALSE,
1044,FALSE,TRUE,FALSE,FALSE,FALSE,
1045,FALSE,FALSE,TRUE,FALSE,FALSE,
1046,TRUE,FALSE,FALSE,FALSE,FALSE,
1047,FALSE,TRUE,FALSE,FALSE,FALSE,
1048,FALSE,TRUE,FALSE,FALSE,FALSE,
1049,FALSE,TRUE,FALSE,FALSE,FALSE,
1050,FALSE,TRUE,FALSE,FALSE,FALSE,
1051,FALSE,TRUE,FALSE,FALSE,FALSE,
1052,FALSE,FALSE,TRUE,FALSE,FALSE,
1053,FALSE,TRUE,FALSE,FALSE,FALSE,
1054,FALSE,TRUE,FALSE,FALSE,FALSE,
1055,FALSE,TRUE,FALSE,FALSE,FALSE,
1056,FALSE,TRUE,FALSE,FALSE,FALSE,
1057,FALSE,TRUE,FALSE,FALSE,FALSE,
1058,TRUE,FALSE,FALSE,FALSE,FALSE,
1059,FALSE,TRUE,FALSE,FALSE,FALSE,
1060,TRUE,FALSE,FALSE,FALSE,FALSE,
1061,FALSE,FALSE,TRUE,FALSE,FALSE,
1062,FALSE,TRUE,FALSE,FALSE,FALSE,
1063,FALSE,TRUE,FALSE,FALSE,FALSE,
1064,TRUE,FALSE,FALSE,FALSE,FALSE,
1065,TRUE,FALSE,FALSE,FALSE,FALSE,
1066,FALSE,TRUE,FALSE,FALSE,FALSE,
1067,FALSE,TRUE,FALSE,FALSE,FALSE,
1068,FALSE,TRUE,FALSE,FALSE,FALSE,
1069,FALSE,TRUE,FALSE,FALSE,FALSE,
1070,FALSE,TRUE,FALSE,FALSE,FALSE,
1071,FALSE,FALSE,TRUE,FALSE,FALSE,
1072,FALSE,TRUE,FALSE,FALSE,FALSE,
1073,FALSE,TRUE,FALSE,FALSE,FALSE,
1074,FALSE,TRUE,FALSE,FALSE,FALSE,
1075,FALSE,TRUE,FALSE,FALSE,FALSE,
1076,FALSE,TRUE,FALSE,FALSE,FALSE,
1077,FALSE,TRUE,FALSE,FALSE,FALSE,
1078,FALSE,TRUE,FALSE,FALSE,FALSE,
1079,FALSE,TRUE,FALSE,FALSE,FALSE,
1080,FALSE,TRUE,FALSE,FALSE,FALSE,
1081,FALSE,TRUE,FALSE,FALSE,FALSE,
1082,FALSE,TRUE,FALSE,FALSE,FALSE,
1083,FALSE,TRUE,FALSE,FALSE,FALSE,
1084,FALSE,TRUE,FALSE,FALSE,FALSE,
1085,FALSE,TRUE,FALSE,FALSE,FALSE,
1086,FALSE,TRUE,FALSE,FALSE,FALSE,
1087,FALSE,TRUE,FALSE,FALSE,FALSE,
1088,FALSE,TRUE,FALSE,FALSE,FALSE,
1089,FALSE,TRUE,FALSE,FALSE,FALSE,
1090,FALSE,TRUE,FALSE,FALSE,FALSE,
1091,FALSE,TRUE,FALSE,FALSE,FALSE,
1092,FALSE,TRUE,FALSE,FALSE,FALSE,
1093,FALSE,TRUE,FALSE,FALSE,FALSE,
1094,FALSE,TRUE,FALSE,FALSE,FALSE,
1095,FALSE,TRUE,FALSE,FALSE,FALSE,
1096,FALSE,TRUE,FALSE,FALSE,FALSE,
1097,FALSE,TRUE,FALSE,FALSE,FALSE,
1098,FALSE,TRUE,FALSE,FALSE,FALSE,
1099,FALSE,TRUE,FALSE,FALSE,FALSE,
1100,FALSE,TRUE,FALSE,FALSE,FALSE,
1101,FALSE,TRUE,FALSE,FALSE,FALSE,
1102,FALSE,TRUE,FALSE,FALSE,FALSE,
1103,FALSE,TRUE,FALSE,FALSE,FALSE,
1104,FALSE,TRUE,FALSE,FALSE,FALSE,
1105,FALSE,TRUE,FALSE,FALSE,FALSE,
1106,FALSE,TRUE,FALSE,FALSE,FALSE,
1107,FALSE,TRUE,FALSE,FALSE,FALSE,
1108,FALSE,TRUE,FALSE,FALSE,FALSE,
1109,FALSE,TRUE,FALSE,FALSE,FALSE,
1110,FALSE,TRUE,FALSE,FALSE,FALSE,
1111,FALSE,TRUE,FALSE,FALSE,FALSE,
1112,FALSE,TRUE,FALSE,FALSE,FALSE,
1113,FALSE,TRUE,FALSE,FALSE,FALSE,
1114,FALSE,TRUE,FALSE,FALSE,FALSE,
1115,FALSE,TRUE,FALSE,FALSE,FALSE,
1116,FALSE,TRUE,FALSE,FALSE,FALSE,
1117,FALSE,TRUE,FALSE,FALSE,FALSE,
1118,FALSE,TRUE,FALSE,FALSE,FALSE,
1119,FALSE,TRUE,FALSE,FALSE,FALSE,
1120,FALSE,TRUE,FALSE,FALSE,FALSE,
1121,FALSE,TRUE,FALSE,FALSE,FALSE,
1122,FALSE,TRUE,FALSE,FALSE,FALSE,
1123,FALSE,TRUE,FALSE,FALSE,FALSE,
1124,FALSE,TRUE,FALSE,FALSE,FALSE,malaria
1125,FALSE,TRUE,FALSE,FALSE,FALSE,
1126,FALSE,TRUE,FALSE,FALSE,FALSE,
1127,TRUE,FALSE,FALSE,FALSE,FALSE,
1128,FALSE,TRUE,FALSE,FALSE,FALSE,
1129,FALSE,TRUE,FALSE,FALSE,FALSE,
1130,FALSE,TRUE,FALSE,FALSE,FALSE,
1131,FALSE,TRUE,FALSE,FALSE,FALSE,
1132,FALSE,TRUE,FALSE,FALSE,FALSE,
1133,FALSE,TRUE,FALSE,FALSE,FALSE,
1134,FALSE,TRUE,FALSE,FALSE,FALSE,
1135,FALSE,TRUE,FALSE,FALSE,FALSE,
1136,FALSE,TRUE,FALSE,FALSE,FALSE,
1137,FALSE,TRUE,FALSE,FALSE,FALSE,
1138,FALSE,TRUE,FALSE,FALSE,FALSE,
1139,FALSE,TRUE,FALSE,FALSE,FALSE,
1140,FALSE,TRUE,FALSE,FALSE,FALSE,
1141,FALSE,TRUE,FALSE,FALSE,FALSE,
1142,FALSE,TRUE,FALSE,FALSE,FALSE,
1143,FALSE,FALSE,TRUE,FALSE,FALSE,
1144,FALSE,FALSE,TRUE,FALSE,FALSE,
1145,FALSE,FALSE,TRUE,FALSE,FALSE,
1146,FALSE,FALSE,TRUE,FALSE,FALSE,
1147,FALSE,FALSE,TRUE,FALSE,FALSE,
1148,FALSE,FALSE,TRUE,FALSE,FALSE,
1149,FALSE,FALSE,TRUE,FALSE,FALSE,
1150,FALSE,FALSE,TRUE,FALSE,FALSE,
1151,FALSE,FALSE,TRUE,FALSE,FALSE,
1152,FALSE,FALSE,TRUE,FALSE,FALSE,
1153,FALSE,FALSE,TRUE,FALSE,FALSE,
1154,FALSE,FALSE,TRUE,FALSE,FALSE,
1155,FALSE,FALSE,TRUE,FALSE,FALSE,
1156,FALSE,FALSE,TRUE,FALSE,FALSE,
1157,FALSE,FALSE,TRUE,FALSE,FALSE,
1158,FALSE,FALSE,TRUE,FALSE,FALSE,
1159,FALSE,FALSE,TRUE,FALSE,FALSE,
1160,FALSE,FALSE,TRUE,FALSE,FALSE,
1161,FALSE,FALSE,TRUE,FALSE,FALSE,
1162,FALSE,FALSE,TRUE,FALSE,FALSE,
1163,FALSE,FALSE,TRUE,FALSE,FALSE,
1164,FALSE,FALSE,TRUE,FALSE,FALSE,
1165,FALSE,FALSE,TRUE,FALSE,FALSE,
1166,FALSE,FALSE,TRUE,FALSE,FALSE,
1167,FALSE,FALSE,TRUE,FALSE,FALSE,
1168,FALSE,TRUE,FALSE,FALSE,FALSE,
1169,FALSE,TRUE,FALSE,FALSE,FALSE,
1170,FALSE,TRUE,FALSE,FALSE,FALSE,
1171,FALSE,TRUE,FALSE,FALSE,FALSE,
1172,FALSE,TRUE,FALSE,FALSE,FALSE,
1173,FALSE,TRUE,FALSE,FALSE,FALSE,
1174,FALSE,TRUE,FALSE,FALSE,FALSE,
1175,FALSE,TRUE,FALSE,FALSE,FALSE,
1176,FALSE,TRUE,FALSE,FALSE,FALSE,
1177,FALSE,TRUE,FALSE,FALSE,FALSE,
1178,FALSE,TRUE,FALSE,FALSE,FALSE,
1179,FALSE,TRUE,FALSE,FALSE,FALSE,
1180,FALSE,TRUE,FALSE,FALSE,FALSE,
1181,FALSE,TRUE,FALSE,FALSE,FALSE,
1182,FALSE,FALSE,TRUE,FALSE,FALSE,
1183,FALSE,TRUE,FALSE,FALSE,FALSE,
1184,FALSE,TRUE,FALSE,FALSE,FALSE,
1185,FALSE,TRUE,FALSE,FALSE,FALSE,
1186,FALSE,TRUE,FALSE,FALSE,FALSE,
1187,FALSE,TRUE,FALSE,FALSE,FALSE,
1188,FALSE,FALSE,TRUE,FALSE,FALSE,
1189,FALSE,TRUE,FALSE,FALSE,FALSE,
1190,FALSE,TRUE,FALSE,FALSE,FALSE,
1191,FALSE,TRUE,FALSE,TRUE,TRUE,hiv
1192,FALSE,TRUE,FALSE,FALSE,FALSE,
1193,FALSE,FALSE,TRUE,FALSE,FALSE,
1194,FALSE,TRUE,FALSE,FALSE,FALSE,
1195,FALSE,TRUE,FALSE,FALSE,FALSE,
1196,FALSE,TRUE,FALSE,FALSE,FALSE,
1197,FALSE,TRUE,FALSE,TRUE,TRUE,epi
1198,FALSE,TRUE,FALSE,FALSE,FALSE,
1199,FALSE,TRUE,FALSE,FALSE,FALSE,
1200,FALSE,TRUE,FALSE,FALSE,FALSE,
1201,FALSE,TRUE,FALSE,FALSE,FALSE,
1202,FALSE,TRUE,FALSE,FALSE,FALSE,
1203,FALSE,TRUE,FALSE,FALSE,FALSE,
1204,FALSE,TRUE,FALSE,FALSE,FALSE,
1205,FALSE,TRUE,FALSE,FALSE,FALSE,
1206,FALSE,TRUE,FALSE,FALSE,FALSE,
1207,FALSE,TRUE,FALSE,FALSE,FALSE,
1208,FALSE,TRUE,FALSE,FALSE,FALSE,
1209,FALSE,TRUE,FALSE,FALSE,FALSE,
1210,FALSE,TRUE,FALSE,FALSE,FALSE,
1211,FALSE,TRUE,FALSE,FALSE,FALSE,
1212,FALSE,TRUE,FALSE,FALSE,FALSE,
1213,FALSE,TRUE,FALSE,FALSE,FALSE,
1214,FALSE,TRUE,FALSE,FALSE,FALSE,
1215,FALSE,TRUE,FALSE,FALSE,FALSE,
1216,FALSE,TRUE,FALSE,FALSE,FALSE,
1217,FALSE,TRUE,FALSE,FALSE,FALSE,
1218,FALSE,TRUE,FALSE,FALSE,FALSE,
1219,FALSE,TRUE,FALSE,FALSE,FALSE,
1220,FALSE,TRUE,FALSE,TRUE,TRUE,undernutrition
1221,FALSE,TRUE,FALSE,TRUE,TRUE,undernutrition
1222,FALSE,TRUE,FALSE,TRUE,TRUE,
1223,FALSE,TRUE,FALSE,TRUE,TRUE,undernutrition
1224,FALSE,TRUE,FALSE,FALSE,FALSE,
1225,FALSE,TRUE,FALSE,FALSE,FALSE,
1226,FALSE,TRUE,FALSE,FALSE,FALSE,
1227,FALSE,TRUE,FALSE,TRUE,TRUE,undernutrition
1228,FALSE,TRUE,FALSE,FALSE,FALSE,
1229,FALSE,FALSE,TRUE,FALSE,FALSE,
1230,FALSE,TRUE,FALSE,FALSE,FALSE,
1231,FALSE,TRUE,FALSE,FALSE,FALSE,
1232,FALSE,TRUE,FALSE,FALSE,FALSE,
1233,FALSE,FALSE,TRUE,FALSE,FALSE,
1234,FALSE,FALSE,TRUE,FALSE,FALSE,
1235,FALSE,FALSE,TRUE,FALSE,FALSE,
1236,FALSE,FALSE,TRUE,FALSE,FALSE,
1237,FALSE,FALSE,TRUE,FALSE,FALSE,cancer
1238,FALSE,FALSE,TRUE,FALSE,FALSE,
1239,FALSE,FALSE,TRUE,FALSE,FALSE,cancer
1240,TRUE,FALSE,FALSE,FALSE,FALSE,
1241,TRUE,FALSE,FALSE,FALSE,FALSE,
1242,FALSE,TRUE,FALSE,FALSE,FALSE,
1243,TRUE,FALSE,FALSE,FALSE,FALSE,
1244,FALSE,FALSE,TRUE,FALSE,FALSE,
1245,FALSE,FALSE,TRUE,FALSE,FALSE,
1246,FALSE,FALSE,TRUE,FALSE,FALSE,
1247,FALSE,TRUE,FALSE,FALSE,FALSE,
1248,FALSE,TRUE,FALSE,FALSE,FALSE,
1249,FALSE,TRUE,FALSE,FALSE,FALSE,
1250,FALSE,TRUE,FALSE,FALSE,FALSE,
1251,FALSE,FALSE,TRUE,FALSE,FALSE,
1252,FALSE,FALSE,TRUE,FALSE,FALSE,
1253,FALSE,TRUE,FALSE,FALSE,FALSE,
1254,FALSE,TRUE,FALSE,FALSE,FALSE,
1255,FALSE,TRUE,FALSE,FALSE,FALSE,
1256,FALSE,TRUE,FALSE,FALSE,FALSE,
1257,FALSE,TRUE,FALSE,FALSE,FALSE,
1258,FALSE,FALSE,TRUE,FALSE,FALSE,
1259,FALSE,TRUE,FALSE,FALSE,FALSE,
1260,FALSE,TRUE,FALSE,FALSE,FALSE,
1261,FALSE,TRUE,FALSE,FALSE,FALSE,
1262,TRUE,FALSE,FALSE,FALSE,FALSE,
1263,TRUE,FALSE,FALSE,FALSE,FALSE,
1264,FALSE,TRUE,FALSE,FALSE,FALSE,
1265,FALSE,TRUE,FALSE,FALSE,FALSE,
1266,FALSE,TRUE,FALSE,FALSE,FALSE,
1267,FALSE,TRUE,FALSE,FALSE,FALSE,
1268,FALSE,TRUE,FALSE,FALSE,FALSE,
1269,FALSE,TRUE,FALSE,FALSE,FALSE,
1270,FALSE,TRUE,FALSE,FALSE,FALSE,
1271,FALSE,TRUE,FALSE,FALSE,FALSE,
1272,TRUE,FALSE,FALSE,FALSE,FALSE,
1273,FALSE,FALSE,TRUE,FALSE,FALSE,
1274,FALSE,TRUE,FALSE,FALSE,FALSE,
1275,FALSE,FALSE,TRUE,FALSE,FALSE,
1276,FALSE,FALSE,TRUE,FALSE,FALSE,
1277,FALSE,FALSE,TRUE,FALSE,FALSE,
1278,FALSE,FALSE,TRUE,FALSE,FALSE,
1279,FALSE,FALSE,TRUE,FALSE,FALSE,
1280,FALSE,FALSE,TRUE,FALSE,FALSE,
1281,FALSE,FALSE,TRUE,FALSE,FALSE,
1282,FALSE,FALSE,TRUE,FALSE,FALSE,
1283,FALSE,FALSE,TRUE,FALSE,FALSE,
1284,FALSE,FALSE,TRUE,FALSE,FALSE,
1285,FALSE,FALSE,TRUE,FALSE,FALSE,
1286,FALSE,TRUE,FALSE,FALSE,FALSE,
1287,FALSE,TRUE,FALSE,FALSE,FALSE,
1288,FALSE,TRUE,FALSE,FALSE,FALSE,
1289,FALSE,TRUE,FALSE,FALSE,FALSE,
1290,FALSE,TRUE,FALSE,FALSE,FALSE,
1291,FALSE,TRUE,FALSE,FALSE,FALSE,
1292,FALSE,TRUE,FALSE,FALSE,FALSE,
1293,FALSE,TRUE,FALSE,FALSE,FALSE,
1294,FALSE,TRUE,FALSE,FALSE,FALSE,
1295,FALSE,TRUE,FALSE,FALSE,FALSE,
1296,TRUE,FALSE,FALSE,FALSE,FALSE,
1297,TRUE,FALSE,FALSE,FALSE,FALSE,
1298,FALSE,FALSE,TRUE,FALSE,FALSE,
1299,TRUE,FALSE,FALSE,FALSE,FALSE,
1300,FALSE,FALSE,TRUE,FALSE,FALSE,
1301,FALSE,FALSE,TRUE,FALSE,FALSE,
1302,FALSE,FALSE,TRUE,FALSE,FALSE,
1303,FALSE,FALSE,TRUE,FALSE,FALSE,
1304,FALSE,FALSE,TRUE,FALSE,FALSE,
1305,FALSE,FALSE,TRUE,FALSE,FALSE,
1306,FALSE,FALSE,TRUE,FALSE,FALSE,
1307,FALSE,FALSE,TRUE,FALSE,FALSE,
1308,FALSE,FALSE,TRUE,FALSE,FALSE,
1309,FALSE,FALSE,TRUE,FALSE,FALSE,
1310,FALSE,FALSE,TRUE,FALSE,FALSE,
1311,FALSE,FALSE,TRUE,FALSE,FALSE,
1312,FALSE,FALSE,TRUE,FALSE,FALSE,
1313,FALSE,FALSE,TRUE,FALSE,FALSE,
1314,FALSE,FALSE,TRUE,FALSE,FALSE,
1315,FALSE,FALSE,TRUE,FALSE,FALSE,
1316,FALSE,FALSE,TRUE,FALSE,FALSE,
1317,FALSE,FALSE,TRUE,FALSE,FALSE,
1318,FALSE,FALSE,TRUE,FALSE,FALSE,
1319,FALSE,FALSE,TRUE,FALSE,FALSE,
1320,FALSE,FALSE,TRUE,FALSE,FALSE,
1321,FALSE,FALSE,TRUE,FALSE,FALSE,
1322,FALSE,FALSE,TRUE,FALSE,FALSE,
1323,FALSE,FALSE,TRUE,FALSE,FALSE,
1324,FALSE,FALSE,TRUE,FALSE,FALSE,
1325,FALSE,FALSE,TRUE,FALSE,FALSE,
1326,FALSE,FALSE,TRUE,FALSE,FALSE,
1327,FALSE,FALSE,TRUE,FALSE,FALSE,
1328,FALSE,FALSE,TRUE,FALSE,FALSE,
1329,FALSE,FALSE,TRUE,FALSE,FALSE,
1330,FALSE,FALSE,TRUE,FALSE,FALSE,
1331,FALSE,FALSE,TRUE,FALSE,FALSE,
1332,FALSE,TRUE,FALSE,FALSE,FALSE,
1333,FALSE,TRUE,FALSE,FALSE,FALSE,
1334,FALSE,TRUE,FALSE,FALSE,FALSE,
1335,FALSE,TRUE,FALSE,FALSE,FALSE,
1336,FALSE,TRUE,FALSE,FALSE,FALSE,
1337,FALSE,TRUE,FALSE,FALSE,FALSE,
1338,FALSE,TRUE,FALSE,FALSE,FALSE,
1339,FALSE,TRUE,FALSE,FALSE,FALSE,
1340,FALSE,TRUE,FALSE,FALSE,FALSE,
1341,FALSE,TRUE,FALSE,FALSE,FALSE,
1342,FALSE,FALSE,TRUE,FALSE,FALSE,
1343,FALSE,FALSE,TRUE,FALSE,FALSE,
1344,FALSE,FALSE,TRUE,FALSE,FALSE,
1345,FALSE,FALSE,TRUE,FALSE,FALSE,
1346,FALSE,FALSE,TRUE,FALSE,FALSE,
1347,FALSE,TRUE,FALSE,FALSE,FALSE,
1348,FALSE,TRUE,FALSE,FALSE,FALSE,
1349,FALSE,TRUE,FALSE,FALSE,FALSE,
1350,FALSE,TRUE,FALSE,FALSE,FALSE,
1351,FALSE,TRUE,FALSE,FALSE,FALSE,
1352,FALSE,TRUE,FALSE,FALSE,FALSE,
1353,FALSE,TRUE,FALSE,FALSE,FALSE,
1354,FALSE,TRUE,FALSE,FALSE,FALSE,
1355,FALSE,TRUE,FALSE,FALSE,FALSE,
1356,TRUE,FALSE,FALSE,FALSE,FALSE,
1357,FALSE,TRUE,FALSE,FALSE,FALSE,
1358,FALSE,FALSE,TRUE,FALSE,FALSE,
1359,TRUE,FALSE,FALSE,FALSE,FALSE,
1360,FALSE,FALSE,TRUE,FALSE,FALSE,
1361,FALSE,FALSE,TRUE,FALSE,FALSE,
1362,FALSE,FALSE,TRUE,FALSE,FALSE,
1363,FALSE,FALSE,TRUE,FALSE,FALSE,
1364,FALSE,FALSE,TRUE,FALSE,FALSE,
1365,FALSE,FALSE,TRUE,FALSE,FALSE,
1366,FALSE,FALSE,TRUE,FALSE,FALSE,
1367,FALSE,FALSE,TRUE,FALSE,FALSE,
1368,FALSE,FALSE,TRUE,FALSE,FALSE,
1369,FALSE,FALSE,TRUE,FALSE,FALSE,
1370,FALSE,FALSE,TRUE,FALSE,FALSE,
1371,FALSE,FALSE,TRUE,FALSE,FALSE,
1372,TRUE,FALSE,FALSE,FALSE,FALSE,
1373,FALSE,TRUE,FALSE,FALSE,FALSE,
1374,FALSE,TRUE,FALSE,FALSE,FALSE,
1375,FALSE,TRUE,FALSE,FALSE,FALSE,
1376,FALSE,TRUE,FALSE,FALSE,FALSE,
1377,FALSE,TRUE,FALSE,FALSE,FALSE,
1378,FALSE,TRUE,FALSE,FALSE,FALSE,
1379,FALSE,TRUE,FALSE,FALSE,FALSE,
1380,FALSE,TRUE,FALSE,FALSE,FALSE,
1381,FALSE,TRUE,FALSE,FALSE,FALSE,
1382,FALSE,TRUE,FALSE,FALSE,FALSE,
1383,FALSE,TRUE,FALSE,FALSE,FALSE,
1384,FALSE,TRUE,FALSE,FALSE,FALSE,
1385,FALSE,TRUE,FALSE,FALSE,FALSE,
1386,FALSE,TRUE,FALSE,FALSE,FALSE,
1387,FALSE,TRUE,FALSE,FALSE,FALSE,
1388,FALSE,TRUE,FALSE,FALSE,FALSE,
1389,FALSE,TRUE,FALSE,FALSE,FALSE,
1390,FALSE,TRUE,FALSE,FALSE,FALSE,
1391,FALSE,TRUE,FALSE,FALSE,FALSE,
1392,FALSE,TRUE,FALSE,FALSE,FALSE,
1393,FALSE,TRUE,FALSE,FALSE,FALSE,
1394,FALSE,TRUE,FALSE,FALSE,FALSE,
1395,FALSE,TRUE,FALSE,FALSE,FALSE,
1396,FALSE,TRUE,FALSE,FALSE,FALSE,
1397,FALSE,TRUE,FALSE,FALSE,FALSE,
1398,FALSE,TRUE,FALSE,FALSE,FALSE,
1399,FALSE,TRUE,FALSE,FALSE,FALSE,
1400,FALSE,TRUE,FALSE,FALSE,FALSE,
1401,FALSE,TRUE,FALSE,FALSE,FALSE,
1402,FALSE,TRUE,FALSE,FALSE,FALSE,
1403,FALSE,TRUE,FALSE,FALSE,FALSE,
1404,FALSE,TRUE,FALSE,FALSE,FALSE,
1405,FALSE,TRUE,FALSE,FALSE,FALSE,
1406,FALSE,TRUE,FALSE,FALSE,FALSE,
1407,FALSE,TRUE,FALSE,FALSE,FALSE,
1408,FALSE,FALSE,TRUE,FALSE,FALSE,
1409,FALSE,FALSE,TRUE,FALSE,FALSE,
1410,FALSE,FALSE,TRUE,FALSE,FALSE,
1411,FALSE,FALSE,TRUE,FALSE,FALSE,
1412,FALSE,FALSE,TRUE,FALSE,FALSE,
1413,FALSE,FALSE,TRUE,FALSE,FALSE,
1414,FALSE,FALSE,TRUE,FALSE,FALSE,
1415,FALSE,TRUE,FALSE,FALSE,FALSE,
1416,FALSE,TRUE,FALSE,FALSE,FALSE,
1417,FALSE,TRUE,FALSE,FALSE,FALSE,
1418,FALSE,TRUE,FALSE,FALSE,FALSE,
1419,FALSE,FALSE,TRUE,FALSE,FALSE,
1420,FALSE,FALSE,TRUE,FALSE,FALSE,
1421,FALSE,FALSE,TRUE,FALSE,FALSE,
1422,FALSE,FALSE,TRUE,FALSE,FALSE,
1423,FALSE,TRUE,FALSE,FALSE,FALSE,
1424,FALSE,TRUE,FALSE,FALSE,FALSE,
1425,FALSE,TRUE,FALSE,FALSE,FALSE,
1426,FALSE,TRUE,FALSE,FALSE,FALSE,
1427,FALSE,TRUE,FALSE,FALSE,FALSE,
1428,FALSE,FALSE,TRUE,FALSE,FALSE,
1429,FALSE,FALSE,TRUE,FALSE,FALSE,
1430,FALSE,TRUE,FALSE,FALSE,FALSE,
1431,FALSE,TRUE,FALSE,FALSE,FALSE,
1432,FALSE,TRUE,FALSE,FALSE,FALSE,
1433,FALSE,TRUE,FALSE,FALSE,FALSE,
1434,FALSE,TRUE,FALSE,FALSE,FALSE,
1435,FALSE,TRUE,FALSE,FALSE,FALSE,
1436,FALSE,TRUE,FALSE,FALSE,FALSE,
1437,FALSE,TRUE,FALSE,FALSE,FALSE,
1438,FALSE,TRUE,FALSE,FALSE,FALSE,
1439,FALSE,TRUE,FALSE,FALSE,FALSE,
1440,FALSE,TRUE,FALSE,FALSE,FALSE,
1441,FALSE,TRUE,FALSE,FALSE,FALSE,
1442,FALSE,TRUE,FALSE,FALSE,FALSE,
1443,FALSE,TRUE,FALSE,FALSE,FALSE,
1444,FALSE,TRUE,FALSE,FALSE,FALSE,
1445,FALSE,TRUE,FALSE,FALSE,FALSE,
1446,FALSE,TRUE,FALSE,FALSE,FALSE,
1447,FALSE,TRUE,FALSE,FALSE,FALSE,
1448,FALSE,TRUE,FALSE,FALSE,FALSE,
1449,FALSE,FALSE,TRUE,FALSE,FALSE,
1450,FALSE,TRUE,FALSE,FALSE,FALSE,
1451,FALSE,TRUE,FALSE,FALSE,FALSE,
1452,FALSE,TRUE,FALSE,FALSE,FALSE,
1453,FALSE,TRUE,FALSE,FALSE,FALSE,
1454,FALSE,TRUE,FALSE,FALSE,FALSE,
1455,FALSE,TRUE,FALSE,FALSE,FALSE,
1456,FALSE,TRUE,FALSE,FALSE,FALSE,
1457,FALSE,TRUE,FALSE,FALSE,FALSE,
1458,FALSE,FALSE,TRUE,FALSE,FALSE,
1459,FALSE,TRUE,FALSE,FALSE,FALSE,
1460,FALSE,TRUE,FALSE,FALSE,FALSE,
1461,FALSE,TRUE,FALSE,FALSE,FALSE,
1462,FALSE,TRUE,FALSE,FALSE,FALSE,
1463,FALSE,TRUE,FALSE,FALSE,FALSE,
1464,FALSE,TRUE,FALSE,FALSE,FALSE,
1465,FALSE,TRUE,FALSE,FALSE,FALSE,
1466,FALSE,TRUE,FALSE,FALSE,FALSE,
1467,FALSE,TRUE,FALSE,FALSE,FALSE,
1468,FALSE,TRUE,FALSE,FALSE,FALSE,
1469,FALSE,TRUE,FALSE,FALSE,FALSE,
1470,FALSE,TRUE,FALSE,FALSE,FALSE,
1471,FALSE,FALSE,TRUE,FALSE,FALSE,
1472,FALSE,FALSE,TRUE,FALSE,FALSE,
1473,FALSE,FALSE,TRUE,FALSE,FALSE,
1474,FALSE,TRUE,FALSE,FALSE,FALSE,
1475,FALSE,FALSE,TRUE,FALSE,FALSE,
1476,FALSE,FALSE,TRUE,FALSE,FALSE,
1477,FALSE,TRUE,FALSE,FALSE,FALSE,
1478,FALSE,TRUE,FALSE,FALSE,FALSE,
1479,FALSE,TRUE,FALSE,FALSE,FALSE,
1480,FALSE,TRUE,FALSE,FALSE,FALSE,
1481,FALSE,TRUE,FALSE,FALSE,FALSE,
1482,FALSE,TRUE,FALSE,FALSE,FALSE,
1483,FALSE,TRUE,FALSE,FALSE,FALSE,
1484,FALSE,TRUE,FALSE,FALSE,FALSE,
1485,FALSE,TRUE,FALSE,FALSE,FALSE,
1486,FALSE,FALSE,TRUE,FALSE,FALSE,
1487,FALSE,TRUE,FALSE,FALSE,FALSE,
1488,FALSE,FALSE,TRUE,FALSE,FALSE,
1489,FALSE,TRUE,FALSE,FALSE,FALSE,
1490,FALSE,TRUE,FALSE,FALSE,FALSE,
1491,TRUE,FALSE,FALSE,FALSE,FALSE,
1492,FALSE,FALSE,TRUE,FALSE,FALSE,
1493,FALSE,FALSE,TRUE,FALSE,FALSE,
1494,TRUE,FALSE,FALSE,FALSE,FALSE,
1495,TRUE,FALSE,FALSE,FALSE,FALSE,
1496,FALSE,FALSE,TRUE,FALSE,FALSE,
1497,FALSE,FALSE,TRUE,FALSE,FALSE,
1498,FALSE,TRUE,FALSE,FALSE,FALSE,
1499,FALSE,TRUE,FALSE,FALSE,FALSE,
1500,FALSE,TRUE,FALSE,FALSE,FALSE,
1501,FALSE,TRUE,FALSE,FALSE,FALSE,
1502,FALSE,TRUE,FALSE,FALSE,FALSE,
1503,FALSE,TRUE,FALSE,FALSE,FALSE,
1504,FALSE,TRUE,FALSE,FALSE,FALSE,
1505,FALSE,FALSE,TRUE,FALSE,FALSE,
1506,FALSE,FALSE,TRUE,FALSE,FALSE,
1507,FALSE,TRUE,FALSE,FALSE,FALSE,
1508,FALSE,TRUE,FALSE,FALSE,FALSE,
1509,FALSE,TRUE,FALSE,FALSE,FALSE,
1510,FALSE,TRUE,FALSE,FALSE,FALSE,
1511,FALSE,TRUE,FALSE,FALSE,FALSE,
1512,FALSE,TRUE,FALSE,FALSE,FALSE,
1513,FALSE,TRUE,FALSE,FALSE,FALSE,
1514,FALSE,TRUE,FALSE,FALSE,FALSE,
1515,FALSE,TRUE,FALSE,FALSE,FALSE,
1516,FALSE,TRUE,FALSE,FALSE,FALSE,
1517,FALSE,FALSE,TRUE,FALSE,FALSE,
1518,FALSE,FALSE,TRUE,FALSE,FALSE,
1519,FALSE,FALSE,TRUE,FALSE,FALSE,
1520,FALSE,TRUE,FALSE,FALSE,FALSE,
1521,FALSE,TRUE,FALSE,FALSE,FALSE,
1522,FALSE,TRUE,FALSE,FALSE,FALSE,
1523,FALSE,FALSE,TRUE,FALSE,FALSE,
1524,FALSE,TRUE,FALSE,FALSE,FALSE,
1525,FALSE,TRUE,FALSE,FALSE,FALSE,
1526,FALSE,TRUE,FALSE,FALSE,FALSE,
1527,FALSE,FALSE,TRUE,FALSE,FALSE,
1528,FALSE,TRUE,FALSE,FALSE,FALSE,
1529,FALSE,TRUE,FALSE,FALSE,FALSE,
1530,FALSE,TRUE,FALSE,FALSE,FALSE,
1531,FALSE,TRUE,FALSE,FALSE,FALSE,
1532,FALSE,FALSE,TRUE,FALSE,FALSE,
1533,FALSE,FALSE,TRUE,FALSE,FALSE,
1534,FALSE,TRUE,FALSE,FALSE,FALSE,
1535,FALSE,TRUE,FALSE,FALSE,FALSE,
1536,FALSE,TRUE,FALSE,FALSE,FALSE,
1537,FALSE,TRUE,FALSE,FALSE,FALSE,
1538,FALSE,TRUE,FALSE,FALSE,FALSE,
1539,FALSE,TRUE,FALSE,FALSE,FALSE,
1540,FALSE,TRUE,FALSE,FALSE,FALSE,
1541,FALSE,TRUE,FALSE,FALSE,FALSE,
1542,FALSE,FALSE,TRUE,FALSE,FALSE,
1543,FALSE,TRUE,FALSE,FALSE,FALSE,
1544,TRUE,FALSE,FALSE,FALSE,FALSE,
1545,FALSE,TRUE,FALSE,FALSE,FALSE,
1546,FALSE,TRUE,FALSE,FALSE,FALSE,
1547,FALSE,FALSE,TRUE,FALSE,FALSE,
1548,FALSE,FALSE,TRUE,FALSE,FALSE,
1549,FALSE,FALSE,TRUE,FALSE,FALSE,
1550,FALSE,FALSE,TRUE,FALSE,FALSE,
1551,FALSE,FALSE,TRUE,FALSE,FALSE,
1552,FALSE,FALSE,TRUE,FALSE,FALSE,
1553,FALSE,TRUE,FALSE,FALSE,FALSE,
1554,FALSE,TRUE,FALSE,FALSE,FALSE,
1555,FALSE,TRUE,FALSE,FALSE,FALSE,
1556,FALSE,TRUE,FALSE,FALSE,FALSE,
1557,FALSE,TRUE,FALSE,FALSE,FALSE,
1558,FALSE,TRUE,FALSE,FALSE,FALSE,
1559,TRUE,FALSE,FALSE,FALSE,FALSE,
1560,FALSE,TRUE,FALSE,FALSE,FALSE,
1561,FALSE,TRUE,FALSE,FALSE,FALSE,
1562,FALSE,TRUE,FALSE,FALSE,FALSE,
1563,FALSE,TRUE,FALSE,FALSE,FALSE,
1564,FALSE,TRUE,FALSE,FALSE,FALSE,
1565,FALSE,TRUE,FALSE,FALSE,FALSE,
1566,FALSE,TRUE,FALSE,FALSE,FALSE,
1567,FALSE,TRUE,FALSE,FALSE,FALSE,
1568,FALSE,TRUE,FALSE,FALSE,FALSE,
1569,FALSE,TRUE,FALSE,FALSE,FALSE,
1570,FALSE,TRUE,FALSE,FALSE,FALSE,
1571,FALSE,TRUE,FALSE,FALSE,FALSE,
1572,FALSE,TRUE,FALSE,FALSE,FALSE,
1573,FALSE,TRUE,FALSE,FALSE,FALSE,
1574,FALSE,TRUE,FALSE,FALSE,FALSE,
1575,FALSE,TRUE,FALSE,FALSE,FALSE,
1576,FALSE,TRUE,FALSE,FALSE,FALSE,
1577,FALSE,TRUE,FALSE,FALSE,FALSE,
1578,FALSE,FALSE,TRUE,FALSE,FALSE,
1579,FALSE,TRUE,FALSE,FALSE,FALSE,
1580,FALSE,TRUE,FALSE,FALSE,FALSE,
1581,FALSE,TRUE,FALSE,FALSE,FALSE,
1582,FALSE,FALSE,TRUE,FALSE,FALSE,
1583,FALSE,TRUE,FALSE,FALSE,FALSE,
1584,FALSE,TRUE,FALSE,FALSE,FALSE,
1585,FALSE,TRUE,FALSE,FALSE,FALSE,
1586,FALSE,FALSE,TRUE,FALSE,FALSE,
1587,FALSE,TRUE,FALSE,FALSE,FALSE,
1588,FALSE,FALSE,TRUE,FALSE,FALSE,
1589,FALSE,TRUE,FALSE,FALSE,FALSE,
1590,FALSE,TRUE,FALSE,FALSE,FALSE,
1591,FALSE,TRUE,FALSE,FALSE,FALSE,
1592,FALSE,FALSE,TRUE,FALSE,FALSE,
1593,FALSE,FALSE,TRUE,FALSE,FALSE,
1594,FALSE,TRUE,FALSE,FALSE,FALSE,
1595,FALSE,TRUE,FALSE,FALSE,FALSE,
1596,FALSE,TRUE,FALSE,FALSE,FALSE,
1597,FALSE,FALSE,TRUE,FALSE,FALSE,
1598,TRUE,FALSE,FALSE,FALSE,FALSE,
1599,FALSE,TRUE,FALSE,FALSE,FALSE,
1600,FALSE,TRUE,FALSE,FALSE,FALSE,
1601,FALSE,TRUE,FALSE,FALSE,FALSE,
1602,FALSE,TRUE,FALSE,FALSE,FALSE,
1603,FALSE,TRUE,FALSE,FALSE,FALSE,
1604,FALSE,TRUE,FALSE,FALSE,FALSE,
1605,FALSE,TRUE,FALSE,FALSE,FALSE,
1606,FALSE,TRUE,FALSE,FALSE,FALSE,
1607,FALSE,TRUE,FALSE,FALSE,FALSE,
1608,FALSE,TRUE,FALSE,FALSE,FALSE,
1609,FALSE,TRUE,FALSE,FALSE,FALSE,
1610,FALSE,TRUE,FALSE,FALSE,FALSE,
1611,FALSE,TRUE,FALSE,FALSE,FALSE,
1612,FALSE,TRUE,FALSE,FALSE,FALSE,
1613,FALSE,TRUE,FALSE,FALSE,FALSE,
1614,FALSE,TRUE,FALSE,FALSE,FALSE,
1615,FALSE,TRUE,FALSE,FALSE,FALSE,
1616,FALSE,TRUE,FALSE,FALSE,FALSE,
1617,FALSE,TRUE,FALSE,FALSE,FALSE,
1618,FALSE,TRUE,FALSE,FALSE,FALSE,
1619,FALSE,TRUE,FALSE,FALSE,FALSE,
1620,FALSE,TRUE,FALSE,FALSE,FALSE,
1621,FALSE,TRUE,FALSE,FALSE,FALSE,
1622,FALSE,TRUE,FALSE,FALSE,FALSE,
1623,FALSE,TRUE,FALSE,FALSE,FALSE,
1624,FALSE,TRUE,FALSE,FALSE,FALSE,
1625,FALSE,TRUE,FALSE,FALSE,FALSE,
1626,FALSE,TRUE,FALSE,FALSE,FALSE,
1627,FALSE,TRUE,FALSE,FALSE,FALSE,
1628,FALSE,TRUE,FALSE,FALSE,FALSE,
1629,FALSE,TRUE,FALSE,FALSE,FALSE,
1630,FALSE,TRUE,FALSE,FALSE,FALSE,
1631,FALSE,TRUE,FALSE,FALSE,FALSE,
1632,FALSE,TRUE,FALSE,FALSE,FALSE,
1633,FALSE,TRUE,FALSE,FALSE,FALSE,
1634,FALSE,TRUE,FALSE,FALSE,FALSE,
1635,FALSE,TRUE,FALSE,FALSE,FALSE,
1636,FALSE,TRUE,FALSE,FALSE,FALSE,
1637,FALSE,TRUE,FALSE,FALSE,FALSE,
1638,FALSE,TRUE,FALSE,FALSE,FALSE,
1639,FALSE,TRUE,FALSE,FALSE,FALSE,
1640,FALSE,TRUE,FALSE,FALSE,FALSE,
1641,FALSE,TRUE,FALSE,FALSE,FALSE,
1642,FALSE,TRUE,FALSE,FALSE,FALSE,
1643,FALSE,TRUE,FALSE,FALSE,FALSE,
1644,FALSE,TRUE,FALSE,FALSE,FALSE,
1645,FALSE,TRUE,FALSE,FALSE,FALSE,
1646,FALSE,TRUE,FALSE,FALSE,FALSE,
1647,FALSE,TRUE,FALSE,FALSE,FALSE,
1648,FALSE,TRUE,FALSE,FALSE,FALSE,
1649,FALSE,FALSE,TRUE,FALSE,FALSE,
1650,FALSE,FALSE,TRUE,FALSE,FALSE,
1651,FALSE,FALSE,TRUE,FALSE,FALSE,
1652,FALSE,FALSE,TRUE,FALSE,FALSE,
1653,FALSE,FALSE,TRUE,FALSE,FALSE,
1654,FALSE,TRUE,FALSE,FALSE,FALSE,
1655,FALSE,TRUE,FALSE,FALSE,FALSE,
1656,FALSE,TRUE,FALSE,FALSE,FALSE,
1657,FALSE,TRUE,FALSE,FALSE,FALSE,
1658,FALSE,TRUE,FALSE,FALSE,FALSE,
1659,FALSE,TRUE,FALSE,FALSE,FALSE,
1660,TRUE,FALSE,FALSE,FALSE,FALSE,
1661,TRUE,FALSE,FALSE,FALSE,FALSE,
1662,TRUE,FALSE,FALSE,FALSE,FALSE,
1663,TRUE,FALSE,FALSE,FALSE,FALSE,
1664,TRUE,FALSE,FALSE,FALSE,FALSE,
1665,TRUE,FALSE,FALSE,FALSE,FALSE,
1666,TRUE,FALSE,FALSE,FALSE,FALSE,
1667,FALSE,TRUE,FALSE,FALSE,FALSE,
1668,FALSE,TRUE,FALSE,FALSE,FALSE,
1669,FALSE,TRUE,FALSE,FALSE,FALSE,
1670,FALSE,TRUE,FALSE,FALSE,FALSE,
1671,FALSE,TRUE,FALSE,FALSE,FALSE,
1672,FALSE,TRUE,FALSE,FALSE,FALSE,
1673,FALSE,TRUE,FALSE,FALSE,FALSE,
1674,FALSE,TRUE,FALSE,FALSE,FALSE,
1675,FALSE,TRUE,FALSE,FALSE,FALSE,
1676,FALSE,TRUE,FALSE,FALSE,FALSE,
1677,FALSE,TRUE,FALSE,FALSE,FALSE,
1678,FALSE,TRUE,FALSE,FALSE,FALSE,
1679,FALSE,TRUE,FALSE,FALSE,FALSE,
1680,FALSE,TRUE,FALSE,FALSE,FALSE,
1681,FALSE,TRUE,FALSE,FALSE,FALSE,
1682,TRUE,FALSE,FALSE,FALSE,FALSE,
1683,TRUE,FALSE,FALSE,FALSE,FALSE,
1684,FALSE,FALSE,TRUE,FALSE,FALSE,
1685,FALSE,FALSE,TRUE,FALSE,FALSE,
1686,FALSE,FALSE,TRUE,FALSE,FALSE,
1687,FALSE,FALSE,TRUE,FALSE,FALSE,
1688,FALSE,FALSE,TRUE,FALSE,FALSE,
1689,TRUE,FALSE,FALSE,FALSE,FALSE,
1690,FALSE,FALSE,TRUE,FALSE,FALSE,
1691,FALSE,FALSE,TRUE,FALSE,FALSE,
1692,FALSE,TRUE,FALSE,FALSE,FALSE,
1693,FALSE,TRUE,FALSE,FALSE,FALSE,
1694,TRUE,FALSE,FALSE,FALSE,FALSE,
1695,FALSE,FALSE,TRUE,FALSE,FALSE,
1696,FALSE,TRUE,FALSE,FALSE,FALSE,
1697,FALSE,TRUE,FALSE,FALSE,FALSE,
1698,TRUE,FALSE,FALSE,FALSE,FALSE,
1699,FALSE,FALSE,TRUE,FALSE,FALSE,
1700,FALSE,FALSE,TRUE,FALSE,FALSE,
1701,FALSE,FALSE,TRUE,FALSE,FALSE,
1702,FALSE,FALSE,TRUE,FALSE,FALSE,
1703,FALSE,FALSE,TRUE,FALSE,FALSE,
1704,FALSE,FALSE,TRUE,FALSE,FALSE,
1705,FALSE,FALSE,TRUE,FALSE,FALSE,
1706,FALSE,FALSE,TRUE,FALSE,FALSE,
1707,FALSE,TRUE,FALSE,FALSE,FALSE,
1708,FALSE,FALSE,TRUE,FALSE,FALSE,
1709,FALSE,TRUE,FALSE,FALSE,FALSE,
1710,FALSE,FALSE,TRUE,FALSE,FALSE,
1711,FALSE,FALSE,TRUE,FALSE,FALSE,
1712,FALSE,TRUE,FALSE,FALSE,FALSE,
1713,FALSE,TRUE,FALSE,FALSE,FALSE,
1714,FALSE,TRUE,FALSE,FALSE,FALSE,
1715,FALSE,FALSE,TRUE,FALSE,FALSE,
1716,FALSE,FALSE,TRUE,FALSE,FALSE,
1717,TRUE,FALSE,FALSE,FALSE,FALSE,
1718,TRUE,FALSE,FALSE,FALSE,FALSE,
1719,FALSE,TRUE,FALSE,FALSE,FALSE,
1720,FALSE,TRUE,FALSE,FALSE,FALSE,
1721,FALSE,TRUE,FALSE,FALSE,FALSE,
1722,TRUE,FALSE,FALSE,FALSE,FALSE,
1723,FALSE,TRUE,FALSE,FALSE,FALSE,
1724,FALSE,TRUE,FALSE,FALSE,FALSE,
1725,FALSE,TRUE,FALSE,FALSE,FALSE,
1726,FALSE,TRUE,FALSE,FALSE,FALSE,
1727,FALSE,TRUE,FALSE,FALSE,FALSE,
1728,FALSE,TRUE,FALSE,FALSE,FALSE,
1729,FALSE,TRUE,FALSE,FALSE,FALSE,
1730,FALSE,TRUE,FALSE,FALSE,FALSE,
1731,TRUE,FALSE,FALSE,FALSE,FALSE,
1732,FALSE,FALSE,TRUE,FALSE,FALSE,
1733,FALSE,FALSE,TRUE,FALSE,FALSE,
1734,FALSE,FALSE,TRUE,FALSE,FALSE,
1735,FALSE,TRUE,FALSE,FALSE,TRUE,
1736,FALSE,TRUE,FALSE,FALSE,FALSE,
1737,FALSE,TRUE,FALSE,FALSE,FALSE,
1738,FALSE,TRUE,FALSE,FALSE,FALSE,
1739,FALSE,TRUE,FALSE,FALSE,FALSE,
1740,FALSE,TRUE,FALSE,FALSE,FALSE,
1741,FALSE,TRUE,FALSE,FALSE,FALSE,
1742,FALSE,TRUE,FALSE,FALSE,FALSE,
1743,FALSE,TRUE,FALSE,FALSE,FALSE,
1744,FALSE,TRUE,FALSE,FALSE,FALSE,
1745,FALSE,TRUE,FALSE,FALSE,FALSE,
1746,FALSE,TRUE,FALSE,FALSE,FALSE,
1747,FALSE,TRUE,FALSE,FALSE,FALSE,
1748,FALSE,TRUE,FALSE,FALSE,FALSE,
1749,FALSE,TRUE,FALSE,FALSE,FALSE,
1750,FALSE,TRUE,FALSE,FALSE,FALSE,
1751,FALSE,TRUE,FALSE,FALSE,FALSE,
1752,FALSE,TRUE,FALSE,FALSE,FALSE,
1753,FALSE,TRUE,FALSE,FALSE,FALSE,
1754,FALSE,TRUE,FALSE,FALSE,FALSE,
1755,FALSE,TRUE,FALSE,FALSE,FALSE,
1756,FALSE,TRUE,FALSE,FALSE,FALSE,
1757,FALSE,TRUE,FALSE,FALSE,FALSE,
1758,FALSE,FALSE,TRUE,FALSE,FALSE,
1759,FALSE,TRUE,FALSE,FALSE,FALSE,
1760,FALSE,TRUE,FALSE,FALSE,FALSE,
1761,FALSE,TRUE,FALSE,FALSE,FALSE,
1762,FALSE,FALSE,TRUE,FALSE,FALSE,
1763,TRUE,FALSE,FALSE,FALSE,FALSE,
1764,FALSE,TRUE,FALSE,FALSE,FALSE,
1765,FALSE,TRUE,FALSE,FALSE,FALSE,
1766,FALSE,TRUE,FALSE,FALSE,FALSE,
1767,FALSE,TRUE,FALSE,FALSE,FALSE,
1768,FALSE,TRUE,FALSE,FALSE,FALSE,
1769,FALSE,TRUE,FALSE,FALSE,FALSE,
1770,FALSE,TRUE,FALSE,FALSE,FALSE,
1771,FALSE,TRUE,FALSE,FALSE,FALSE,
1772,FALSE,TRUE,FALSE,FALSE,FALSE,
1773,FALSE,TRUE,FALSE,FALSE,FALSE,
1774,FALSE,TRUE,FALSE,FALSE,FALSE,
1775,FALSE,TRUE,FALSE,FALSE,FALSE,
1776,FALSE,TRUE,FALSE,FALSE,FALSE,
1777,FALSE,TRUE,FALSE,FALSE,FALSE,
1778,FALSE,TRUE,FALSE,FALSE,FALSE,
1779,FALSE,TRUE,FALSE,FALSE,FALSE,
1780,FALSE,TRUE,FALSE,FALSE,FALSE,
1781,FALSE,TRUE,FALSE,FALSE,FALSE,
1782,FALSE,TRUE,FALSE,FALSE,FALSE,
1783,FALSE,TRUE,FALSE,FALSE,FALSE,
1784,FALSE,TRUE,FALSE,FALSE,FALSE,
1785,FALSE,TRUE,FALSE,FALSE,FALSE,
1786,FALSE,TRUE,FALSE,FALSE,FALSE,
1787,FALSE,TRUE,FALSE,FALSE,FALSE,
1788,FALSE,TRUE,FALSE,FALSE,FALSE,
1789,FALSE,TRUE,FALSE,FALSE,FALSE,
1790,FALSE,TRUE,FALSE,FALSE,FALSE,
1791,FALSE,TRUE,FALSE,FALSE,FALSE,
1792,FALSE,TRUE,FALSE,FALSE,FALSE,
1793,FALSE,TRUE,FALSE,FALSE,FALSE,
1794,FALSE,TRUE,FALSE,FALSE,FALSE,
1795,FALSE,TRUE,FALSE,FALSE,FALSE,
1796,FALSE,TRUE,FALSE,FALSE,FALSE,
1797,FALSE,TRUE,FALSE,FALSE,FALSE,
1798,FALSE,TRUE,FALSE,FALSE,FALSE,
1799,FALSE,TRUE,FALSE,FALSE,FALSE,
1800,FALSE,TRUE,FALSE,FALSE,FALSE,
1801,FALSE,TRUE,FALSE,FALSE,FALSE,
1802,FALSE,TRUE,FALSE,FALSE,FALSE,
1803,FALSE,TRUE,FALSE,FALSE,FALSE,
1804,FALSE,TRUE,FALSE,FALSE,FALSE,
1805,FALSE,TRUE,FALSE,FALSE,FALSE,
1806,FALSE,TRUE,FALSE,FALSE,FALSE,
1807,FALSE,TRUE,FALSE,FALSE,FALSE,
1808,FALSE,TRUE,FALSE,FALSE,FALSE,
1809,FALSE,TRUE,FALSE,FALSE,FALSE,
1810,FALSE,TRUE,FALSE,FALSE,FALSE,
1811,FALSE,TRUE,FALSE,FALSE,FALSE,
1812,FALSE,TRUE,FALSE,FALSE,FALSE,
1813,FALSE,TRUE,FALSE,FALSE,FALSE,
1814,FALSE,TRUE,FALSE,FALSE,FALSE,
1815,FALSE,TRUE,FALSE,FALSE,FALSE,
1816,FALSE,TRUE,FALSE,FALSE,FALSE,
1817,FALSE,TRUE,FALSE,FALSE,FALSE,
1818,FALSE,TRUE,FALSE,FALSE,FALSE,
1819,FALSE,TRUE,FALSE,FALSE,FALSE,
1820,FALSE,TRUE,FALSE,FALSE,FALSE,
1821,FALSE,TRUE,FALSE,FALSE,FALSE,
1822,FALSE,TRUE,FALSE,FALSE,FALSE,
1823,FALSE,TRUE,FALSE,FALSE,FALSE,
1824,FALSE,TRUE,FALSE,FALSE,FALSE,
1825,FALSE,TRUE,FALSE,FALSE,FALSE,
1826,FALSE,TRUE,FALSE,FALSE,FALSE,
1827,FALSE,TRUE,FALSE,TRUE,TRUE,reproductive_health
1828,FALSE,TRUE,FALSE,FALSE,FALSE,
1829,FALSE,TRUE,FALSE,FALSE,FALSE,
1830,FALSE,TRUE,FALSE,FALSE,FALSE,
1831,FALSE,TRUE,FALSE,TRUE,TRUE,other_childhood_illnesses
1832,FALSE,TRUE,FALSE,FALSE,FALSE,
1833,FALSE,TRUE,FALSE,FALSE,FALSE,
1834,FALSE,TRUE,FALSE,FALSE,FALSE,
1835,FALSE,TRUE,FALSE,FALSE,FALSE,
1836,FALSE,TRUE,FALSE,FALSE,FALSE,
1837,FALSE,TRUE,FALSE,FALSE,FALSE,
1838,FALSE,TRUE,FALSE,FALSE,FALSE,
1839,FALSE,TRUE,FALSE,FALSE,FALSE,
1840,FALSE,TRUE,FALSE,FALSE,FALSE,
1841,FALSE,TRUE,FALSE,FALSE,FALSE,
1842,FALSE,TRUE,FALSE,FALSE,FALSE,
1843,FALSE,TRUE,FALSE,FALSE,FALSE,
1844,FALSE,TRUE,FALSE,FALSE,FALSE,
1845,FALSE,TRUE,FALSE,FALSE,FALSE,
1846,FALSE,TRUE,FALSE,FALSE,FALSE,
1847,FALSE,TRUE,FALSE,FALSE,FALSE,
1848,FALSE,TRUE,FALSE,FALSE,FALSE,
1849,FALSE,TRUE,FALSE,FALSE,FALSE,
1850,FALSE,FALSE,TRUE,FALSE,FALSE,
1851,FALSE,TRUE,FALSE,FALSE,FALSE,
1852,FALSE,TRUE,FALSE,FALSE,FALSE,
1853,FALSE,TRUE,FALSE,FALSE,FALSE,
1854,FALSE,TRUE,FALSE,FALSE,FALSE,
1855,FALSE,TRUE,FALSE,FALSE,FALSE,
1856,FALSE,TRUE,FALSE,FALSE,FALSE,
1857,FALSE,TRUE,FALSE,FALSE,FALSE,
1858,FALSE,TRUE,FALSE,FALSE,FALSE,
1859,FALSE,TRUE,FALSE,FALSE,FALSE,
1860,FALSE,TRUE,FALSE,FALSE,FALSE,
1861,FALSE,TRUE,FALSE,FALSE,FALSE,
1862,FALSE,TRUE,FALSE,FALSE,FALSE,
1863,FALSE,TRUE,FALSE,FALSE,FALSE,
1864,FALSE,TRUE,FALSE,FALSE,FALSE,
1865,FALSE,TRUE,FALSE,FALSE,FALSE,
1866,FALSE,TRUE,FALSE,FALSE,FALSE,
1867,FALSE,TRUE,FALSE,FALSE,FALSE,
1868,FALSE,TRUE,FALSE,FALSE,FALSE,
1869,FALSE,TRUE,FALSE,FALSE,FALSE,
1870,FALSE,TRUE,FALSE,FALSE,FALSE,
1871,FALSE,TRUE,FALSE,TRUE,FALSE,road_traffic_injuries
1872,FALSE,TRUE,FALSE,FALSE,FALSE,
1873,FALSE,TRUE,FALSE,FALSE,FALSE,
1874,FALSE,TRUE,FALSE,FALSE,FALSE,
1875,FALSE,TRUE,FALSE,FALSE,FALSE,
1876,FALSE,TRUE,FALSE,FALSE,FALSE,
1877,FALSE,TRUE,FALSE,FALSE,FALSE,
1878,FALSE,TRUE,FALSE,FALSE,FALSE,
1879,FALSE,TRUE,FALSE,FALSE,FALSE,
1880,FALSE,TRUE,FALSE,FALSE,FALSE,
1881,FALSE,TRUE,FALSE,FALSE,FALSE,
1882,FALSE,TRUE,FALSE,FALSE,FALSE,
1883,FALSE,TRUE,FALSE,FALSE,FALSE,
1884,FALSE,TRUE,FALSE,FALSE,FALSE,
1885,FALSE,TRUE,FALSE,FALSE,FALSE,
1886,FALSE,TRUE,FALSE,FALSE,FALSE,
1887,FALSE,TRUE,FALSE,FALSE,FALSE,
1888,FALSE,TRUE,FALSE,FALSE,FALSE,
1889,FALSE,TRUE,FALSE,FALSE,FALSE,
1890,FALSE,TRUE,FALSE,FALSE,FALSE,
1891,FALSE,TRUE,FALSE,FALSE,FALSE,
1892,FALSE,TRUE,FALSE,FALSE,FALSE,
1893,FALSE,TRUE,FALSE,FALSE,FALSE,
1894,FALSE,TRUE,FALSE,FALSE,FALSE,
1895,FALSE,TRUE,FALSE,FALSE,FALSE,
1896,FALSE,TRUE,FALSE,FALSE,FALSE,
1897,FALSE,TRUE,FALSE,FALSE,FALSE,
1898,FALSE,TRUE,FALSE,FALSE,FALSE,
1899,FALSE,FALSE,TRUE,FALSE,FALSE,
1900,FALSE,FALSE,TRUE,FALSE,FALSE,
1901,FALSE,FALSE,TRUE,FALSE,FALSE,
1902,FALSE,FALSE,TRUE,TRUE,FALSE,
1903,FALSE,FALSE,TRUE,FALSE,FALSE,
1904,FALSE,FALSE,TRUE,FALSE,FALSE,
1905,FALSE,FALSE,TRUE,FALSE,FALSE,
1906,FALSE,FALSE,TRUE,FALSE,FALSE,
1907,FALSE,FALSE,TRUE,FALSE,FALSE,
1908,FALSE,FALSE,TRUE,FALSE,FALSE,
1909,FALSE,FALSE,TRUE,FALSE,FALSE,
1910,FALSE,FALSE,TRUE,FALSE,FALSE,
1911,FALSE,FALSE,TRUE,FALSE,FALSE,
1912,FALSE,FALSE,TRUE,FALSE,FALSE,
1913,FALSE,FALSE,TRUE,FALSE,FALSE,
1914,FALSE,FALSE,TRUE,FALSE,FALSE,
1915,FALSE,FALSE,TRUE,FALSE,FALSE,
1916,FALSE,FALSE,TRUE,FALSE,FALSE,
1917,FALSE,FALSE,TRUE,FALSE,FALSE,
1918,FALSE,FALSE,TRUE,FALSE,FALSE,
1919,FALSE,FALSE,TRUE,FALSE,FALSE,
1920,FALSE,FALSE,TRUE,FALSE,FALSE,
1921,FALSE,FALSE,TRUE,FALSE,FALSE,
1922,FALSE,FALSE,TRUE,FALSE,FALSE,
1923,FALSE,FALSE,TRUE,FALSE,FALSE,
1924,FALSE,FALSE,TRUE,FALSE,FALSE,
1925,FALSE,FALSE,TRUE,FALSE,FALSE,
1926,FALSE,FALSE,TRUE,FALSE,FALSE,
1927,FALSE,FALSE,TRUE,FALSE,FALSE,
1928,FALSE,FALSE,TRUE,FALSE,FALSE,
1929,FALSE,FALSE,TRUE,FALSE,FALSE,
1930,FALSE,FALSE,TRUE,FALSE,FALSE,
1931,FALSE,FALSE,TRUE,FALSE,FALSE,
1932,FALSE,FALSE,TRUE,FALSE,FALSE,
1933,FALSE,FALSE,TRUE,FALSE,FALSE,
1934,FALSE,FALSE,TRUE,FALSE,FALSE,
1935,FALSE,FALSE,TRUE,FALSE,FALSE,
1936,FALSE,FALSE,TRUE,FALSE,FALSE,
1937,FALSE,FALSE,TRUE,FALSE,FALSE,
1938,FALSE,FALSE,TRUE,FALSE,FALSE,
1939,FALSE,FALSE,TRUE,FALSE,FALSE,
1940,FALSE,FALSE,TRUE,FALSE,FALSE,
1941,FALSE,FALSE,TRUE,FALSE,FALSE,
1942,FALSE,FALSE,TRUE,FALSE,FALSE,
1943,FALSE,FALSE,TRUE,FALSE,FALSE,
1944,FALSE,FALSE,TRUE,FALSE,FALSE,
1945,FALSE,FALSE,TRUE,FALSE,FALSE,
1946,FALSE,FALSE,TRUE,FALSE,FALSE,
1947,FALSE,FALSE,TRUE,FALSE,FALSE,
1948,FALSE,FALSE,TRUE,FALSE,FALSE,
1949,FALSE,FALSE,TRUE,FALSE,FALSE,
1950,FALSE,FALSE,TRUE,FALSE,FALSE,
1951,FALSE,FALSE,TRUE,FALSE,FALSE,
1952,FALSE,FALSE,TRUE,FALSE,FALSE,
1953,FALSE,FALSE,TRUE,FALSE,FALSE,
1954,FALSE,FALSE,TRUE,FALSE,FALSE,
1955,FALSE,FALSE,TRUE,FALSE,FALSE,
1956,FALSE,FALSE,TRUE,FALSE,FALSE,
1957,FALSE,FALSE,TRUE,FALSE,FALSE,
1958,FALSE,FALSE,TRUE,FALSE,FALSE,
1959,FALSE,FALSE,TRUE,FALSE,FALSE,
1960,FALSE,FALSE,TRUE,FALSE,FALSE,
1961,FALSE,FALSE,TRUE,FALSE,FALSE,
1962,FALSE,FALSE,TRUE,FALSE,FALSE,
1963,FALSE,FALSE,TRUE,FALSE,FALSE,
1964,FALSE,FALSE,TRUE,FALSE,FALSE,
1965,FALSE,FALSE,TRUE,FALSE,FALSE,
1966,FALSE,FALSE,TRUE,FALSE,FALSE,
1967,FALSE,FALSE,TRUE,FALSE,FALSE,
1968,FALSE,FALSE,TRUE,FALSE,FALSE,
1969,FALSE,FALSE,TRUE,FALSE,FALSE,
1970,FALSE,FALSE,TRUE,FALSE,FALSE,
1971,FALSE,FALSE,TRUE,FALSE,FALSE,
1972,FALSE,FALSE,TRUE,FALSE,FALSE,
1973,FALSE,FALSE,TRUE,FALSE,FALSE,
1974,FALSE,FALSE,TRUE,FALSE,FALSE,
1975,FALSE,FALSE,TRUE,FALSE,FALSE,
1976,FALSE,FALSE,TRUE,FALSE,FALSE,
1977,FALSE,FALSE,TRUE,FALSE,FALSE,
1978,FALSE,FALSE,TRUE,FALSE,FALSE,
1979,FALSE,FALSE,TRUE,FALSE,FALSE,
1980,FALSE,FALSE,TRUE,FALSE,FALSE,
1981,FALSE,FALSE,TRUE,FALSE,FALSE,
1982,FALSE,FALSE,TRUE,FALSE,FALSE,
1983,FALSE,FALSE,TRUE,FALSE,FALSE,
1984,FALSE,FALSE,TRUE,FALSE,FALSE,
1985,FALSE,FALSE,TRUE,FALSE,FALSE,
1986,FALSE,FALSE,TRUE,FALSE,FALSE,
1987,TRUE,FALSE,FALSE,FALSE,FALSE,
1988,FALSE,FALSE,TRUE,FALSE,FALSE,
1989,TRUE,FALSE,FALSE,FALSE,FALSE,
1990,TRUE,FALSE,FALSE,FALSE,FALSE,
1991,TRUE,FALSE,FALSE,FALSE,FALSE,
1992,TRUE,FALSE,FALSE,FALSE,FALSE,
1993,TRUE,FALSE,FALSE,FALSE,FALSE,
1994,TRUE,FALSE,FALSE,FALSE,FALSE,
1995,TRUE,FALSE,FALSE,FALSE,FALSE,
1996,FALSE,FALSE,TRUE,FALSE,FALSE,
1997,FALSE,TRUE,FALSE,FALSE,FALSE,
1998,FALSE,TRUE,FALSE,FALSE,FALSE,
1999,FALSE,TRUE,FALSE,FALSE,FALSE,
2000,FALSE,TRUE,FALSE,FALSE,FALSE,
2001,FALSE,FALSE,TRUE,FALSE,FALSE,
2002,FALSE,TRUE,FALSE,FALSE,FALSE,
2003,FALSE,TRUE,FALSE,FALSE,FALSE,
2004,TRUE,FALSE,FALSE,FALSE,FALSE,
2005,FALSE,FALSE,TRUE,FALSE,FALSE,
2006,FALSE,TRUE,FALSE,FALSE,FALSE,
2007,FALSE,TRUE,FALSE,FALSE,FALSE,
2008,TRUE,FALSE,FALSE,FALSE,FALSE,reproductive_health
2009,FALSE,FALSE,TRUE,FALSE,FALSE,
2010,FALSE,FALSE,TRUE,FALSE,FALSE,
2011,FALSE,FALSE,TRUE,FALSE,FALSE,
2012,FALSE,FALSE,TRUE,FALSE,FALSE,
2013,FALSE,FALSE,TRUE,FALSE,FALSE,
2014,FALSE,FALSE,TRUE,FALSE,FALSE,
2015,FALSE,FALSE,TRUE,FALSE,FALSE,
2016,TRUE,FALSE,FALSE,FALSE,FALSE,
2017,FALSE,TRUE,FALSE,FALSE,FALSE,
2018,FALSE,TRUE,FALSE,FALSE,FALSE,
2019,TRUE,FALSE,FALSE,FALSE,FALSE,
2020,FALSE,TRUE,FALSE,FALSE,FALSE,
2021,FALSE,TRUE,FALSE,FALSE,FALSE,
2022,FALSE,TRUE,FALSE,FALSE,FALSE,
2023,FALSE,TRUE,FALSE,FALSE,FALSE,
2024,FALSE,FALSE,TRUE,FALSE,FALSE,
2025,FALSE,FALSE,TRUE,FALSE,FALSE,
2026,FALSE,FALSE,TRUE,FALSE,FALSE,
2027,FALSE,TRUE,FALSE,FALSE,FALSE,
2028,FALSE,TRUE,FALSE,FALSE,FALSE,
2029,FALSE,TRUE,FALSE,FALSE,FALSE,
2030,FALSE,TRUE,FALSE,FALSE,FALSE,
2031,FALSE,FALSE,TRUE,FALSE,FALSE,
2032,FALSE,FALSE,TRUE,FALSE,FALSE,
2033,FALSE,FALSE,TRUE,FALSE,FALSE,
2034,FALSE,FALSE,TRUE,FALSE,FALSE,
2035,FALSE,FALSE,TRUE,FALSE,FALSE,
2036,FALSE,FALSE,TRUE,FALSE,FALSE,
2037,FALSE,FALSE,TRUE,FALSE,FALSE,
2038,FALSE,FALSE,TRUE,FALSE,FALSE,
2039,FALSE,FALSE,TRUE,FALSE,FALSE,
2040,FALSE,FALSE,TRUE,FALSE,FALSE,
2041,FALSE,FALSE,TRUE,FALSE,FALSE,
2042,FALSE,TRUE,FALSE,FALSE,FALSE,
2043,FALSE,TRUE,FALSE,FALSE,FALSE,
2044,FALSE,TRUE,FALSE,FALSE,FALSE,
2045,FALSE,TRUE,FALSE,FALSE,FALSE,
2046,FALSE,TRUE,FALSE,FALSE,FALSE,
2047,FALSE,TRUE,FALSE,FALSE,FALSE,
2048,FALSE,TRUE,FALSE,FALSE,FALSE,
2049,FALSE,TRUE,FALSE,FALSE,FALSE,
2050,FALSE,TRUE,FALSE,FALSE,FALSE,
2051,FALSE,TRUE,FALSE,FALSE,FALSE,
2052,FALSE,TRUE,FALSE,FALSE,FALSE,
2053,FALSE,TRUE,FALSE,FALSE,FALSE,
2054,FALSE,TRUE,FALSE,FALSE,FALSE,
2055,FALSE,TRUE,FALSE,FALSE,FALSE,
2056,FALSE,TRUE,FALSE,FALSE,FALSE,
2057,FALSE,TRUE,FALSE,FALSE,FALSE,
2058,FALSE,TRUE,FALSE,FALSE,FALSE,
2059,FALSE,TRUE,FALSE,FALSE,FALSE,
2060,FALSE,TRUE,FALSE,FALSE,FALSE,
2061,FALSE,TRUE,FALSE,FALSE,FALSE,
2062,FALSE,TRUE,FALSE,FALSE,FALSE,
2063,FALSE,TRUE,FALSE,FALSE,FALSE,
2064,FALSE,TRUE,FALSE,FALSE,FALSE,cardiometabolicdisorders
2065,FALSE,TRUE,FALSE,FALSE,FALSE,
2066,FALSE,TRUE,FALSE,FALSE,FALSE,
2067,FALSE,TRUE,FALSE,FALSE,FALSE,
2068,FALSE,TRUE,FALSE,FALSE,FALSE,
2069,FALSE,TRUE,FALSE,FALSE,FALSE,
2070,FALSE,TRUE,FALSE,FALSE,FALSE,
2071,FALSE,TRUE,FALSE,FALSE,FALSE,
2072,FALSE,TRUE,FALSE,FALSE,FALSE,
2073,FALSE,TRUE,FALSE,FALSE,FALSE,
2074,FALSE,TRUE,FALSE,FALSE,FALSE,
2075,FALSE,TRUE,FALSE,FALSE,FALSE,
2076,FALSE,TRUE,FALSE,FALSE,FALSE,
2077,FALSE,TRUE,FALSE,FALSE,FALSE,
2078,FALSE,TRUE,FALSE,FALSE,FALSE,
2079,FALSE,TRUE,FALSE,FALSE,FALSE,
2080,FALSE,TRUE,FALSE,FALSE,FALSE,
2081,FALSE,TRUE,FALSE,FALSE,FALSE,
2082,FALSE,TRUE,FALSE,FALSE,FALSE,
2083,FALSE,TRUE,FALSE,FALSE,FALSE,
2084,FALSE,TRUE,FALSE,FALSE,FALSE,
2085,FALSE,TRUE,FALSE,FALSE,FALSE,
2086,FALSE,TRUE,FALSE,FALSE,FALSE,
2087,FALSE,TRUE,FALSE,FALSE,FALSE,
2088,FALSE,TRUE,FALSE,FALSE,FALSE,
2089,FALSE,TRUE,FALSE,FALSE,FALSE,
2090,FALSE,TRUE,FALSE,FALSE,FALSE,
2091,FALSE,TRUE,FALSE,FALSE,FALSE,
2092,FALSE,FALSE,TRUE,FALSE,FALSE,
2093,FALSE,FALSE,TRUE,FALSE,FALSE,
2094,FALSE,FALSE,TRUE,FALSE,FALSE,
2095,FALSE,TRUE,FALSE,FALSE,FALSE,
2096,FALSE,FALSE,TRUE,FALSE,FALSE,
2097,FALSE,FALSE,TRUE,FALSE,FALSE,
2098,FALSE,FALSE,TRUE,FALSE,FALSE,
2099,FALSE,FALSE,TRUE,FALSE,FALSE,
2100,FALSE,FALSE,TRUE,FALSE,FALSE,
2101,FALSE,FALSE,TRUE,FALSE,FALSE,
2102,FALSE,FALSE,TRUE,FALSE,FALSE,
2103,FALSE,FALSE,TRUE,FALSE,FALSE,
2104,FALSE,FALSE,TRUE,FALSE,FALSE,
2105,FALSE,FALSE,TRUE,FALSE,FALSE,
2106,FALSE,FALSE,TRUE,FALSE,FALSE,
2107,FALSE,FALSE,TRUE,FALSE,FALSE,
2108,FALSE,FALSE,TRUE,FALSE,FALSE,
2109,FALSE,FALSE,TRUE,FALSE,FALSE,
2110,FALSE,FALSE,TRUE,FALSE,FALSE,
2111,FALSE,FALSE,TRUE,FALSE,FALSE,
2112,FALSE,FALSE,TRUE,FALSE,FALSE,
2113,FALSE,FALSE,TRUE,FALSE,FALSE,
2114,FALSE,FALSE,TRUE,FALSE,FALSE,
2115,FALSE,FALSE,TRUE,FALSE,FALSE,
2116,FALSE,FALSE,TRUE,FALSE,FALSE,
2117,FALSE,FALSE,TRUE,FALSE,FALSE,
2118,FALSE,FALSE,TRUE,FALSE,FALSE,
2119,FALSE,FALSE,TRUE,FALSE,FALSE,
2120,FALSE,FALSE,TRUE,FALSE,FALSE,
2121,FALSE,FALSE,TRUE,FALSE,FALSE,
2122,FALSE,FALSE,TRUE,FALSE,FALSE,
2123,FALSE,FALSE,TRUE,FALSE,FALSE,
2124,FALSE,FALSE,TRUE,FALSE,FALSE,
2125,FALSE,FALSE,TRUE,FALSE,FALSE,
2126,FALSE,FALSE,TRUE,FALSE,FALSE,
2127,FALSE,FALSE,TRUE,FALSE,FALSE,
2128,FALSE,FALSE,TRUE,FALSE,FALSE,
2129,FALSE,FALSE,TRUE,FALSE,FALSE,
2130,FALSE,FALSE,TRUE,FALSE,FALSE,
2131,FALSE,FALSE,TRUE,FALSE,FALSE,
2132,FALSE,FALSE,TRUE,FALSE,FALSE,
2133,FALSE,FALSE,TRUE,FALSE,FALSE,
2134,FALSE,FALSE,TRUE,FALSE,FALSE,
2135,FALSE,FALSE,TRUE,FALSE,FALSE,
2136,TRUE,FALSE,FALSE,FALSE,FALSE,
2137,FALSE,TRUE,FALSE,FALSE,FALSE,
2138,FALSE,TRUE,FALSE,FALSE,FALSE,
2139,FALSE,TRUE,FALSE,FALSE,FALSE,
2140,FALSE,TRUE,FALSE,FALSE,FALSE,
2141,FALSE,TRUE,FALSE,FALSE,FALSE,
2142,FALSE,TRUE,FALSE,FALSE,FALSE,
2143,TRUE,FALSE,FALSE,FALSE,FALSE,
2144,FALSE,TRUE,FALSE,FALSE,FALSE,
2145,TRUE,FALSE,FALSE,FALSE,FALSE,
2146,TRUE,FALSE,FALSE,FALSE,FALSE,
2147,FALSE,TRUE,FALSE,FALSE,FALSE,
2148,FALSE,TRUE,FALSE,FALSE,FALSE,
2149,FALSE,FALSE,TRUE,FALSE,FALSE,
2150,FALSE,FALSE,TRUE,FALSE,FALSE,
2151,TRUE,FALSE,FALSE,FALSE,FALSE,
2152,TRUE,FALSE,FALSE,FALSE,FALSE,
2153,FALSE,TRUE,FALSE,FALSE,FALSE,
2154,TRUE,FALSE,FALSE,FALSE,FALSE,
2155,FALSE,TRUE,FALSE,FALSE,FALSE,
2156,FALSE,TRUE,FALSE,FALSE,FALSE,
2157,TRUE,FALSE,FALSE,FALSE,FALSE,
2158,FALSE,TRUE,FALSE,FALSE,FALSE,
2159,FALSE,TRUE,FALSE,FALSE,FALSE,
2160,FALSE,TRUE,FALSE,FALSE,FALSE,
2161,FALSE,TRUE,FALSE,FALSE,FALSE,
2162,FALSE,FALSE,TRUE,FALSE,FALSE,
2163,FALSE,TRUE,FALSE,FALSE,FALSE,
2164,FALSE,TRUE,FALSE,FALSE,FALSE,
2165,FALSE,TRUE,FALSE,FALSE,FALSE,
2166,FALSE,TRUE,FALSE,FALSE,FALSE,
2167,FALSE,TRUE,FALSE,FALSE,FALSE,
2168,FALSE,TRUE,FALSE,FALSE,FALSE,
2169,TRUE,FALSE,FALSE,FALSE,FALSE,
2170,FALSE,TRUE,FALSE,FALSE,FALSE,
2171,TRUE,FALSE,FALSE,FALSE,FALSE,
2172,FALSE,FALSE,TRUE,FALSE,FALSE,
2173,TRUE,FALSE,FALSE,FALSE,FALSE,
2174,FALSE,TRUE,FALSE,FALSE,FALSE,
2175,FALSE,TRUE,FALSE,FALSE,FALSE,
2176,FALSE,TRUE,FALSE,FALSE,FALSE,
2177,FALSE,TRUE,FALSE,FALSE,FALSE,
2178,FALSE,TRUE,FALSE,FALSE,FALSE,
2179,FALSE,TRUE,FALSE,FALSE,FALSE,
2180,FALSE,TRUE,FALSE,FALSE,FALSE,
2181,FALSE,TRUE,FALSE,FALSE,FALSE,
2182,TRUE,FALSE,FALSE,FALSE,FALSE,
2183,TRUE,FALSE,FALSE,FALSE,FALSE,
2184,TRUE,FALSE,FALSE,FALSE,FALSE,
2185,FALSE,TRUE,FALSE,FALSE,FALSE,
2186,FALSE,TRUE,FALSE,FALSE,FALSE,
2187,FALSE,TRUE,FALSE,FALSE,FALSE,
2188,FALSE,TRUE,FALSE,FALSE,FALSE,
2189,FALSE,TRUE,FALSE,FALSE,FALSE,
2190,FALSE,TRUE,FALSE,FALSE,FALSE,
2191,FALSE,TRUE,FALSE,FALSE,FALSE,
2192,FALSE,FALSE,TRUE,FALSE,FALSE,
2193,FALSE,TRUE,FALSE,FALSE,FALSE,
2194,FALSE,TRUE,FALSE,FALSE,FALSE,
2195,FALSE,TRUE,FALSE,FALSE,FALSE,
2196,FALSE,TRUE,FALSE,FALSE,FALSE,
2197,FALSE,TRUE,FALSE,FALSE,FALSE,
2198,FALSE,FALSE,TRUE,FALSE,FALSE,
2199,FALSE,FALSE,TRUE,FALSE,FALSE,
2200,FALSE,FALSE,TRUE,FALSE,FALSE,
2201,FALSE,FALSE,TRUE,FALSE,FALSE,
2202,FALSE,FALSE,TRUE,FALSE,FALSE,
2203,FALSE,FALSE,TRUE,FALSE,FALSE,
2204,FALSE,FALSE,TRUE,FALSE,FALSE,
2205,FALSE,FALSE,TRUE,FALSE,FALSE,
2206,FALSE,FALSE,TRUE,FALSE,FALSE,
2207,FALSE,FALSE,TRUE,FALSE,FALSE,
2208,FALSE,FALSE,TRUE,FALSE,FALSE,
2209,FALSE,FALSE,TRUE,FALSE,FALSE,
2210,FALSE,FALSE,TRUE,FALSE,FALSE,
2211,FALSE,FALSE,TRUE,FALSE,FALSE,
2212,FALSE,FALSE,TRUE,FALSE,FALSE,
2213,FALSE,FALSE,TRUE,FALSE,FALSE,
2214,FALSE,FALSE,TRUE,FALSE,FALSE,
2215,FALSE,FALSE,TRUE,FALSE,FALSE,
2216,FALSE,FALSE,TRUE,FALSE,FALSE,
2217,FALSE,FALSE,TRUE,FALSE,FALSE,
2218,FALSE,FALSE,TRUE,FALSE,FALSE,
2219,FALSE,FALSE,TRUE,FALSE,FALSE,
2220,FALSE,FALSE,TRUE,FALSE,FALSE,
2221,FALSE,FALSE,TRUE,FALSE,FALSE,
2222,FALSE,FALSE,TRUE,FALSE,FALSE,
2223,FALSE,FALSE,TRUE,FALSE,FALSE,
2224,FALSE,FALSE,TRUE,FALSE,FALSE,
2225,FALSE,FALSE,TRUE,FALSE,FALSE,
2226,FALSE,FALSE,TRUE,FALSE,FALSE,
2227,FALSE,FALSE,TRUE,FALSE,FALSE,
2228,FALSE,FALSE,TRUE,FALSE,FALSE,
2229,FALSE,FALSE,TRUE,FALSE,FALSE,
2230,TRUE,FALSE,FALSE,FALSE,FALSE,
2231,FALSE,FALSE,TRUE,FALSE,FALSE,
2232,FALSE,FALSE,TRUE,FALSE,FALSE,
2233,TRUE,FALSE,FALSE,FALSE,FALSE,
2234,FALSE,FALSE,TRUE,FALSE,FALSE,
2235,FALSE,FALSE,TRUE,FALSE,FALSE,
2236,FALSE,FALSE,TRUE,FALSE,FALSE,
2237,FALSE,FALSE,TRUE,FALSE,FALSE,
2238,FALSE,FALSE,TRUE,FALSE,FALSE,
2239,FALSE,FALSE,TRUE,FALSE,FALSE,
2240,FALSE,FALSE,TRUE,FALSE,FALSE,
2241,FALSE,FALSE,TRUE,FALSE,FALSE,
2242,FALSE,FALSE,TRUE,FALSE,FALSE,
2243,FALSE,FALSE,TRUE,FALSE,FALSE,
2244,FALSE,FALSE,TRUE,FALSE,FALSE,
2245,FALSE,FALSE,TRUE,FALSE,FALSE,
2246,FALSE,FALSE,TRUE,FALSE,FALSE,
2247,FALSE,FALSE,TRUE,FALSE,FALSE,
2248,FALSE,FALSE,TRUE,FALSE,FALSE,
2249,FALSE,FALSE,TRUE,FALSE,FALSE,
2250,FALSE,FALSE,TRUE,FALSE,FALSE,
2251,TRUE,FALSE,FALSE,FALSE,FALSE,
2252,FALSE,FALSE,TRUE,FALSE,FALSE,
2253,FALSE,TRUE,FALSE,FALSE,FALSE,
2254,FALSE,TRUE,FALSE,FALSE,FALSE,
2255,FALSE,TRUE,FALSE,FALSE,FALSE,
2256,FALSE,FALSE,TRUE,FALSE,FALSE,
2257,FALSE,FALSE,TRUE,FALSE,FALSE,
2258,FALSE,FALSE,TRUE,FALSE,FALSE,
2259,FALSE,FALSE,TRUE,FALSE,FALSE,
2260,FALSE,FALSE,TRUE,FALSE,FALSE,
2261,FALSE,FALSE,TRUE,FALSE,FALSE,
2262,FALSE,FALSE,TRUE,FALSE,FALSE,
2263,FALSE,FALSE,TRUE,FALSE,FALSE,
2264,FALSE,FALSE,TRUE,FALSE,FALSE,
2265,FALSE,FALSE,TRUE,FALSE,FALSE,
2266,FALSE,FALSE,TRUE,FALSE,FALSE,
2267,FALSE,FALSE,TRUE,FALSE,FALSE,
2268,FALSE,FALSE,TRUE,FALSE,FALSE,
2269,TRUE,FALSE,FALSE,FALSE,FALSE,
2270,TRUE,FALSE,FALSE,FALSE,FALSE,
2271,FALSE,TRUE,FALSE,FALSE,FALSE,
2272,FALSE,TRUE,FALSE,FALSE,FALSE,
2273,FALSE,TRUE,FALSE,FALSE,FALSE,
2274,FALSE,TRUE,FALSE,FALSE,FALSE,
2275,FALSE,TRUE,FALSE,FALSE,FALSE,
2276,FALSE,FALSE,TRUE,FALSE,FALSE,
2277,FALSE,FALSE,TRUE,FALSE,FALSE,
2278,FALSE,FALSE,TRUE,FALSE,FALSE,
2279,FALSE,FALSE,TRUE,FALSE,FALSE,
2280,FALSE,FALSE,TRUE,FALSE,FALSE,
2281,FALSE,TRUE,FALSE,FALSE,FALSE,
2282,FALSE,TRUE,FALSE,FALSE,FALSE,
2283,FALSE,TRUE,FALSE,FALSE,FALSE,
2284,FALSE,TRUE,FALSE,FALSE,FALSE,
2285,FALSE,TRUE,FALSE,FALSE,FALSE,
2286,FALSE,TRUE,FALSE,FALSE,FALSE,
2287,FALSE,TRUE,FALSE,FALSE,FALSE,
2288,FALSE,TRUE,FALSE,FALSE,FALSE,
2289,FALSE,TRUE,FALSE,FALSE,FALSE,
2290,FALSE,FALSE,TRUE,FALSE,FALSE,
2291,FALSE,FALSE,TRUE,FALSE,FALSE,
2292,FALSE,FALSE,TRUE,FALSE,FALSE,
2293,FALSE,TRUE,FALSE,FALSE,FALSE,
2294,FALSE,TRUE,FALSE,FALSE,FALSE,
2295,FALSE,TRUE,FALSE,FALSE,FALSE,
2296,FALSE,TRUE,FALSE,FALSE,FALSE,
2297,FALSE,FALSE,TRUE,FALSE,FALSE,
2298,FALSE,TRUE,FALSE,FALSE,FALSE,
2299,FALSE,TRUE,FALSE,FALSE,FALSE,
2300,FALSE,TRUE,FALSE,FALSE,FALSE,
2301,FALSE,TRUE,FALSE,FALSE,FALSE,
2302,FALSE,FALSE,TRUE,FALSE,FALSE,
2303,FALSE,FALSE,TRUE,FALSE,FALSE,
2304,FALSE,FALSE,TRUE,FALSE,FALSE,
2305,FALSE,FALSE,TRUE,FALSE,FALSE,
2306,FALSE,FALSE,TRUE,FALSE,FALSE,
2307,FALSE,FALSE,TRUE,FALSE,FALSE,
2308,FALSE,FALSE,TRUE,FALSE,FALSE,
2309,FALSE,FALSE,TRUE,FALSE,FALSE,
2310,FALSE,FALSE,TRUE,FALSE,FALSE,
2311,TRUE,FALSE,FALSE,FALSE,FALSE,
2312,TRUE,FALSE,FALSE,FALSE,FALSE,
2313,FALSE,FALSE,TRUE,FALSE,FALSE,
2314,FALSE,FALSE,TRUE,FALSE,FALSE,
2315,FALSE,FALSE,TRUE,FALSE,FALSE,
2316,FALSE,TRUE,FALSE,FALSE,FALSE,
2317,FALSE,TRUE,FALSE,FALSE,FALSE,
2318,FALSE,TRUE,FALSE,FALSE,FALSE,
2319,FALSE,TRUE,FALSE,FALSE,FALSE,
2320,FALSE,TRUE,FALSE,FALSE,FALSE,
2321,FALSE,TRUE,FALSE,FALSE,FALSE,
2322,FALSE,FALSE,TRUE,FALSE,FALSE,
2323,FALSE,FALSE,TRUE,FALSE,FALSE,
2324,FALSE,FALSE,TRUE,FALSE,FALSE,
2325,FALSE,FALSE,TRUE,FALSE,FALSE,
2326,FALSE,FALSE,TRUE,FALSE,FALSE,
2327,FALSE,FALSE,TRUE,FALSE,FALSE,
2328,FALSE,FALSE,TRUE,FALSE,FALSE,
2329,FALSE,FALSE,TRUE,FALSE,FALSE,
2330,FALSE,FALSE,TRUE,FALSE,FALSE,
2331,FALSE,FALSE,TRUE,FALSE,FALSE,
2332,FALSE,FALSE,TRUE,FALSE,FALSE,
2333,FALSE,FALSE,TRUE,FALSE,FALSE,
2334,FALSE,FALSE,TRUE,FALSE,FALSE,
2335,FALSE,FALSE,TRUE,FALSE,FALSE,
2336,FALSE,FALSE,TRUE,FALSE,FALSE,
2337,FALSE,TRUE,FALSE,FALSE,FALSE,
2338,FALSE,TRUE,FALSE,TRUE,TRUE,road_traffic_injuries
2339,FALSE,FALSE,TRUE,FALSE,FALSE,
2340,FALSE,FALSE,TRUE,FALSE,FALSE,
2341,FALSE,TRUE,FALSE,FALSE,FALSE,
2342,FALSE,TRUE,FALSE,FALSE,FALSE,
2343,FALSE,TRUE,FALSE,FALSE,FALSE,
2344,FALSE,TRUE,FALSE,FALSE,FALSE,
2345,FALSE,TRUE,FALSE,FALSE,FALSE,
2346,FALSE,TRUE,FALSE,FALSE,FALSE,
2347,FALSE,TRUE,FALSE,FALSE,FALSE,
2348,FALSE,TRUE,FALSE,FALSE,FALSE,
2349,FALSE,TRUE,FALSE,FALSE,FALSE,
2350,FALSE,TRUE,FALSE,FALSE,FALSE,
2351,FALSE,TRUE,FALSE,FALSE,FALSE,
2352,FALSE,TRUE,FALSE,FALSE,FALSE,
2353,FALSE,TRUE,FALSE,FALSE,FALSE,
2354,FALSE,FALSE,TRUE,FALSE,FALSE,
2355,FALSE,FALSE,TRUE,FALSE,FALSE,
2356,FALSE,TRUE,FALSE,FALSE,FALSE,
2357,FALSE,TRUE,FALSE,FALSE,FALSE,
2358,FALSE,FALSE,TRUE,FALSE,FALSE,
2359,FALSE,TRUE,FALSE,FALSE,FALSE,
2360,FALSE,TRUE,FALSE,FALSE,FALSE,
2361,FALSE,TRUE,FALSE,FALSE,FALSE,
2362,FALSE,TRUE,FALSE,FALSE,FALSE,
2363,FALSE,TRUE,FALSE,FALSE,FALSE,
2364,FALSE,TRUE,FALSE,FALSE,FALSE,
2365,FALSE,TRUE,FALSE,FALSE,FALSE,
2366,FALSE,TRUE,FALSE,FALSE,FALSE,
2367,FALSE,TRUE,FALSE,FALSE,FALSE,
2368,FALSE,TRUE,FALSE,FALSE,FALSE,
2369,FALSE,FALSE,TRUE,FALSE,FALSE,
2370,FALSE,TRUE,FALSE,FALSE,FALSE,
2371,FALSE,TRUE,FALSE,FALSE,FALSE,
2372,FALSE,FALSE,TRUE,FALSE,FALSE,
2373,FALSE,FALSE,TRUE,FALSE,FALSE,
2374,FALSE,TRUE,FALSE,FALSE,FALSE,
2375,FALSE,TRUE,FALSE,FALSE,FALSE,
2376,FALSE,TRUE,FALSE,FALSE,FALSE,
2377,FALSE,TRUE,FALSE,FALSE,FALSE,
2378,FALSE,FALSE,TRUE,FALSE,FALSE,
2379,FALSE,FALSE,TRUE,FALSE,FALSE,
2380,FALSE,TRUE,FALSE,FALSE,FALSE,
2381,FALSE,TRUE,FALSE,FALSE,FALSE,
2382,FALSE,TRUE,FALSE,FALSE,FALSE,
2383,FALSE,TRUE,FALSE,FALSE,FALSE,
2384,FALSE,TRUE,FALSE,FALSE,FALSE,
2385,TRUE,FALSE,FALSE,FALSE,FALSE,
2386,TRUE,FALSE,FALSE,FALSE,FALSE,
2387,FALSE,TRUE,FALSE,FALSE,FALSE,
2388,FALSE,TRUE,FALSE,FALSE,FALSE,
2389,FALSE,TRUE,FALSE,FALSE,FALSE,
2390,FALSE,TRUE,FALSE,FALSE,FALSE,
2391,FALSE,TRUE,FALSE,FALSE,FALSE,
2392,FALSE,TRUE,FALSE,FALSE,FALSE,
2393,FALSE,TRUE,FALSE,FALSE,FALSE,
2394,FALSE,TRUE,FALSE,FALSE,FALSE,
2395,FALSE,TRUE,FALSE,FALSE,FALSE,
2396,FALSE,TRUE,FALSE,FALSE,FALSE,
2397,TRUE,FALSE,FALSE,FALSE,FALSE,
2398,FALSE,TRUE,FALSE,FALSE,FALSE,
2399,FALSE,TRUE,FALSE,FALSE,FALSE,
2400,FALSE,TRUE,FALSE,FALSE,FALSE,
2401,FALSE,TRUE,FALSE,FALSE,FALSE,
2402,FALSE,TRUE,FALSE,FALSE,FALSE,
2403,FALSE,TRUE,FALSE,FALSE,FALSE,
2404,FALSE,TRUE,FALSE,FALSE,FALSE,
2405,TRUE,FALSE,FALSE,FALSE,FALSE,
2406,FALSE,TRUE,FALSE,FALSE,FALSE,
2407,FALSE,TRUE,FALSE,FALSE,FALSE,
2408,FALSE,TRUE,FALSE,FALSE,FALSE,
2409,FALSE,TRUE,FALSE,FALSE,FALSE,
2410,FALSE,TRUE,FALSE,FALSE,FALSE,
2411,FALSE,TRUE,FALSE,FALSE,FALSE,
2412,FALSE,TRUE,FALSE,FALSE,FALSE,
2413,FALSE,TRUE,FALSE,FALSE,FALSE,
2414,FALSE,TRUE,FALSE,FALSE,FALSE,
2415,FALSE,TRUE,FALSE,FALSE,FALSE,
2416,FALSE,FALSE,TRUE,FALSE,FALSE,
2417,FALSE,TRUE,FALSE,FALSE,FALSE,
2418,FALSE,TRUE,FALSE,FALSE,FALSE,
2419,FALSE,FALSE,TRUE,FALSE,FALSE,
2420,FALSE,FALSE,TRUE,FALSE,FALSE,
2421,FALSE,FALSE,TRUE,FALSE,FALSE,
2422,FALSE,FALSE,TRUE,FALSE,FALSE,
2423,FALSE,FALSE,TRUE,FALSE,FALSE,
2424,FALSE,FALSE,TRUE,FALSE,FALSE,
2425,FALSE,FALSE,TRUE,FALSE,FALSE,
2426,FALSE,FALSE,TRUE,FALSE,FALSE,
2427,FALSE,FALSE,TRUE,FALSE,FALSE,
2428,FALSE,FALSE,TRUE,FALSE,FALSE,
2429,FALSE,FALSE,TRUE,FALSE,FALSE,
2430,FALSE,FALSE,TRUE,FALSE,FALSE,
2431,FALSE,TRUE,FALSE,FALSE,FALSE,
2432,FALSE,TRUE,FALSE,FALSE,FALSE,
2433,FALSE,TRUE,FALSE,FALSE,FALSE,
2434,FALSE,TRUE,FALSE,FALSE,FALSE,
2435,FALSE,TRUE,FALSE,FALSE,FALSE,
2436,FALSE,TRUE,FALSE,FALSE,FALSE,
2437,FALSE,TRUE,FALSE,FALSE,FALSE,
2438,FALSE,TRUE,FALSE,FALSE,FALSE,
2439,FALSE,TRUE,FALSE,FALSE,FALSE,
2440,FALSE,TRUE,FALSE,FALSE,FALSE,
2441,FALSE,TRUE,FALSE,FALSE,FALSE,
2442,FALSE,TRUE,FALSE,FALSE,FALSE,
2443,FALSE,TRUE,FALSE,FALSE,FALSE,
2444,FALSE,TRUE,FALSE,FALSE,FALSE,
2445,FALSE,TRUE,FALSE,FALSE,FALSE,
2446,FALSE,TRUE,FALSE,FALSE,FALSE,
2447,FALSE,TRUE,FALSE,FALSE,FALSE,
2448,FALSE,FALSE,TRUE,FALSE,FALSE,
2449,FALSE,FALSE,TRUE,FALSE,FALSE,
2450,FALSE,FALSE,TRUE,FALSE,FALSE,
2451,FALSE,FALSE,TRUE,FALSE,FALSE,
2452,FALSE,TRUE,FALSE,FALSE,FALSE,
2453,FALSE,TRUE,FALSE,FALSE,FALSE,
2454,FALSE,TRUE,FALSE,FALSE,FALSE,
2455,FALSE,TRUE,FALSE,FALSE,FALSE,
2456,FALSE,TRUE,FALSE,FALSE,FALSE,
2457,FALSE,TRUE,FALSE,FALSE,FALSE,
2458,FALSE,TRUE,FALSE,FALSE,FALSE,
2459,FALSE,FALSE,TRUE,FALSE,FALSE,
2460,FALSE,TRUE,FALSE,FALSE,FALSE,
2461,FALSE,TRUE,FALSE,FALSE,FALSE,
2462,FALSE,TRUE,FALSE,FALSE,FALSE,
2463,FALSE,TRUE,FALSE,FALSE,FALSE,
2464,FALSE,TRUE,FALSE,FALSE,FALSE,
2465,FALSE,TRUE,FALSE,FALSE,FALSE,
2466,FALSE,FALSE,TRUE,FALSE,FALSE,
2467,FALSE,FALSE,TRUE,FALSE,FALSE,
2468,FALSE,FALSE,TRUE,FALSE,FALSE,
2469,FALSE,TRUE,FALSE,FALSE,FALSE,
2470,FALSE,TRUE,FALSE,FALSE,FALSE,
2471,FALSE,TRUE,FALSE,FALSE,FALSE,
2472,FALSE,TRUE,FALSE,FALSE,FALSE,
2473,FALSE,TRUE,FALSE,FALSE,FALSE,
2474,FALSE,TRUE,FALSE,FALSE,FALSE,
2475,FALSE,TRUE,FALSE,FALSE,FALSE,
2476,FALSE,TRUE,FALSE,FALSE,FALSE,
2477,FALSE,TRUE,FALSE,FALSE,FALSE,
2478,FALSE,FALSE,TRUE,FALSE,FALSE,
2479,FALSE,TRUE,FALSE,FALSE,FALSE,
2480,FALSE,TRUE,FALSE,FALSE,FALSE,
2481,FALSE,TRUE,FALSE,FALSE,FALSE,
2482,FALSE,TRUE,FALSE,TRUE,TRUE,
2483,FALSE,TRUE,FALSE,FALSE,FALSE,
2484,FALSE,TRUE,FALSE,FALSE,FALSE,
2485,FALSE,TRUE,FALSE,FALSE,FALSE,
2486,FALSE,TRUE,FALSE,FALSE,FALSE,
2487,FALSE,FALSE,TRUE,FALSE,FALSE,
2488,FALSE,FALSE,TRUE,FALSE,FALSE,
2489,FALSE,FALSE,TRUE,FALSE,FALSE,
2490,FALSE,TRUE,FALSE,FALSE,FALSE,
2491,FALSE,TRUE,FALSE,FALSE,FALSE,
2492,FALSE,FALSE,TRUE,FALSE,FALSE,
2493,FALSE,FALSE,TRUE,FALSE,FALSE,
2494,FALSE,FALSE,TRUE,FALSE,FALSE,
2495,FALSE,FALSE,TRUE,FALSE,FALSE,
2496,FALSE,FALSE,TRUE,FALSE,FALSE,
2497,FALSE,FALSE,TRUE,FALSE,FALSE,
2498,FALSE,FALSE,TRUE,FALSE,FALSE,
2499,FALSE,FALSE,TRUE,FALSE,FALSE,
2500,FALSE,FALSE,TRUE,FALSE,FALSE,
2501,FALSE,FALSE,TRUE,FALSE,FALSE,
2502,FALSE,FALSE,TRUE,FALSE,FALSE,
2503,FALSE,TRUE,FALSE,FALSE,FALSE,
2504,FALSE,FALSE,TRUE,FALSE,FALSE,
2505,FALSE,FALSE,TRUE,FALSE,FALSE,
2506,FALSE,FALSE,TRUE,FALSE,FALSE,
2507,FALSE,FALSE,TRUE,FALSE,FALSE,
2508,FALSE,TRUE,FALSE,FALSE,FALSE,
2509,TRUE,FALSE,FALSE,FALSE,FALSE,
2510,FALSE,FALSE,TRUE,FALSE,FALSE,
2511,FALSE,FALSE,TRUE,FALSE,FALSE,
2512,FALSE,FALSE,TRUE,FALSE,FALSE,
2513,FALSE,FALSE,TRUE,FALSE,FALSE,
2514,FALSE,FALSE,TRUE,FALSE,FALSE,
2515,FALSE,FALSE,TRUE,FALSE,FALSE,
2516,FALSE,FALSE,TRUE,FALSE,FALSE,
2517,FALSE,FALSE,TRUE,FALSE,FALSE,
2518,FALSE,FALSE,TRUE,FALSE,FALSE,
2519,FALSE,FALSE,TRUE,FALSE,FALSE,
2520,FALSE,FALSE,TRUE,FALSE,FALSE,
2521,FALSE,FALSE,TRUE,FALSE,FALSE,
2522,FALSE,FALSE,TRUE,FALSE,FALSE,
2523,FALSE,FALSE,TRUE,FALSE,FALSE,
2524,FALSE,FALSE,TRUE,FALSE,FALSE,
2525,FALSE,FALSE,TRUE,FALSE,FALSE,
2526,FALSE,FALSE,TRUE,FALSE,FALSE,
2527,FALSE,FALSE,TRUE,FALSE,FALSE,
2528,FALSE,FALSE,TRUE,FALSE,FALSE,
2529,FALSE,FALSE,TRUE,FALSE,FALSE,
2530,FALSE,FALSE,TRUE,FALSE,FALSE,
2531,FALSE,FALSE,TRUE,FALSE,FALSE,
2532,FALSE,FALSE,TRUE,FALSE,FALSE,
2533,FALSE,FALSE,TRUE,FALSE,FALSE,
2534,FALSE,FALSE,TRUE,FALSE,FALSE,
2535,FALSE,FALSE,TRUE,FALSE,FALSE,
2536,FALSE,FALSE,TRUE,FALSE,FALSE,
2537,FALSE,FALSE,TRUE,FALSE,FALSE,
2538,FALSE,FALSE,TRUE,FALSE,FALSE,
2539,FALSE,FALSE,TRUE,FALSE,FALSE,
2540,FALSE,FALSE,TRUE,FALSE,FALSE,
2541,FALSE,FALSE,TRUE,FALSE,FALSE,
2542,FALSE,FALSE,TRUE,FALSE,FALSE,
2543,FALSE,TRUE,FALSE,FALSE,FALSE,
2544,FALSE,FALSE,TRUE,FALSE,FALSE,
2545,FALSE,FALSE,TRUE,FALSE,FALSE,
2546,FALSE,FALSE,TRUE,FALSE,FALSE,
2547,FALSE,FALSE,TRUE,FALSE,FALSE,
2548,FALSE,FALSE,TRUE,FALSE,FALSE,
2549,FALSE,FALSE,TRUE,FALSE,FALSE,
2550,FALSE,FALSE,TRUE,FALSE,FALSE,
2551,FALSE,FALSE,TRUE,FALSE,FALSE,
2552,FALSE,FALSE,TRUE,FALSE,FALSE,
2553,FALSE,FALSE,TRUE,FALSE,FALSE,
2554,FALSE,FALSE,TRUE,FALSE,FALSE,
2555,FALSE,FALSE,TRUE,FALSE,FALSE,
2556,FALSE,TRUE,FALSE,FALSE,FALSE,
2557,FALSE,TRUE,FALSE,FALSE,FALSE,
2558,FALSE,TRUE,FALSE,FALSE,FALSE,
2559,FALSE,TRUE,FALSE,FALSE,FALSE,
2560,FALSE,TRUE,FALSE,FALSE,FALSE,
2561,FALSE,TRUE,FALSE,FALSE,FALSE,
2562,FALSE,FALSE,TRUE,FALSE,FALSE,
2563,FALSE,FALSE,TRUE,FALSE,FALSE,
2564,FALSE,TRUE,FALSE,TRUE,TRUE,road_traffic_injuries
2565,FALSE,TRUE,FALSE,FALSE,FALSE,
2566,TRUE,FALSE,FALSE,FALSE,FALSE,
2567,FALSE,FALSE,TRUE,FALSE,FALSE,
2568,FALSE,FALSE,TRUE,FALSE,FALSE,
2569,FALSE,FALSE,TRUE,FALSE,FALSE,
2570,FALSE,FALSE,TRUE,FALSE,FALSE,
2571,FALSE,TRUE,FALSE,FALSE,FALSE,
2572,FALSE,TRUE,FALSE,FALSE,FALSE,
2573,FALSE,FALSE,TRUE,FALSE,FALSE,
2574,FALSE,FALSE,TRUE,FALSE,FALSE,
2575,FALSE,TRUE,FALSE,FALSE,FALSE,
2576,FALSE,TRUE,FALSE,FALSE,FALSE,
2577,FALSE,TRUE,FALSE,FALSE,FALSE,
2578,FALSE,TRUE,FALSE,FALSE,TRUE,reproductive_health
2579,FALSE,TRUE,FALSE,FALSE,FALSE,
2580,FALSE,TRUE,FALSE,FALSE,TRUE,neonatal_health
2581,FALSE,TRUE,FALSE,FALSE,FALSE,
2582,FALSE,FALSE,TRUE,FALSE,FALSE,
2583,FALSE,FALSE,TRUE,FALSE,FALSE,
2584,FALSE,FALSE,TRUE,FALSE,FALSE,
2585,FALSE,TRUE,FALSE,FALSE,FALSE,
2586,FALSE,TRUE,FALSE,FALSE,FALSE,
2587,FALSE,TRUE,FALSE,FALSE,FALSE,
2588,FALSE,TRUE,FALSE,FALSE,FALSE,
2589,FALSE,TRUE,FALSE,FALSE,FALSE,
2590,FALSE,FALSE,TRUE,FALSE,FALSE,
2591,FALSE,FALSE,TRUE,FALSE,FALSE,
2592,FALSE,TRUE,FALSE,FALSE,FALSE,
2593,FALSE,TRUE,FALSE,FALSE,FALSE,
2594,FALSE,TRUE,FALSE,FALSE,FALSE,
2595,FALSE,TRUE,FALSE,FALSE,FALSE,
2596,FALSE,FALSE,TRUE,FALSE,FALSE,
2597,FALSE,FALSE,TRUE,FALSE,FALSE,
2598,FALSE,FALSE,TRUE,FALSE,FALSE,
2599,FALSE,TRUE,FALSE,FALSE,FALSE,
2600,FALSE,TRUE,FALSE,FALSE,FALSE,
2601,FALSE,TRUE,FALSE,FALSE,FALSE,
2602,FALSE,TRUE,FALSE,FALSE,FALSE,
2603,FALSE,TRUE,FALSE,FALSE,FALSE,
2604,FALSE,FALSE,TRUE,FALSE,FALSE,
2605,FALSE,FALSE,TRUE,FALSE,FALSE,
2606,FALSE,TRUE,FALSE,TRUE,TRUE,neonatal_health
2607,FALSE,TRUE,FALSE,FALSE,FALSE,
2608,FALSE,TRUE,FALSE,FALSE,FALSE,
2609,FALSE,FALSE,TRUE,FALSE,FALSE,
2610,FALSE,TRUE,FALSE,FALSE,FALSE,
2611,FALSE,FALSE,TRUE,FALSE,FALSE,
2612,FALSE,FALSE,TRUE,FALSE,FALSE,
2613,FALSE,FALSE,TRUE,FALSE,FALSE,
2614,FALSE,TRUE,FALSE,FALSE,FALSE,
2615,FALSE,TRUE,FALSE,FALSE,FALSE,
2616,FALSE,TRUE,FALSE,FALSE,FALSE,
2617,FALSE,TRUE,FALSE,FALSE,FALSE,
2618,FALSE,TRUE,FALSE,FALSE,FALSE,
2619,FALSE,TRUE,FALSE,FALSE,FALSE,
2620,FALSE,TRUE,FALSE,FALSE,FALSE,
2621,FALSE,TRUE,FALSE,FALSE,FALSE,
2622,FALSE,TRUE,FALSE,FALSE,FALSE,
2623,FALSE,TRUE,FALSE,FALSE,FALSE,
2624,FALSE,TRUE,FALSE,FALSE,FALSE,
2625,FALSE,TRUE,FALSE,FALSE,FALSE,
2626,FALSE,TRUE,FALSE,FALSE,FALSE,
2627,FALSE,TRUE,FALSE,FALSE,FALSE,
2628,FALSE,TRUE,FALSE,FALSE,FALSE,
2629,FALSE,TRUE,FALSE,FALSE,FALSE,
2630,FALSE,TRUE,FALSE,FALSE,FALSE,
2631,FALSE,TRUE,FALSE,FALSE,FALSE,
2632,FALSE,TRUE,FALSE,FALSE,FALSE,
2633,TRUE,FALSE,FALSE,FALSE,FALSE,
2634,TRUE,FALSE,FALSE,FALSE,FALSE,
2635,TRUE,FALSE,FALSE,FALSE,FALSE,
2636,FALSE,FALSE,TRUE,FALSE,FALSE,
2637,FALSE,FALSE,TRUE,FALSE,FALSE,
2638,FALSE,TRUE,FALSE,FALSE,FALSE,
2639,TRUE,FALSE,FALSE,FALSE,FALSE,
2640,TRUE,FALSE,FALSE,FALSE,FALSE,
2641,TRUE,FALSE,FALSE,FALSE,FALSE,
2642,FALSE,FALSE,TRUE,FALSE,FALSE,
2643,FALSE,FALSE,TRUE,FALSE,FALSE,
2644,FALSE,TRUE,FALSE,TRUE,TRUE,
2645,FALSE,TRUE,FALSE,FALSE,FALSE,
2646,FALSE,TRUE,FALSE,FALSE,FALSE,
2647,FALSE,TRUE,FALSE,FALSE,FALSE,
2648,FALSE,TRUE,FALSE,FALSE,FALSE,
2649,FALSE,TRUE,FALSE,FALSE,FALSE,
2650,FALSE,TRUE,FALSE,FALSE,FALSE,
2651,FALSE,TRUE,FALSE,FALSE,FALSE,
2652,FALSE,TRUE,FALSE,FALSE,FALSE,
2653,FALSE,TRUE,FALSE,FALSE,FALSE,
2654,FALSE,TRUE,FALSE,FALSE,FALSE,
2655,FALSE,TRUE,FALSE,FALSE,FALSE,
2656,FALSE,TRUE,FALSE,FALSE,FALSE,
2657,FALSE,TRUE,FALSE,FALSE,FALSE,
2658,FALSE,TRUE,FALSE,FALSE,FALSE,
2659,FALSE,TRUE,FALSE,FALSE,FALSE,
2660,FALSE,TRUE,FALSE,FALSE,FALSE,
2661,FALSE,TRUE,FALSE,FALSE,FALSE,
2662,FALSE,TRUE,FALSE,FALSE,FALSE,
2663,FALSE,TRUE,FALSE,FALSE,FALSE,
2664,FALSE,TRUE,FALSE,FALSE,FALSE,
2665,FALSE,FALSE,TRUE,FALSE,FALSE,
2666,FALSE,FALSE,TRUE,FALSE,FALSE,
2667,FALSE,FALSE,TRUE,FALSE,FALSE,
2668,FALSE,FALSE,TRUE,FALSE,FALSE,
2669,FALSE,FALSE,TRUE,FALSE,FALSE,reproductive_health
2670,FALSE,FALSE,TRUE,FALSE,FALSE,reproductive_health
2671,FALSE,TRUE,FALSE,TRUE,TRUE,hiv
2672,FALSE,TRUE,FALSE,TRUE,TRUE,hiv
2673,FALSE,TRUE,FALSE,TRUE,TRUE,hiv
2674,FALSE,TRUE,FALSE,FALSE,FALSE,
2676,FALSE,FALSE,TRUE,FALSE,FALSE,
2677,FALSE,FALSE,TRUE,FALSE,FALSE,
2678,FALSE,TRUE,FALSE,TRUE,TRUE,tb