Variant,Period,Sex,Age_Grp,death_rate
WPP_Estimates,1950-1954,M,0-0,0.21839324
WPP_Estimates,1950-1954,M,1-4,0.057210923
WPP_Estimates,1950-1954,M,5-9,0.013956549
WPP_Estimates,1950-1954,M,10-14,0.0068659377
WPP_Estimates,1950-1954,M,15-19,0.0077390959
WPP_Estimates,1950-1954,M,20-24,0.01058725
WPP_Estimates,1950-1954,M,25-29,0.010826561
WPP_Estimates,1950-1954,M,30-34,0.011287821
WPP_Estimates,1950-1954,M,35-39,0.01228196
WPP_Estimates,1950-1954,M,40-44,0.014139681
WPP_Estimates,1950-1954,M,45-49,0.015857545
WPP_Estimates,1950-1954,M,50-54,0.019248477
WPP_Estimates,1950-1954,M,55-59,0.023361598
WPP_Estimates,1950-1954,M,60-64,0.031890387
WPP_Estimates,1950-1954,M,65-69,0.045312023
WPP_Estimates,1950-1954,M,70-74,0.068776087
WPP_Estimates,1950-1954,M,75-79,0.10533566
WPP_Estimates,1950-1954,M,80-84,0.16489383
WPP_Estimates,1950-1954,M,85-89,0.25578576
WPP_Estimates,1950-1954,M,90-94,0.3799036
WPP_Estimates,1950-1954,M,95-99,0.49182901
WPP_Estimates,1955-1959,M,0-0,0.21458248
WPP_Estimates,1955-1959,M,1-4,0.054030792
WPP_Estimates,1955-1959,M,5-9,0.013010312
WPP_Estimates,1955-1959,M,10-14,0.0064544078
WPP_Estimates,1955-1959,M,15-19,0.0073805401
WPP_Estimates,1955-1959,M,20-24,0.010130841
WPP_Estimates,1955-1959,M,25-29,0.010380248
WPP_Estimates,1955-1959,M,30-34,0.010859483
WPP_Estimates,1955-1959,M,35-39,0.011860902
WPP_Estimates,1955-1959,M,40-44,0.013702685
WPP_Estimates,1955-1959,M,45-49,0.01544908
WPP_Estimates,1955-1959,M,50-54,0.018880326
WPP_Estimates,1955-1959,M,55-59,0.023017721
WPP_Estimates,1955-1959,M,60-64,0.031578334
WPP_Estimates,1955-1959,M,65-69,0.045067545
WPP_Estimates,1955-1959,M,70-74,0.068621183
WPP_Estimates,1955-1959,M,75-79,0.10548285
WPP_Estimates,1955-1959,M,80-84,0.16565935
WPP_Estimates,1955-1959,M,85-89,0.25784874
WPP_Estimates,1955-1959,M,90-94,0.38478255
WPP_Estimates,1955-1959,M,95-99,0.5001322
WPP_Estimates,1960-1964,M,0-0,0.20978511
WPP_Estimates,1960-1964,M,1-4,0.05036449
WPP_Estimates,1960-1964,M,5-9,0.011941369
WPP_Estimates,1960-1964,M,10-14,0.005984035
WPP_Estimates,1960-1964,M,15-19,0.0069619641
WPP_Estimates,1960-1964,M,20-24,0.0095950388
WPP_Estimates,1960-1964,M,25-29,0.0098541966
WPP_Estimates,1960-1964,M,30-34,0.010351247
WPP_Estimates,1960-1964,M,35-39,0.011357334
WPP_Estimates,1960-1964,M,40-44,0.01317613
WPP_Estimates,1960-1964,M,45-49,0.014950418
WPP_Estimates,1960-1964,M,50-54,0.018420881
WPP_Estimates,1960-1964,M,55-59,0.022579174
WPP_Estimates,1960-1964,M,60-64,0.031163791
WPP_Estimates,1960-1964,M,65-69,0.044713682
WPP_Estimates,1960-1964,M,70-74,0.068341974
WPP_Estimates,1960-1964,M,75-79,0.10551708
WPP_Estimates,1960-1964,M,80-84,0.1663602
WPP_Estimates,1960-1964,M,85-89,0.2600024
WPP_Estimates,1960-1964,M,90-94,0.39021267
WPP_Estimates,1960-1964,M,95-99,0.50962788
WPP_Estimates,1965-1969,M,0-0,0.20531307
WPP_Estimates,1965-1969,M,1-4,0.047227016
WPP_Estimates,1965-1969,M,5-9,0.011063062
WPP_Estimates,1965-1969,M,10-14,0.0055939373
WPP_Estimates,1965-1969,M,15-19,0.0066091192
WPP_Estimates,1965-1969,M,20-24,0.0091416884
WPP_Estimates,1965-1969,M,25-29,0.0094082893
WPP_Estimates,1965-1969,M,30-34,0.0099189403
WPP_Estimates,1965-1969,M,35-39,0.010927331
WPP_Estimates,1965-1969,M,40-44,0.012724779
WPP_Estimates,1965-1969,M,45-49,0.014520508
WPP_Estimates,1965-1969,M,50-54,0.018021836
WPP_Estimates,1965-1969,M,55-59,0.022196487
WPP_Estimates,1965-1969,M,60-64,0.03080023
WPP_Estimates,1965-1969,M,65-69,0.044402232
WPP_Estimates,1965-1969,M,70-74,0.068096102
WPP_Estimates,1965-1969,M,75-79,0.10555009
WPP_Estimates,1965-1969,M,80-84,0.16699063
WPP_Estimates,1965-1969,M,85-89,0.26194127
WPP_Estimates,1965-1969,M,90-94,0.39512091
WPP_Estimates,1965-1969,M,95-99,0.5182457
WPP_Estimates,1970-1974,M,0-0,0.19503133
WPP_Estimates,1970-1974,M,1-4,0.040954675
WPP_Estimates,1970-1974,M,5-9,0.0093728255
WPP_Estimates,1970-1974,M,10-14,0.0048318226
WPP_Estimates,1970-1974,M,15-19,0.0058988963
WPP_Estimates,1970-1974,M,20-24,0.0082230674
WPP_Estimates,1970-1974,M,25-29,0.0085034451
WPP_Estimates,1970-1974,M,30-34,0.0090370268
WPP_Estimates,1970-1974,M,35-39,0.010044401
WPP_Estimates,1970-1974,M,40-44,0.011790182
WPP_Estimates,1970-1974,M,45-49,0.013617181
WPP_Estimates,1970-1974,M,50-54,0.017162325
WPP_Estimates,1970-1974,M,55-59,0.021353922
WPP_Estimates,1970-1974,M,60-64,0.029968041
WPP_Estimates,1970-1974,M,65-69,0.043637759
WPP_Estimates,1970-1974,M,70-74,0.067403637
WPP_Estimates,1970-1974,M,75-79,0.10534564
WPP_Estimates,1970-1974,M,80-84,0.16790013
WPP_Estimates,1970-1974,M,85-89,0.26541759
WPP_Estimates,1970-1974,M,90-94,0.40468727
WPP_Estimates,1970-1974,M,95-99,0.53561219
WPP_Estimates,1975-1979,M,0-0,0.18529558
WPP_Estimates,1975-1979,M,1-4,0.036021753
WPP_Estimates,1975-1979,M,5-9,0.0081347174
WPP_Estimates,1975-1979,M,10-14,0.0042664274
WPP_Estimates,1975-1979,M,15-19,0.0053539867
WPP_Estimates,1975-1979,M,20-24,0.007515346
WPP_Estimates,1975-1979,M,25-29,0.0078134831
WPP_Estimates,1975-1979,M,30-34,0.0083684028
WPP_Estimates,1975-1979,M,35-39,0.0093791484
WPP_Estimates,1975-1979,M,40-44,0.011083365
WPP_Estimates,1975-1979,M,45-49,0.012929347
WPP_Estimates,1975-1979,M,50-54,0.016498205
WPP_Estimates,1975-1979,M,55-59,0.020698037
WPP_Estimates,1975-1979,M,60-64,0.029311921
WPP_Estimates,1975-1979,M,65-69,0.043028319
WPP_Estimates,1975-1979,M,70-74,0.066842928
WPP_Estimates,1975-1979,M,75-79,0.10517028
WPP_Estimates,1975-1979,M,80-84,0.1686444
WPP_Estimates,1975-1979,M,85-89,0.26831358
WPP_Estimates,1975-1979,M,90-94,0.41270302
WPP_Estimates,1975-1979,M,95-99,0.55026276
WPP_Estimates,1980-1984,M,0-0,0.17493024
WPP_Estimates,1980-1984,M,1-4,0.031974432
WPP_Estimates,1980-1984,M,5-9,0.0072675015
WPP_Estimates,1980-1984,M,10-14,0.0038912781
WPP_Estimates,1980-1984,M,15-19,0.0049801786
WPP_Estimates,1980-1984,M,20-24,0.0070505002
WPP_Estimates,1980-1984,M,25-29,0.0074473032
WPP_Estimates,1980-1984,M,30-34,0.0080939768
WPP_Estimates,1980-1984,M,35-39,0.0091985485
WPP_Estimates,1980-1984,M,40-44,0.010923985
WPP_Estimates,1980-1984,M,45-49,0.012819944
WPP_Estimates,1980-1984,M,50-54,0.016427254
WPP_Estimates,1980-1984,M,55-59,0.020682944
WPP_Estimates,1980-1984,M,60-64,0.029370696
WPP_Estimates,1980-1984,M,65-69,0.04323805
WPP_Estimates,1980-1984,M,70-74,0.067282176
WPP_Estimates,1980-1984,M,75-79,0.1061355
WPP_Estimates,1980-1984,M,80-84,0.17081354
WPP_Estimates,1980-1984,M,85-89,0.27286813
WPP_Estimates,1980-1984,M,90-94,0.42145387
WPP_Estimates,1980-1984,M,95-99,0.56386552
WPP_Estimates,1985-1989,M,0-0,0.16468629
WPP_Estimates,1985-1989,M,1-4,0.029204373
WPP_Estimates,1985-1989,M,5-9,0.0068779725
WPP_Estimates,1985-1989,M,10-14,0.0038317599
WPP_Estimates,1985-1989,M,15-19,0.0048752154
WPP_Estimates,1985-1989,M,20-24,0.0070409756
WPP_Estimates,1985-1989,M,25-29,0.0079469043
WPP_Estimates,1985-1989,M,30-34,0.0090759235
WPP_Estimates,1985-1989,M,35-39,0.01076807
WPP_Estimates,1985-1989,M,40-44,0.012788446
WPP_Estimates,1985-1989,M,45-49,0.01488459
WPP_Estimates,1985-1989,M,50-54,0.018544657
WPP_Estimates,1985-1989,M,55-59,0.023022213
WPP_Estimates,1985-1989,M,60-64,0.031992271
WPP_Estimates,1985-1989,M,65-69,0.046323743
WPP_Estimates,1985-1989,M,70-74,0.071166885
WPP_Estimates,1985-1989,M,75-79,0.1109399
WPP_Estimates,1985-1989,M,80-84,0.1779624
WPP_Estimates,1985-1989,M,85-89,0.28358715
WPP_Estimates,1985-1989,M,90-94,0.43277139
WPP_Estimates,1985-1989,M,95-99,0.57280035
WPP_Estimates,1990-1994,M,0-0,0.14389062
WPP_Estimates,1990-1994,M,1-4,0.024170673
WPP_Estimates,1990-1994,M,5-9,0.0059870276
WPP_Estimates,1990-1994,M,10-14,0.0036561062
WPP_Estimates,1990-1994,M,15-19,0.0045493346
WPP_Estimates,1990-1994,M,20-24,0.0068934751
WPP_Estimates,1990-1994,M,25-29,0.0091536741
WPP_Estimates,1990-1994,M,30-34,0.01179346
WPP_Estimates,1990-1994,M,35-39,0.015530147
WPP_Estimates,1990-1994,M,40-44,0.018415566
WPP_Estimates,1990-1994,M,45-49,0.020944991
WPP_Estimates,1990-1994,M,50-54,0.024265979
WPP_Estimates,1990-1994,M,55-59,0.029034668
WPP_Estimates,1990-1994,M,60-64,0.03816629
WPP_Estimates,1990-1994,M,65-69,0.0529582
WPP_Estimates,1990-1994,M,70-74,0.078758753
WPP_Estimates,1990-1994,M,75-79,0.11909607
WPP_Estimates,1990-1994,M,80-84,0.18934401
WPP_Estimates,1990-1994,M,85-89,0.29959639
WPP_Estimates,1990-1994,M,90-94,0.44302358
WPP_Estimates,1990-1994,M,95-99,0.57002108
WPP_Estimates,1995-1999,M,0-0,0.11643934
WPP_Estimates,1995-1999,M,1-4,0.018899078
WPP_Estimates,1995-1999,M,5-9,0.0055198526
WPP_Estimates,1995-1999,M,10-14,0.0036777215
WPP_Estimates,1995-1999,M,15-19,0.0044943978
WPP_Estimates,1995-1999,M,20-24,0.0070652313
WPP_Estimates,1995-1999,M,25-29,0.010750657
WPP_Estimates,1995-1999,M,30-34,0.015322721
WPP_Estimates,1995-1999,M,35-39,0.022008755
WPP_Estimates,1995-1999,M,40-44,0.02603111
WPP_Estimates,1995-1999,M,45-49,0.029020043
WPP_Estimates,1995-1999,M,50-54,0.031589155
WPP_Estimates,1995-1999,M,55-59,0.036581866
WPP_Estimates,1995-1999,M,60-64,0.045752634
WPP_Estimates,1995-1999,M,65-69,0.06102624
WPP_Estimates,1995-1999,M,70-74,0.087896013
WPP_Estimates,1995-1999,M,75-79,0.12894038
WPP_Estimates,1995-1999,M,80-84,0.20240939
WPP_Estimates,1995-1999,M,85-89,0.31677085
WPP_Estimates,1995-1999,M,90-94,0.45425558
WPP_Estimates,1995-1999,M,95-99,0.5692595
WPP_Estimates,2000-2004,M,0-0,0.09444304
WPP_Estimates,2000-2004,M,1-4,0.015043098
WPP_Estimates,2000-2004,M,5-9,0.0056042918
WPP_Estimates,2000-2004,M,10-14,0.0038641001
WPP_Estimates,2000-2004,M,15-19,0.0047649683
WPP_Estimates,2000-2004,M,20-24,0.0075153422
WPP_Estimates,2000-2004,M,25-29,0.011695039
WPP_Estimates,2000-2004,M,30-34,0.016972817
WPP_Estimates,2000-2004,M,35-39,0.024760232
WPP_Estimates,2000-2004,M,40-44,0.029299158
WPP_Estimates,2000-2004,M,45-49,0.032663632
WPP_Estimates,2000-2004,M,50-54,0.035325924
WPP_Estimates,2000-2004,M,55-59,0.040740048
WPP_Estimates,2000-2004,M,60-64,0.050528063
WPP_Estimates,2000-2004,M,65-69,0.066853827
WPP_Estimates,2000-2004,M,70-74,0.09539408
WPP_Estimates,2000-2004,M,75-79,0.13871883
WPP_Estimates,2000-2004,M,80-84,0.21627383
WPP_Estimates,2000-2004,M,85-89,0.33635677
WPP_Estimates,2000-2004,M,90-94,0.47887069
WPP_Estimates,2000-2004,M,95-99,0.59722086
WPP_Estimates,2005-2009,M,0-0,0.076455058
WPP_Estimates,2005-2009,M,1-4,0.010240623
WPP_Estimates,2005-2009,M,5-9,0.0043002174
WPP_Estimates,2005-2009,M,10-14,0.0029718096
WPP_Estimates,2005-2009,M,15-19,0.0040345794
WPP_Estimates,2005-2009,M,20-24,0.0062589757
WPP_Estimates,2005-2009,M,25-29,0.0088724757
WPP_Estimates,2005-2009,M,30-34,0.012148325
WPP_Estimates,2005-2009,M,35-39,0.016921651
WPP_Estimates,2005-2009,M,40-44,0.020406768
WPP_Estimates,2005-2009,M,45-49,0.023768411
WPP_Estimates,2005-2009,M,50-54,0.027929294
WPP_Estimates,2005-2009,M,55-59,0.033743494
WPP_Estimates,2005-2009,M,60-64,0.044416524
WPP_Estimates,2005-2009,M,65-69,0.061604752
WPP_Estimates,2005-2009,M,70-74,0.090771806
WPP_Estimates,2005-2009,M,75-79,0.13649629
WPP_Estimates,2005-2009,M,80-84,0.21644032
WPP_Estimates,2005-2009,M,85-89,0.34233371
WPP_Estimates,2005-2009,M,90-94,0.50779312
WPP_Estimates,2005-2009,M,95-99,0.65713555
WPP_Estimates,2010-2014,M,0-0,0.059475078
WPP_Estimates,2010-2014,M,1-4,0.0059752525
WPP_Estimates,2010-2014,M,5-9,0.0023357834
WPP_Estimates,2010-2014,M,10-14,0.0016808665
WPP_Estimates,2010-2014,M,15-19,0.0026283341
WPP_Estimates,2010-2014,M,20-24,0.0040441105
WPP_Estimates,2010-2014,M,25-29,0.0052737692
WPP_Estimates,2010-2014,M,30-34,0.0069043551
WPP_Estimates,2010-2014,M,35-39,0.0093101705
WPP_Estimates,2010-2014,M,40-44,0.01155402
WPP_Estimates,2010-2014,M,45-49,0.014278634
WPP_Estimates,2010-2014,M,50-54,0.018565461
WPP_Estimates,2010-2014,M,55-59,0.023770608
WPP_Estimates,2010-2014,M,60-64,0.033587052
WPP_Estimates,2010-2014,M,65-69,0.049289306
WPP_Estimates,2010-2014,M,70-74,0.075337969
WPP_Estimates,2010-2014,M,75-79,0.11786941
WPP_Estimates,2010-2014,M,80-84,0.19104315
WPP_Estimates,2010-2014,M,85-89,0.309047
WPP_Estimates,2010-2014,M,90-94,0.48241962
WPP_Estimates,2010-2014,M,95-99,0.65384939
WPP_Estimates,2015-2019,M,0-0,0.047338518
WPP_Estimates,2015-2019,M,1-4,0.0039428256
WPP_Estimates,2015-2019,M,5-9,0.0014632535
WPP_Estimates,2015-2019,M,10-14,0.0011578145
WPP_Estimates,2015-2019,M,15-19,0.0019720429
WPP_Estimates,2015-2019,M,20-24,0.0030535343
WPP_Estimates,2015-2019,M,25-29,0.0040474268
WPP_Estimates,2015-2019,M,30-34,0.0054238264
WPP_Estimates,2015-2019,M,35-39,0.0074842761
WPP_Estimates,2015-2019,M,40-44,0.0094272995
WPP_Estimates,2015-2019,M,45-49,0.011972663
WPP_Estimates,2015-2019,M,50-54,0.016059682
WPP_Estimates,2015-2019,M,55-59,0.020922882
WPP_Estimates,2015-2019,M,60-64,0.029974883
WPP_Estimates,2015-2019,M,65-69,0.044358188
WPP_Estimates,2015-2019,M,70-74,0.067594789
WPP_Estimates,2015-2019,M,75-79,0.10572624
WPP_Estimates,2015-2019,M,80-84,0.17076497
WPP_Estimates,2015-2019,M,85-89,0.27572613
WPP_Estimates,2015-2019,M,90-94,0.43398584
WPP_Estimates,2015-2019,M,95-99,0.59467463
WPP_Medium,2020-2024,M,0-0,0.037848894
WPP_Medium,2020-2024,M,1-4,0.0031412894
WPP_Medium,2020-2024,M,5-9,0.0011646983
WPP_Medium,2020-2024,M,10-14,0.00092303722
WPP_Medium,2020-2024,M,15-19,0.0015779037
WPP_Medium,2020-2024,M,20-24,0.0024597218
WPP_Medium,2020-2024,M,25-29,0.0032986128
WPP_Medium,2020-2024,M,30-34,0.0044984241
WPP_Medium,2020-2024,M,35-39,0.0063497981
WPP_Medium,2020-2024,M,40-44,0.0082065475
WPP_Medium,2020-2024,M,45-49,0.010695742
WPP_Medium,2020-2024,M,50-54,0.014689621
WPP_Medium,2020-2024,M,55-59,0.019518567
WPP_Medium,2020-2024,M,60-64,0.02838761
WPP_Medium,2020-2024,M,65-69,0.042466667
WPP_Medium,2020-2024,M,70-74,0.065220735
WPP_Medium,2020-2024,M,75-79,0.10263857
WPP_Medium,2020-2024,M,80-84,0.1666458
WPP_Medium,2020-2024,M,85-89,0.27031713
WPP_Medium,2020-2024,M,90-94,0.42720393
WPP_Medium,2020-2024,M,95-99,0.58748166
WPP_Medium,2025-2029,M,0-0,0.030638971
WPP_Medium,2025-2029,M,1-4,0.0025995341
WPP_Medium,2025-2029,M,5-9,0.00097570792
WPP_Medium,2025-2029,M,10-14,0.0007662886
WPP_Medium,2025-2029,M,15-19,0.0013193248
WPP_Medium,2025-2029,M,20-24,0.0020652383
WPP_Medium,2025-2029,M,25-29,0.0027673888
WPP_Medium,2025-2029,M,30-34,0.0037999437
WPP_Medium,2025-2029,M,35-39,0.0054326867
WPP_Medium,2025-2029,M,40-44,0.0071692643
WPP_Medium,2025-2029,M,45-49,0.0095438099
WPP_Medium,2025-2029,M,50-54,0.013389734
WPP_Medium,2025-2029,M,55-59,0.018080029
WPP_Medium,2025-2029,M,60-64,0.026650321
WPP_Medium,2025-2029,M,65-69,0.040242613
WPP_Medium,2025-2029,M,70-74,0.0622233
WPP_Medium,2025-2029,M,75-79,0.098461457
WPP_Medium,2025-2029,M,80-84,0.16052998
WPP_Medium,2025-2029,M,85-89,0.26136558
WPP_Medium,2025-2029,M,90-94,0.41426729
WPP_Medium,2025-2029,M,95-99,0.57263341
WPP_Medium,2030-2034,M,0-0,0.024993405
WPP_Medium,2030-2034,M,1-4,0.0021531504
WPP_Medium,2030-2034,M,5-9,0.00082620793
WPP_Medium,2030-2034,M,10-14,0.00064822599
WPP_Medium,2030-2034,M,15-19,0.0011341261
WPP_Medium,2030-2034,M,20-24,0.0017831081
WPP_Medium,2030-2034,M,25-29,0.0023805852
WPP_Medium,2030-2034,M,30-34,0.0032800558
WPP_Medium,2030-2034,M,35-39,0.0047298034
WPP_Medium,2030-2034,M,40-44,0.0063495346
WPP_Medium,2030-2034,M,45-49,0.0086018312
WPP_Medium,2030-2034,M,50-54,0.012291507
WPP_Medium,2030-2034,M,55-59,0.016810389
WPP_Medium,2030-2034,M,60-64,0.025053312
WPP_Medium,2030-2034,M,65-69,0.038117959
WPP_Medium,2030-2034,M,70-74,0.05925075
WPP_Medium,2030-2034,M,75-79,0.094196694
WPP_Medium,2030-2034,M,80-84,0.15413399
WPP_Medium,2030-2034,M,85-89,0.25184688
WPP_Medium,2030-2034,M,90-94,0.40039667
WPP_Medium,2030-2034,M,95-99,0.55654739
WPP_Medium,2035-2039,M,0-0,0.020731997
WPP_Medium,2035-2039,M,1-4,0.0017968947
WPP_Medium,2035-2039,M,5-9,0.00071117841
WPP_Medium,2035-2039,M,10-14,0.00056194926
WPP_Medium,2035-2039,M,15-19,0.0010076759
WPP_Medium,2035-2039,M,20-24,0.0015925069
WPP_Medium,2035-2039,M,25-29,0.002114123
WPP_Medium,2035-2039,M,30-34,0.0029122062
WPP_Medium,2035-2039,M,35-39,0.0042127752
WPP_Medium,2035-2039,M,40-44,0.0057213447
WPP_Medium,2035-2039,M,45-49,0.0078465825
WPP_Medium,2035-2039,M,50-54,0.011373304
WPP_Medium,2035-2039,M,55-59,0.015694567
WPP_Medium,2035-2039,M,60-64,0.02358846
WPP_Medium,2035-2039,M,65-69,0.036098179
WPP_Medium,2035-2039,M,70-74,0.056331144
WPP_Medium,2035-2039,M,75-79,0.089900617
WPP_Medium,2035-2039,M,80-84,0.14755026
WPP_Medium,2035-2039,M,85-89,0.24189654
WPP_Medium,2035-2039,M,90-94,0.38577965
WPP_Medium,2035-2039,M,95-99,0.53946605
WPP_Medium,2040-2044,M,0-0,0.017662121
WPP_Medium,2040-2044,M,1-4,0.0015182416
WPP_Medium,2040-2044,M,5-9,0.00062236716
WPP_Medium,2040-2044,M,10-14,0.00049817056
WPP_Medium,2040-2044,M,15-19,0.0009171834
WPP_Medium,2040-2044,M,20-24,0.0014566271
WPP_Medium,2040-2044,M,25-29,0.0019206191
WPP_Medium,2040-2044,M,30-34,0.0026387343
WPP_Medium,2040-2044,M,35-39,0.0038143178
WPP_Medium,2040-2044,M,40-44,0.0052148484
WPP_Medium,2040-2044,M,45-49,0.0072078869
WPP_Medium,2040-2044,M,50-54,0.010554208
WPP_Medium,2040-2044,M,55-59,0.014642404
WPP_Medium,2040-2044,M,60-64,0.022146189
WPP_Medium,2040-2044,M,65-69,0.034047579
WPP_Medium,2040-2044,M,70-74,0.053314671
WPP_Medium,2040-2044,M,75-79,0.085440435
WPP_Medium,2040-2044,M,80-84,0.14074337
WPP_Medium,2040-2044,M,85-89,0.23171797
WPP_Medium,2040-2044,M,90-94,0.37105709
WPP_Medium,2040-2044,M,95-99,0.52256866
WPP_Medium,2045-2049,M,0-0,0.015295577
WPP_Medium,2045-2049,M,1-4,0.0012830225
WPP_Medium,2045-2049,M,5-9,0.00054668393
WPP_Medium,2045-2049,M,10-14,0.00044595257
WPP_Medium,2045-2049,M,15-19,0.00084430782
WPP_Medium,2045-2049,M,20-24,0.0013475343
WPP_Medium,2045-2049,M,25-29,0.0017644751
WPP_Medium,2045-2049,M,30-34,0.0024153402
WPP_Medium,2045-2049,M,35-39,0.0034802892
WPP_Medium,2045-2049,M,40-44,0.0047727922
WPP_Medium,2045-2049,M,45-49,0.0066271126
WPP_Medium,2045-2049,M,50-54,0.0097734004
WPP_Medium,2045-2049,M,55-59,0.013593741
WPP_Medium,2045-2049,M,60-64,0.020660618
WPP_Medium,2045-2049,M,65-69,0.031890457999999997
WPP_Medium,2045-2049,M,70-74,0.050110259
WPP_Medium,2045-2049,M,75-79,0.080705067
WPP_Medium,2045-2049,M,80-84,0.13357811
WPP_Medium,2045-2049,M,85-89,0.22115488
WPP_Medium,2045-2049,M,90-94,0.3560666
WPP_Medium,2045-2049,M,95-99,0.50573038
WPP_Medium,2050-2054,M,0-0,0.013512322
WPP_Medium,2050-2054,M,1-4,0.0010957775
WPP_Medium,2050-2054,M,5-9,0.00048508513
WPP_Medium,2050-2054,M,10-14,0.00040365673
WPP_Medium,2050-2054,M,15-19,0.00078643883
WPP_Medium,2050-2054,M,20-24,0.0012605875
WPP_Medium,2050-2054,M,25-29,0.0016391822
WPP_Medium,2050-2054,M,30-34,0.0022343114
WPP_Medium,2050-2054,M,35-39,0.0032027262
WPP_Medium,2050-2054,M,40-44,0.0043918914
WPP_Medium,2050-2054,M,45-49,0.0061073379
WPP_Medium,2050-2054,M,50-54,0.0090499245
WPP_Medium,2050-2054,M,55-59,0.012590641
WPP_Medium,2050-2054,M,60-64,0.019208253
WPP_Medium,2050-2054,M,65-69,0.029753427
WPP_Medium,2050-2054,M,70-74,0.04691211
WPP_Medium,2050-2054,M,75-79,0.075973848
WPP_Medium,2050-2054,M,80-84,0.12644017
WPP_Medium,2050-2054,M,85-89,0.2106975
WPP_Medium,2050-2054,M,90-94,0.34136029
WPP_Medium,2050-2054,M,95-99,0.48940318
WPP_Medium,2055-2059,M,0-0,0.012138705
WPP_Medium,2055-2059,M,1-4,0.00094950374
WPP_Medium,2055-2059,M,5-9,0.00043509422
WPP_Medium,2055-2059,M,10-14,0.00036808414
WPP_Medium,2055-2059,M,15-19,0.00073754471
WPP_Medium,2055-2059,M,20-24,0.0011859726
WPP_Medium,2055-2059,M,25-29,0.0015317536
WPP_Medium,2055-2059,M,30-34,0.0020795978
WPP_Medium,2055-2059,M,35-39,0.0029624681
WPP_Medium,2055-2059,M,40-44,0.0040537222
WPP_Medium,2055-2059,M,45-49,0.0056317739
WPP_Medium,2055-2059,M,50-54,0.0083727369
WPP_Medium,2055-2059,M,55-59,0.011632751
WPP_Medium,2055-2059,M,60-64,0.017801657
WPP_Medium,2055-2059,M,65-69,0.027665534
WPP_Medium,2055-2059,M,70-74,0.043767912
WPP_Medium,2055-2059,M,75-79,0.071308385
WPP_Medium,2055-2059,M,80-84,0.11939814
WPP_Medium,2055-2059,M,85-89,0.20039784
WPP_Medium,2055-2059,M,90-94,0.32693365
WPP_Medium,2055-2059,M,95-99,0.47345628
WPP_Medium,2060-2064,M,0-0,0.010990952
WPP_Medium,2060-2064,M,1-4,0.00082074897
WPP_Medium,2060-2064,M,5-9,0.00038892564
WPP_Medium,2060-2064,M,10-14,0.00033483596
WPP_Medium,2060-2064,M,15-19,0.00069033265
WPP_Medium,2060-2064,M,20-24,0.0011128499
WPP_Medium,2060-2064,M,25-29,0.0014283328
WPP_Medium,2060-2064,M,30-34,0.0019333992
WPP_Medium,2060-2064,M,35-39,0.0027381905
WPP_Medium,2060-2064,M,40-44,0.0037368881
WPP_Medium,2060-2064,M,45-49,0.0051832897
WPP_Medium,2060-2064,M,50-54,0.0077282204
WPP_Medium,2060-2064,M,55-59,0.010711986
WPP_Medium,2060-2064,M,60-64,0.016439471
WPP_Medium,2060-2064,M,65-69,0.025633309
WPP_Medium,2060-2064,M,70-74,0.040693432
WPP_Medium,2060-2064,M,75-79,0.0667373
WPP_Medium,2060-2064,M,80-84,0.11249361
WPP_Medium,2060-2064,M,85-89,0.19031005
WPP_Medium,2060-2064,M,90-94,0.31284523
WPP_Medium,2060-2064,M,95-99,0.45794973
WPP_Medium,2065-2069,M,0-0,0.010074434
WPP_Medium,2065-2069,M,1-4,0.00072329917
WPP_Medium,2065-2069,M,5-9,0.0003523365
WPP_Medium,2065-2069,M,10-14,0.00030632606
WPP_Medium,2065-2069,M,15-19,0.00064669553
WPP_Medium,2065-2069,M,20-24,0.0010434841
WPP_Medium,2065-2069,M,25-29,0.0013296113
WPP_Medium,2065-2069,M,30-34,0.0017920468
WPP_Medium,2065-2069,M,35-39,0.0025216158
WPP_Medium,2065-2069,M,40-44,0.003432679
WPP_Medium,2065-2069,M,45-49,0.004752995
WPP_Medium,2065-2069,M,50-54,0.0071062544
WPP_Medium,2065-2069,M,55-59,0.0098247733
WPP_Medium,2065-2069,M,60-64,0.015116668
WPP_Medium,2065-2069,M,65-69,0.023647539
WPP_Medium,2065-2069,M,70-74,0.037663824
WPP_Medium,2065-2069,M,75-79,0.062163234
WPP_Medium,2065-2069,M,80-84,0.10549287
WPP_Medium,2065-2069,M,85-89,0.17993288
WPP_Medium,2065-2069,M,90-94,0.29818005
WPP_Medium,2065-2069,M,95-99,0.44140904
WPP_Medium,2070-2074,M,0-0,0.0093321768
WPP_Medium,2070-2074,M,1-4,0.00064491237
WPP_Medium,2070-2074,M,5-9,0.00032160931
WPP_Medium,2070-2074,M,10-14,0.00028127746
WPP_Medium,2070-2074,M,15-19,0.00060627218
WPP_Medium,2070-2074,M,20-24,0.00097746051
WPP_Medium,2070-2074,M,25-29,0.0012350439
WPP_Medium,2070-2074,M,30-34,0.0016562379
WPP_Medium,2070-2074,M,35-39,0.0023153437
WPP_Medium,2070-2074,M,40-44,0.0031461884
WPP_Medium,2070-2074,M,45-49,0.0043519684
WPP_Medium,2070-2074,M,50-54,0.0065301596
WPP_Medium,2070-2074,M,55-59,0.0090082095
WPP_Medium,2070-2074,M,60-64,0.013899486
WPP_Medium,2070-2074,M,65-69,0.021817676
WPP_Medium,2070-2074,M,70-74,0.034856308
WPP_Medium,2070-2074,M,75-79,0.057880823
WPP_Medium,2070-2074,M,80-84,0.098862921
WPP_Medium,2070-2074,M,85-89,0.1699721
WPP_Medium,2070-2074,M,90-94,0.28390597
WPP_Medium,2070-2074,M,95-99,0.42498226
WPP_Medium,2075-2079,M,0-0,0.0086739171
WPP_Medium,2075-2079,M,1-4,0.00057715524
WPP_Medium,2075-2079,M,5-9,0.00029381305
WPP_Medium,2075-2079,M,10-14,0.00025792058
WPP_Medium,2075-2079,M,15-19,0.0005665935
WPP_Medium,2075-2079,M,20-24,0.00091152494
WPP_Medium,2075-2079,M,25-29,0.0011410744
WPP_Medium,2075-2079,M,30-34,0.0015219645
WPP_Medium,2075-2079,M,35-39,0.0021140084
WPP_Medium,2075-2079,M,40-44,0.0028694553
WPP_Medium,2075-2079,M,45-49,0.0039683021
WPP_Medium,2075-2079,M,50-54,0.0059813802
WPP_Medium,2075-2079,M,55-59,0.0082351885
WPP_Medium,2075-2079,M,60-64,0.012746778
WPP_Medium,2075-2079,M,65-69,0.020082245
WPP_Medium,2075-2079,M,70-74,0.032180936
WPP_Medium,2075-2079,M,75-79,0.053762627
WPP_Medium,2075-2079,M,80-84,0.092423081
WPP_Medium,2075-2079,M,85-89,0.16018214
WPP_Medium,2075-2079,M,90-94,0.26971214
WPP_Medium,2075-2079,M,95-99,0.40834795
WPP_Medium,2080-2084,M,0-0,0.0081565282
WPP_Medium,2080-2084,M,1-4,0.00053096131
WPP_Medium,2080-2084,M,5-9,0.00027369729
WPP_Medium,2080-2084,M,10-14,0.00023889772
WPP_Medium,2080-2084,M,15-19,0.00053117685
WPP_Medium,2080-2084,M,20-24,0.00085124043
WPP_Medium,2080-2084,M,25-29,0.0010541747
WPP_Medium,2080-2084,M,30-34,0.0013957683
WPP_Medium,2080-2084,M,35-39,0.0019240696
WPP_Medium,2080-2084,M,40-44,0.0026088593
WPP_Medium,2080-2084,M,45-49,0.0036060289
WPP_Medium,2080-2084,M,50-54,0.0054579663
WPP_Medium,2080-2084,M,55-59,0.0074996254
WPP_Medium,2080-2084,M,60-64,0.011638604
WPP_Medium,2080-2084,M,65-69,0.018403825
WPP_Medium,2080-2084,M,70-74,0.02957836
WPP_Medium,2080-2084,M,75-79,0.049695337
WPP_Medium,2080-2084,M,80-84,0.085974953
WPP_Medium,2080-2084,M,85-89,0.15021097
WPP_Medium,2080-2084,M,90-94,0.25502368
WPP_Medium,2080-2084,M,95-99,0.39062743
WPP_Medium,2085-2089,M,0-0,0.0076821932
WPP_Medium,2085-2089,M,1-4,0.0004907225
WPP_Medium,2085-2089,M,5-9,0.00025536498
WPP_Medium,2085-2089,M,10-14,0.00022123687
WPP_Medium,2085-2089,M,15-19,0.00049703288
WPP_Medium,2085-2089,M,20-24,0.00079258891
WPP_Medium,2085-2089,M,25-29,0.00097015603
WPP_Medium,2085-2089,M,30-34,0.0012742783
WPP_Medium,2085-2089,M,35-39,0.0017428646
WPP_Medium,2085-2089,M,40-44,0.0023618475
WPP_Medium,2085-2089,M,45-49,0.0032648919
WPP_Medium,2085-2089,M,50-54,0.0049662997
WPP_Medium,2085-2089,M,55-59,0.0068123401
WPP_Medium,2085-2089,M,60-64,0.010602974
WPP_Medium,2085-2089,M,65-69,0.016833433
WPP_Medium,2085-2089,M,70-74,0.027133733
WPP_Medium,2085-2089,M,75-79,0.045843049
WPP_Medium,2085-2089,M,80-84,0.079807556
WPP_Medium,2085-2089,M,85-89,0.14055765
WPP_Medium,2085-2089,M,90-94,0.24062192
WPP_Medium,2085-2089,M,95-99,0.37293216
WPP_Medium,2090-2094,M,0-0,0.0072652027
WPP_Medium,2090-2094,M,1-4,0.00045799876
WPP_Medium,2090-2094,M,5-9,0.0002396898
WPP_Medium,2090-2094,M,10-14,0.00020553688
WPP_Medium,2090-2094,M,15-19,0.00046466976
WPP_Medium,2090-2094,M,20-24,0.00073683769
WPP_Medium,2090-2094,M,25-29,0.00089106305
WPP_Medium,2090-2094,M,30-34,0.0011601487
WPP_Medium,2090-2094,M,35-39,0.0015736479
WPP_Medium,2090-2094,M,40-44,0.0021313541
WPP_Medium,2090-2094,M,45-49,0.0029465261
WPP_Medium,2090-2094,M,50-54,0.0045030298
WPP_Medium,2090-2094,M,55-59,0.0061659966
WPP_Medium,2090-2094,M,60-64,0.0096209443
WPP_Medium,2090-2094,M,65-69,0.015340827
WPP_Medium,2090-2094,M,70-74,0.024810775
WPP_Medium,2090-2094,M,75-79,0.042158776
WPP_Medium,2090-2094,M,80-84,0.073855927
WPP_Medium,2090-2094,M,85-89,0.13110953
WPP_Medium,2090-2094,M,90-94,0.22629568
WPP_Medium,2090-2094,M,95-99,0.35487134
WPP_Medium,2095-2099,M,0-0,0.006915365
WPP_Medium,2095-2099,M,1-4,0.00043274385
WPP_Medium,2095-2099,M,5-9,0.00022700281
WPP_Medium,2095-2099,M,10-14,0.00019229068
WPP_Medium,2095-2099,M,15-19,0.00043579171
WPP_Medium,2095-2099,M,20-24,0.00068701648
WPP_Medium,2095-2099,M,25-29,0.00082079021
WPP_Medium,2095-2099,M,30-34,0.0010585211
WPP_Medium,2095-2099,M,35-39,0.0014229177
WPP_Medium,2095-2099,M,40-44,0.0019251172
WPP_Medium,2095-2099,M,45-49,0.0026604023
WPP_Medium,2095-2099,M,50-54,0.0040821986
WPP_Medium,2095-2099,M,55-59,0.0055793016
WPP_Medium,2095-2099,M,60-64,0.008723482
WPP_Medium,2095-2099,M,65-69,0.01397518
WPP_Medium,2095-2099,M,70-74,0.022687232
WPP_Medium,2095-2099,M,75-79,0.038770863
WPP_Medium,2095-2099,M,80-84,0.068329246
WPP_Medium,2095-2099,M,85-89,0.12219649
WPP_Medium,2095-2099,M,90-94,0.21251866
WPP_Medium,2095-2099,M,95-99,0.33702424
WPP_Estimates,1950-1954,F,0-0,0.18727147
WPP_Estimates,1950-1954,F,1-4,0.061847249
WPP_Estimates,1950-1954,F,5-9,0.020070483
WPP_Estimates,1950-1954,F,10-14,0.010722269
WPP_Estimates,1950-1954,F,15-19,0.009929697
WPP_Estimates,1950-1954,F,20-24,0.0094530922
WPP_Estimates,1950-1954,F,25-29,0.0094117274
WPP_Estimates,1950-1954,F,30-34,0.0099409542
WPP_Estimates,1950-1954,F,35-39,0.01050149
WPP_Estimates,1950-1954,F,40-44,0.011655653
WPP_Estimates,1950-1954,F,45-49,0.012301384
WPP_Estimates,1950-1954,F,50-54,0.015716688
WPP_Estimates,1950-1954,F,55-59,0.020813564
WPP_Estimates,1950-1954,F,60-64,0.031241997
WPP_Estimates,1950-1954,F,65-69,0.047116633
WPP_Estimates,1950-1954,F,70-74,0.072983808
WPP_Estimates,1950-1954,F,75-79,0.11024833
WPP_Estimates,1950-1954,F,80-84,0.16998893
WPP_Estimates,1950-1954,F,85-89,0.25295047
WPP_Estimates,1950-1954,F,90-94,0.36736516
WPP_Estimates,1950-1954,F,95-99,0.46813588
WPP_Estimates,1955-1959,F,0-0,0.18438117
WPP_Estimates,1955-1959,F,1-4,0.058316956
WPP_Estimates,1955-1959,F,5-9,0.018396698
WPP_Estimates,1955-1959,F,10-14,0.0098933278
WPP_Estimates,1955-1959,F,15-19,0.0092874888
WPP_Estimates,1955-1959,F,20-24,0.008945511
WPP_Estimates,1955-1959,F,25-29,0.0089621481
WPP_Estimates,1955-1959,F,30-34,0.0094995542
WPP_Estimates,1955-1959,F,35-39,0.01008379
WPP_Estimates,1955-1959,F,40-44,0.011255288
WPP_Estimates,1955-1959,F,45-49,0.011941593
WPP_Estimates,1955-1959,F,50-54,0.015327047
WPP_Estimates,1955-1959,F,55-59,0.020348519
WPP_Estimates,1955-1959,F,60-64,0.030645055
WPP_Estimates,1955-1959,F,65-69,0.046452461
WPP_Estimates,1955-1959,F,70-74,0.072317039
WPP_Estimates,1955-1959,F,75-79,0.10986245
WPP_Estimates,1955-1959,F,80-84,0.17043341
WPP_Estimates,1955-1959,F,85-89,0.25530697
WPP_Estimates,1955-1959,F,90-94,0.37357731
WPP_Estimates,1955-1959,F,95-99,0.47898285
WPP_Estimates,1960-1964,F,0-0,0.18036048
WPP_Estimates,1960-1964,F,1-4,0.054034124
WPP_Estimates,1960-1964,F,5-9,0.016494857
WPP_Estimates,1960-1964,F,10-14,0.0089449287
WPP_Estimates,1960-1964,F,15-19,0.0085430676
WPP_Estimates,1960-1964,F,20-24,0.0083500934
WPP_Estimates,1960-1964,F,25-29,0.0084306422
WPP_Estimates,1960-1964,F,30-34,0.0089756357
WPP_Estimates,1960-1964,F,35-39,0.0095859214
WPP_Estimates,1960-1964,F,40-44,0.010777455
WPP_Estimates,1960-1964,F,45-49,0.011512087
WPP_Estimates,1960-1964,F,50-54,0.014863825
WPP_Estimates,1960-1964,F,55-59,0.019798344
WPP_Estimates,1960-1964,F,60-64,0.029945253
WPP_Estimates,1960-1964,F,65-69,0.045690686
WPP_Estimates,1960-1964,F,70-74,0.071591122
WPP_Estimates,1960-1964,F,75-79,0.10955212
WPP_Estimates,1960-1964,F,80-84,0.17128357
WPP_Estimates,1960-1964,F,85-89,0.25876732
WPP_Estimates,1960-1964,F,90-94,0.38228542
WPP_Estimates,1960-1964,F,95-99,0.49401281
WPP_Estimates,1965-1969,F,0-0,0.17668103
WPP_Estimates,1965-1969,F,1-4,0.050470404
WPP_Estimates,1965-1969,F,5-9,0.014997386
WPP_Estimates,1965-1969,F,10-14,0.0081918367
WPP_Estimates,1965-1969,F,15-19,0.007941379
WPP_Estimates,1965-1969,F,20-24,0.0078610766
WPP_Estimates,1965-1969,F,25-29,0.0079900909
WPP_Estimates,1965-1969,F,30-34,0.008539037
WPP_Estimates,1965-1969,F,35-39,0.0091678838
WPP_Estimates,1965-1969,F,40-44,0.010372567
WPP_Estimates,1965-1969,F,45-49,0.011144696
WPP_Estimates,1965-1969,F,50-54,0.014463995
WPP_Estimates,1965-1969,F,55-59,0.019320857
WPP_Estimates,1965-1969,F,60-64,0.029332852
WPP_Estimates,1965-1969,F,65-69,0.045012214
WPP_Estimates,1965-1969,F,70-74,0.070923787
WPP_Estimates,1965-1969,F,75-79,0.10921662
WPP_Estimates,1965-1969,F,80-84,0.17191836
WPP_Estimates,1965-1969,F,85-89,0.26164396
WPP_Estimates,1965-1969,F,90-94,0.38975996
WPP_Estimates,1965-1969,F,95-99,0.50711512
WPP_Estimates,1970-1974,F,0-0,0.16883247
WPP_Estimates,1970-1974,F,1-4,0.043920637
WPP_Estimates,1970-1974,F,5-9,0.012414457
WPP_Estimates,1970-1974,F,10-14,0.0068778535
WPP_Estimates,1970-1974,F,15-19,0.0068651147
WPP_Estimates,1970-1974,F,20-24,0.0069675707
WPP_Estimates,1970-1974,F,25-29,0.0071766537
WPP_Estimates,1970-1974,F,30-34,0.0077276911
WPP_Estimates,1970-1974,F,35-39,0.0083831489
WPP_Estimates,1970-1974,F,40-44,0.0096009173
WPP_Estimates,1970-1974,F,45-49,0.010433521
WPP_Estimates,1970-1974,F,50-54,0.013676143
WPP_Estimates,1970-1974,F,55-59,0.018368371
WPP_Estimates,1970-1974,F,60-64,0.028087764
WPP_Estimates,1970-1974,F,65-69,0.043579046
WPP_Estimates,1970-1974,F,70-74,0.069413769
WPP_Estimates,1970-1974,F,75-79,0.10820654
WPP_Estimates,1970-1974,F,80-84,0.17258684
WPP_Estimates,1970-1974,F,85-89,0.26645385
WPP_Estimates,1970-1974,F,90-94,0.40338812
WPP_Estimates,1970-1974,F,95-99,0.53183771
WPP_Estimates,1975-1979,F,0-0,0.16100609
WPP_Estimates,1975-1979,F,1-4,0.038552108
WPP_Estimates,1975-1979,F,5-9,0.010425769
WPP_Estimates,1975-1979,F,10-14,0.0058492849
WPP_Estimates,1975-1979,F,15-19,0.0059931894
WPP_Estimates,1975-1979,F,20-24,0.0062207035
WPP_Estimates,1975-1979,F,25-29,0.0064847603
WPP_Estimates,1975-1979,F,30-34,0.0070303101
WPP_Estimates,1975-1979,F,35-39,0.0076979286
WPP_Estimates,1975-1979,F,40-44,0.0089125532
WPP_Estimates,1975-1979,F,45-49,0.0097843388
WPP_Estimates,1975-1979,F,50-54,0.012939567
WPP_Estimates,1975-1979,F,55-59,0.017464335
WPP_Estimates,1975-1979,F,60-64,0.026878379
WPP_Estimates,1975-1979,F,65-69,0.042117717
WPP_Estimates,1975-1979,F,70-74,0.067744178
WPP_Estimates,1975-1979,F,75-79,0.10677314
WPP_Estimates,1975-1979,F,80-84,0.1723346
WPP_Estimates,1975-1979,F,85-89,0.26952202
WPP_Estimates,1975-1979,F,90-94,0.41399835
WPP_Estimates,1975-1979,F,95-99,0.55234445
WPP_Estimates,1980-1984,F,0-0,0.15299983
WPP_Estimates,1980-1984,F,1-4,0.03370195
WPP_Estimates,1980-1984,F,5-9,0.0087333638
WPP_Estimates,1980-1984,F,10-14,0.0049665133
WPP_Estimates,1980-1984,F,15-19,0.0052333223
WPP_Estimates,1980-1984,F,20-24,0.005589024
WPP_Estimates,1980-1984,F,25-29,0.005940092
WPP_Estimates,1980-1984,F,30-34,0.0065037697
WPP_Estimates,1980-1984,F,35-39,0.0071996079
WPP_Estimates,1980-1984,F,40-44,0.0083979584
WPP_Estimates,1980-1984,F,45-49,0.0092936354
WPP_Estimates,1980-1984,F,50-54,0.012347608
WPP_Estimates,1980-1984,F,55-59,0.016696029
WPP_Estimates,1980-1984,F,60-64,0.025772718
WPP_Estimates,1980-1984,F,65-69,0.040675328
WPP_Estimates,1980-1984,F,70-74,0.065944762
WPP_Estimates,1980-1984,F,75-79,0.10495349
WPP_Estimates,1980-1984,F,80-84,0.17135374
WPP_Estimates,1980-1984,F,85-89,0.27143904
WPP_Estimates,1980-1984,F,90-94,0.4224208
WPP_Estimates,1980-1984,F,95-99,0.5693348
WPP_Estimates,1985-1989,F,0-0,0.14671938
WPP_Estimates,1985-1989,F,1-4,0.029725308
WPP_Estimates,1985-1989,F,5-9,0.0072117523
WPP_Estimates,1985-1989,F,10-14,0.0041839066
WPP_Estimates,1985-1989,F,15-19,0.0045982681
WPP_Estimates,1985-1989,F,20-24,0.0052622692
WPP_Estimates,1985-1989,F,25-29,0.0059827376
WPP_Estimates,1985-1989,F,30-34,0.0067516688
WPP_Estimates,1985-1989,F,35-39,0.0076412118
WPP_Estimates,1985-1989,F,40-44,0.0087939789
WPP_Estimates,1985-1989,F,45-49,0.0096855733
WPP_Estimates,1985-1989,F,50-54,0.012593044
WPP_Estimates,1985-1989,F,55-59,0.01673995
WPP_Estimates,1985-1989,F,60-64,0.025371243
WPP_Estimates,1985-1989,F,65-69,0.039675378
WPP_Estimates,1985-1989,F,70-74,0.064157586
WPP_Estimates,1985-1989,F,75-79,0.10240214
WPP_Estimates,1985-1989,F,80-84,0.16893546
WPP_Estimates,1985-1989,F,85-89,0.27125246
WPP_Estimates,1985-1989,F,90-94,0.42436438
WPP_Estimates,1985-1989,F,95-99,0.57219112
WPP_Estimates,1990-1994,F,0-0,0.13374446
WPP_Estimates,1990-1994,F,1-4,0.023308041
WPP_Estimates,1990-1994,F,5-9,0.005042769
WPP_Estimates,1990-1994,F,10-14,0.0030896576
WPP_Estimates,1990-1994,F,15-19,0.0037656162
WPP_Estimates,1990-1994,F,20-24,0.0052589159
WPP_Estimates,1990-1994,F,25-29,0.0073630633
WPP_Estimates,1990-1994,F,30-34,0.0090996461
WPP_Estimates,1990-1994,F,35-39,0.010934417
WPP_Estimates,1990-1994,F,40-44,0.011826641
WPP_Estimates,1990-1994,F,45-49,0.012622577
WPP_Estimates,1990-1994,F,50-54,0.015030475
WPP_Estimates,1990-1994,F,55-59,0.018683345
WPP_Estimates,1990-1994,F,60-64,0.026273392
WPP_Estimates,1990-1994,F,65-69,0.039106251
WPP_Estimates,1990-1994,F,70-74,0.061533919
WPP_Estimates,1990-1994,F,75-79,0.0971756
WPP_Estimates,1990-1994,F,80-84,0.16243236
WPP_Estimates,1990-1994,F,85-89,0.26673008
WPP_Estimates,1990-1994,F,90-94,0.41425095
WPP_Estimates,1990-1994,F,95-99,0.54835101
WPP_Estimates,1995-1999,F,0-0,0.11205418
WPP_Estimates,1995-1999,F,1-4,0.017359777
WPP_Estimates,1995-1999,F,5-9,0.0036570489
WPP_Estimates,1995-1999,F,10-14,0.0024120625
WPP_Estimates,1995-1999,F,15-19,0.0032919597
WPP_Estimates,1995-1999,F,20-24,0.0057735965
WPP_Estimates,1995-1999,F,25-29,0.010298383
WPP_Estimates,1995-1999,F,30-34,0.01411732
WPP_Estimates,1995-1999,F,35-39,0.018117961
WPP_Estimates,1995-1999,F,40-44,0.018074164
WPP_Estimates,1995-1999,F,45-49,0.018478466
WPP_Estimates,1995-1999,F,50-54,0.019634465
WPP_Estimates,1995-1999,F,55-59,0.022344019
WPP_Estimates,1995-1999,F,60-64,0.028399845
WPP_Estimates,1995-1999,F,65-69,0.039318082
WPP_Estimates,1995-1999,F,70-74,0.059041335
WPP_Estimates,1995-1999,F,75-79,0.09076237
WPP_Estimates,1995-1999,F,80-84,0.15178101
WPP_Estimates,1995-1999,F,85-89,0.25221578
WPP_Estimates,1995-1999,F,90-94,0.38257335
WPP_Estimates,1995-1999,F,95-99,0.4901494
WPP_Estimates,2000-2004,F,0-0,0.090625468
WPP_Estimates,2000-2004,F,1-4,0.013289673
WPP_Estimates,2000-2004,F,5-9,0.0031461547
WPP_Estimates,2000-2004,F,10-14,0.0021808964
WPP_Estimates,2000-2004,F,15-19,0.0031619115
WPP_Estimates,2000-2004,F,20-24,0.006196487
WPP_Estimates,2000-2004,F,25-29,0.01238309
WPP_Estimates,2000-2004,F,30-34,0.017809528
WPP_Estimates,2000-2004,F,35-39,0.023587472
WPP_Estimates,2000-2004,F,40-44,0.02270285
WPP_Estimates,2000-2004,F,45-49,0.022801781
WPP_Estimates,2000-2004,F,50-54,0.022949067
WPP_Estimates,2000-2004,F,55-59,0.024981065
WPP_Estimates,2000-2004,F,60-64,0.030132411
WPP_Estimates,2000-2004,F,65-69,0.040144626
WPP_Estimates,2000-2004,F,70-74,0.058658311
WPP_Estimates,2000-2004,F,75-79,0.088615341
WPP_Estimates,2000-2004,F,80-84,0.14743016
WPP_Estimates,2000-2004,F,85-89,0.24524587
WPP_Estimates,2000-2004,F,90-94,0.36678016
WPP_Estimates,2000-2004,F,95-99,0.46228505
WPP_Estimates,2005-2009,F,0-0,0.067802304
WPP_Estimates,2005-2009,F,1-4,0.0086206856
WPP_Estimates,2005-2009,F,5-9,0.002542725
WPP_Estimates,2005-2009,F,10-14,0.0017825416
WPP_Estimates,2005-2009,F,15-19,0.0026105977
WPP_Estimates,2005-2009,F,20-24,0.004744512
WPP_Estimates,2005-2009,F,25-29,0.0084269683
WPP_Estimates,2005-2009,F,30-34,0.011561149
WPP_Estimates,2005-2009,F,35-39,0.015078739
WPP_Estimates,2005-2009,F,40-44,0.015747483
WPP_Estimates,2005-2009,F,45-49,0.016741019
WPP_Estimates,2005-2009,F,50-54,0.018476152
WPP_Estimates,2005-2009,F,55-59,0.021408862
WPP_Estimates,2005-2009,F,60-64,0.027737269
WPP_Estimates,2005-2009,F,65-69,0.039378338
WPP_Estimates,2005-2009,F,70-74,0.060238926
WPP_Estimates,2005-2009,F,75-79,0.094509679
WPP_Estimates,2005-2009,F,80-84,0.16078189
WPP_Estimates,2005-2009,F,85-89,0.27266852
WPP_Estimates,2005-2009,F,90-94,0.42768862
WPP_Estimates,2005-2009,F,95-99,0.56639891
WPP_Estimates,2010-2014,F,0-0,0.050190222
WPP_Estimates,2010-2014,F,1-4,0.0052925134
WPP_Estimates,2010-2014,F,5-9,0.0016368929
WPP_Estimates,2010-2014,F,10-14,0.0011672384
WPP_Estimates,2010-2014,F,15-19,0.0017199184
WPP_Estimates,2010-2014,F,20-24,0.0027561044
WPP_Estimates,2010-2014,F,25-29,0.004054861
WPP_Estimates,2010-2014,F,30-34,0.0051529601
WPP_Estimates,2010-2014,F,35-39,0.0065357502
WPP_Estimates,2010-2014,F,40-44,0.0077129115
WPP_Estimates,2010-2014,F,45-49,0.0089200545
WPP_Estimates,2010-2014,F,50-54,0.011306488
WPP_Estimates,2010-2014,F,55-59,0.014384929
WPP_Estimates,2010-2014,F,60-64,0.020721589
WPP_Estimates,2010-2014,F,65-69,0.03226221
WPP_Estimates,2010-2014,F,70-74,0.052645726
WPP_Estimates,2010-2014,F,75-79,0.086981393
WPP_Estimates,2010-2014,F,80-84,0.15203614
WPP_Estimates,2010-2014,F,85-89,0.26363942
WPP_Estimates,2010-2014,F,90-94,0.4417201
WPP_Estimates,2010-2014,F,95-99,0.62788756
WPP_Estimates,2015-2019,F,0-0,0.038184031
WPP_Estimates,2015-2019,F,1-4,0.0034841025
WPP_Estimates,2015-2019,F,5-9,0.0010353794
WPP_Estimates,2015-2019,F,10-14,0.00079101013
WPP_Estimates,2015-2019,F,15-19,0.0012397557
WPP_Estimates,2015-2019,F,20-24,0.00204117
WPP_Estimates,2015-2019,F,25-29,0.0029736514
WPP_Estimates,2015-2019,F,30-34,0.0037661158
WPP_Estimates,2015-2019,F,35-39,0.0048303699
WPP_Estimates,2015-2019,F,40-44,0.0059324975
WPP_Estimates,2015-2019,F,45-49,0.0071004028
WPP_Estimates,2015-2019,F,50-54,0.0092742213
WPP_Estimates,2015-2019,F,55-59,0.011927001
WPP_Estimates,2015-2019,F,60-64,0.017331297
WPP_Estimates,2015-2019,F,65-69,0.027341452
WPP_Estimates,2015-2019,F,70-74,0.044882515
WPP_Estimates,2015-2019,F,75-79,0.074731232
WPP_Estimates,2015-2019,F,80-84,0.13109948
WPP_Estimates,2015-2019,F,85-89,0.22896269
WPP_Estimates,2015-2019,F,90-94,0.39150638
WPP_Estimates,2015-2019,F,95-99,0.56987314
WPP_Medium,2020-2024,F,0-0,0.029126477
WPP_Medium,2020-2024,F,1-4,0.0026462784
WPP_Medium,2020-2024,F,5-9,0.00078551082
WPP_Medium,2020-2024,F,10-14,0.00060126421
WPP_Medium,2020-2024,F,15-19,0.00094653443
WPP_Medium,2020-2024,F,20-24,0.0015711305
WPP_Medium,2020-2024,F,25-29,0.0023214439
WPP_Medium,2020-2024,F,30-34,0.0030030503
WPP_Medium,2020-2024,F,35-39,0.0039589237
WPP_Medium,2020-2024,F,40-44,0.005015851
WPP_Medium,2020-2024,F,45-49,0.0061944383
WPP_Medium,2020-2024,F,50-54,0.0083254146
WPP_Medium,2020-2024,F,55-59,0.010965056
WPP_Medium,2020-2024,F,60-64,0.016226757
WPP_Medium,2020-2024,F,65-69,0.025936668
WPP_Medium,2020-2024,F,70-74,0.042981584
WPP_Medium,2020-2024,F,75-79,0.072097634
WPP_Medium,2020-2024,F,80-84,0.12728128
WPP_Medium,2020-2024,F,85-89,0.22353672
WPP_Medium,2020-2024,F,90-94,0.38411205
WPP_Medium,2020-2024,F,95-99,0.56153847
WPP_Medium,2025-2029,F,0-0,0.021971361
WPP_Medium,2025-2029,F,1-4,0.002013332
WPP_Medium,2025-2029,F,5-9,0.00060883566
WPP_Medium,2025-2029,F,10-14,0.00047006312
WPP_Medium,2025-2029,F,15-19,0.00074506642
WPP_Medium,2025-2029,F,20-24,0.0012385314
WPP_Medium,2025-2029,F,25-29,0.0018400761
WPP_Medium,2025-2029,F,30-34,0.0024149383
WPP_Medium,2025-2029,F,35-39,0.0032531029
WPP_Medium,2025-2029,F,40-44,0.004248739
WPP_Medium,2025-2029,F,45-49,0.0053963065
WPP_Medium,2025-2029,F,50-54,0.0074553808
WPP_Medium,2025-2029,F,55-59,0.01002807
WPP_Medium,2025-2029,F,60-64,0.015099892
WPP_Medium,2025-2029,F,65-69,0.024424184
WPP_Medium,2025-2029,F,70-74,0.040810027
WPP_Medium,2025-2029,F,75-79,0.068880966
WPP_Medium,2025-2029,F,80-84,0.12211159
WPP_Medium,2025-2029,F,85-89,0.21507462
WPP_Medium,2025-2029,F,90-94,0.37030776
WPP_Medium,2025-2029,F,95-99,0.5438623
WPP_Medium,2030-2034,F,0-0,0.016567401
WPP_Medium,2030-2034,F,1-4,0.0015197045
WPP_Medium,2030-2034,F,5-9,0.00047171167
WPP_Medium,2030-2034,F,10-14,0.00037217227
WPP_Medium,2030-2034,F,15-19,0.00059921676
WPP_Medium,2030-2034,F,20-24,0.00099994637
WPP_Medium,2030-2034,F,25-29,0.001491167
WPP_Medium,2030-2034,F,30-34,0.0019788639
WPP_Medium,2030-2034,F,35-39,0.0027145684
WPP_Medium,2030-2034,F,40-44,0.0036450945
WPP_Medium,2030-2034,F,45-49,0.0047444488
WPP_Medium,2030-2034,F,50-54,0.0067151598
WPP_Medium,2030-2034,F,55-59,0.0091884557
WPP_Medium,2030-2034,F,60-64,0.014036327
WPP_Medium,2030-2034,F,65-69,0.022927569
WPP_Medium,2030-2034,F,70-74,0.038569396
WPP_Medium,2030-2034,F,75-79,0.065450855
WPP_Medium,2030-2034,F,80-84,0.11647574
WPP_Medium,2030-2034,F,85-89,0.20574993
WPP_Medium,2030-2034,F,90-94,0.35508107
WPP_Medium,2030-2034,F,95-99,0.52426588
WPP_Medium,2035-2039,F,0-0,0.012639452
WPP_Medium,2035-2039,F,1-4,0.0011628967
WPP_Medium,2035-2039,F,5-9,0.00037402061
WPP_Medium,2035-2039,F,10-14,0.00030331792
WPP_Medium,2035-2039,F,15-19,0.00049784125
WPP_Medium,2035-2039,F,20-24,0.00083510134
WPP_Medium,2035-2039,F,25-29,0.0012481546
WPP_Medium,2035-2039,F,30-34,0.0016682524
WPP_Medium,2035-2039,F,35-39,0.0023172681
WPP_Medium,2035-2039,F,40-44,0.0031788244
WPP_Medium,2035-2039,F,45-49,0.0042137797
WPP_Medium,2035-2039,F,50-54,0.0060760917
WPP_Medium,2035-2039,F,55-59,0.0084173462
WPP_Medium,2035-2039,F,60-64,0.012999385
WPP_Medium,2035-2039,F,65-69,0.021393644
WPP_Medium,2035-2039,F,70-74,0.036175207
WPP_Medium,2035-2039,F,75-79,0.061656249
WPP_Medium,2035-2039,F,80-84,0.11009497
WPP_Medium,2035-2039,F,85-89,0.19507996
WPP_Medium,2035-2039,F,90-94,0.33768884
WPP_Medium,2035-2039,F,95-99,0.50177666
WPP_Medium,2040-2044,F,0-0,0.010038087
WPP_Medium,2040-2044,F,1-4,0.00091901513
WPP_Medium,2040-2044,F,5-9,0.00030666755
WPP_Medium,2040-2044,F,10-14,0.0002557203
WPP_Medium,2040-2044,F,15-19,0.00042773007
WPP_Medium,2040-2044,F,20-24,0.00072097834
WPP_Medium,2040-2044,F,25-29,0.0010781621
WPP_Medium,2040-2044,F,30-34,0.0014457458
WPP_Medium,2040-2044,F,35-39,0.0020216419
WPP_Medium,2040-2044,F,40-44,0.0028137512
WPP_Medium,2040-2044,F,45-49,0.0037724418
WPP_Medium,2040-2044,F,50-54,0.0055083704
WPP_Medium,2040-2044,F,55-59,0.0076867371
WPP_Medium,2040-2044,F,60-64,0.011961552
WPP_Medium,2040-2044,F,65-69,0.019799335
WPP_Medium,2040-2044,F,70-74,0.033632325
WPP_Medium,2040-2044,F,75-79,0.057591449
WPP_Medium,2040-2044,F,80-84,0.10328467
WPP_Medium,2040-2044,F,85-89,0.18382921
WPP_Medium,2040-2044,F,90-94,0.31967428
WPP_Medium,2040-2044,F,95-99,0.47884049
WPP_Medium,2045-2049,F,0-0,0.0084092458
WPP_Medium,2045-2049,F,1-4,0.00076663525
WPP_Medium,2045-2049,F,5-9,0.00026461498
WPP_Medium,2045-2049,F,10-14,0.00022501115
WPP_Medium,2045-2049,F,15-19,0.00038116183
WPP_Medium,2045-2049,F,20-24,0.0006435272
WPP_Medium,2045-2049,F,25-29,0.00096037406
WPP_Medium,2045-2049,F,30-34,0.0012872584
WPP_Medium,2045-2049,F,35-39,0.0018020388
WPP_Medium,2045-2049,F,40-44,0.0025276135
WPP_Medium,2045-2049,F,45-49,0.0034045674
WPP_Medium,2045-2049,F,50-54,0.0050046237
WPP_Medium,2045-2049,F,55-59,0.0070031472
WPP_Medium,2045-2049,F,60-64,0.010946952
WPP_Medium,2045-2049,F,65-69,0.018197507
WPP_Medium,2045-2049,F,70-74,0.031039834
WPP_Medium,2045-2049,F,75-79,0.053422527
WPP_Medium,2045-2049,F,80-84,0.096319524
WPP_Medium,2045-2049,F,85-89,0.17242396
WPP_Medium,2045-2049,F,90-94,0.30165914
WPP_Medium,2045-2049,F,95-99,0.45613967
WPP_Medium,2050-2054,F,0-0,0.0073750198
WPP_Medium,2050-2054,F,1-4,0.00066729107
WPP_Medium,2050-2054,F,5-9,0.00023702247
WPP_Medium,2050-2054,F,10-14,0.00020428005
WPP_Medium,2050-2054,F,15-19,0.0003489368
WPP_Medium,2050-2054,F,20-24,0.000588988
WPP_Medium,2050-2054,F,25-29,0.00087593341
WPP_Medium,2050-2054,F,30-34,0.0011708212
WPP_Medium,2050-2054,F,35-39,0.0016348767
WPP_Medium,2050-2054,F,40-44,0.0023003742
WPP_Medium,2050-2054,F,45-49,0.0030988077
WPP_Medium,2050-2054,F,50-54,0.0045677267
WPP_Medium,2050-2054,F,55-59,0.0063888416
WPP_Medium,2050-2054,F,60-64,0.01001085
WPP_Medium,2050-2054,F,65-69,0.016695984
WPP_Medium,2050-2054,F,70-74,0.028587977
WPP_Medium,2050-2054,F,75-79,0.049461866
WPP_Medium,2050-2054,F,80-84,0.089694349
WPP_Medium,2050-2054,F,85-89,0.16158324
WPP_Medium,2050-2054,F,90-94,0.2845729
WPP_Medium,2050-2054,F,95-99,0.43465061
WPP_Medium,2055-2059,F,0-0,0.0067172046
WPP_Medium,2055-2059,F,1-4,0.00060238586
WPP_Medium,2055-2059,F,5-9,0.00021875766
WPP_Medium,2055-2059,F,10-14,0.00018989308
WPP_Medium,2055-2059,F,15-19,0.00032567093
WPP_Medium,2055-2059,F,20-24,0.00054852131
WPP_Medium,2055-2059,F,25-29,0.0008120041
WPP_Medium,2055-2059,F,30-34,0.0010808704
WPP_Medium,2055-2059,F,35-39,0.0015022937
WPP_Medium,2055-2059,F,40-44,0.0021147304
WPP_Medium,2055-2059,F,45-49,0.0028410688
WPP_Medium,2055-2059,F,50-54,0.0041888739
WPP_Medium,2055-2059,F,55-59,0.0058441624
WPP_Medium,2055-2059,F,60-64,0.0091664405
WPP_Medium,2055-2059,F,65-69,0.015328535
WPP_Medium,2055-2059,F,70-74,0.026341926
WPP_Medium,2055-2059,F,75-79,0.045817658
WPP_Medium,2055-2059,F,80-84,0.083575748
WPP_Medium,2055-2059,F,85-89,0.15153239
WPP_Medium,2055-2059,F,90-94,0.26866627
WPP_Medium,2055-2059,F,95-99,0.41454126
WPP_Medium,2060-2064,F,0-0,0.0062921008
WPP_Medium,2060-2064,F,1-4,0.00056081629
WPP_Medium,2060-2064,F,5-9,0.00020669861
WPP_Medium,2060-2064,F,10-14,0.00017943255
WPP_Medium,2060-2064,F,15-19,0.00030752245
WPP_Medium,2060-2064,F,20-24,0.0005155491
WPP_Medium,2060-2064,F,25-29,0.00075879629
WPP_Medium,2060-2064,F,30-34,0.0010051881
WPP_Medium,2060-2064,F,35-39,0.0013894112
WPP_Medium,2060-2064,F,40-44,0.0019543162
WPP_Medium,2060-2064,F,45-49,0.0026143736
WPP_Medium,2060-2064,F,50-54,0.0038496237
WPP_Medium,2060-2064,F,55-59,0.0053507182
WPP_Medium,2060-2064,F,60-64,0.0083918314
WPP_Medium,2060-2064,F,65-69,0.014066744
WPP_Medium,2060-2064,F,70-74,0.024261597
WPP_Medium,2060-2064,F,75-79,0.042428422
WPP_Medium,2060-2064,F,80-84,0.077860279
WPP_Medium,2060-2064,F,85-89,0.14209494
WPP_Medium,2060-2064,F,90-94,0.25364463
WPP_Medium,2060-2064,F,95-99,0.39537556
WPP_Medium,2065-2069,F,0-0,0.0059965821
WPP_Medium,2065-2069,F,1-4,0.00053179333
WPP_Medium,2065-2069,F,5-9,0.00019790921
WPP_Medium,2065-2069,F,10-14,0.00017099949
WPP_Medium,2065-2069,F,15-19,0.00029177883
WPP_Medium,2065-2069,F,20-24,0.00048576962
WPP_Medium,2065-2069,F,25-29,0.00070985319
WPP_Medium,2065-2069,F,30-34,0.00093530959
WPP_Medium,2065-2069,F,35-39,0.0012857878
WPP_Medium,2065-2069,F,40-44,0.0018080807
WPP_Medium,2065-2069,F,45-49,0.0024096248
WPP_Medium,2065-2069,F,50-54,0.0035448961
WPP_Medium,2065-2069,F,55-59,0.0049089348
WPP_Medium,2065-2069,F,60-64,0.0076974969
WPP_Medium,2065-2069,F,65-69,0.012933472
WPP_Medium,2065-2069,F,70-74,0.022384769
WPP_Medium,2065-2069,F,75-79,0.039348318
WPP_Medium,2065-2069,F,80-84,0.072617107
WPP_Medium,2065-2069,F,85-89,0.1333389
WPP_Medium,2065-2069,F,90-94,0.23952961
WPP_Medium,2065-2069,F,95-99,0.37708409
WPP_Medium,2070-2074,F,0-0,0.0058035487
WPP_Medium,2070-2074,F,1-4,0.00051259334
WPP_Medium,2070-2074,F,5-9,0.00019183265
WPP_Medium,2070-2074,F,10-14,0.00016445052
WPP_Medium,2070-2074,F,15-19,0.00027857404
WPP_Medium,2070-2074,F,20-24,0.00045961328
WPP_Medium,2070-2074,F,25-29,0.0006657942
WPP_Medium,2070-2074,F,30-34,0.00087189652
WPP_Medium,2070-2074,F,35-39,0.0011921694
WPP_Medium,2070-2074,F,40-44,0.0016773279
WPP_Medium,2070-2074,F,45-49,0.0022288788
WPP_Medium,2070-2074,F,50-54,0.0032786254
WPP_Medium,2070-2074,F,55-59,0.0045253883
WPP_Medium,2070-2074,F,60-64,0.0070958676
WPP_Medium,2070-2074,F,65-69,0.011951906
WPP_Medium,2070-2074,F,70-74,0.02075393
WPP_Medium,2070-2074,F,75-79,0.036652815
WPP_Medium,2070-2074,F,80-84,0.067978134
WPP_Medium,2070-2074,F,85-89,0.12547808
WPP_Medium,2070-2074,F,90-94,0.22663187
WPP_Medium,2070-2074,F,95-99,0.36003222
WPP_Medium,2075-2079,F,0-0,0.0056444125
WPP_Medium,2075-2079,F,1-4,0.00049402686
WPP_Medium,2075-2079,F,5-9,0.00018536371
WPP_Medium,2075-2079,F,10-14,0.0001578543
WPP_Medium,2075-2079,F,15-19,0.00026556684
WPP_Medium,2075-2079,F,20-24,0.00043402767
WPP_Medium,2075-2079,F,25-29,0.00062286471
WPP_Medium,2075-2079,F,30-34,0.00081038725
WPP_Medium,2075-2079,F,35-39,0.0011024616
WPP_Medium,2075-2079,F,40-44,0.0015534798
WPP_Medium,2075-2079,F,45-49,0.0020601332
WPP_Medium,2075-2079,F,50-54,0.0030321235
WPP_Medium,2075-2079,F,55-59,0.0041734376
WPP_Medium,2075-2079,F,60-64,0.0065448024
WPP_Medium,2075-2079,F,65-69,0.01105609
WPP_Medium,2075-2079,F,70-74,0.019268258
WPP_Medium,2075-2079,F,75-79,0.034193496
WPP_Medium,2075-2079,F,80-84,0.063721187
WPP_Medium,2075-2079,F,85-89,0.11819133
WPP_Medium,2075-2079,F,90-94,0.21450813
WPP_Medium,2075-2079,F,95-99,0.34371862
WPP_Medium,2080-2084,F,0-0,0.0055187748
WPP_Medium,2080-2084,F,1-4,0.00047936533
WPP_Medium,2080-2084,F,5-9,0.00017998269
WPP_Medium,2080-2084,F,10-14,0.00015206837
WPP_Medium,2080-2084,F,15-19,0.00025374323
WPP_Medium,2080-2084,F,20-24,0.00041035281
WPP_Medium,2080-2084,F,25-29,0.00058280068
WPP_Medium,2080-2084,F,30-34,0.00075286943
WPP_Medium,2080-2084,F,35-39,0.0010189565
WPP_Medium,2080-2084,F,40-44,0.0014388075
WPP_Medium,2080-2084,F,45-49,0.0019053191
WPP_Medium,2080-2084,F,50-54,0.0028074446
WPP_Medium,2080-2084,F,55-59,0.0038545867
WPP_Medium,2080-2084,F,60-64,0.0060462979
WPP_Medium,2080-2084,F,65-69,0.010246314
WPP_Medium,2080-2084,F,70-74,0.017922505
WPP_Medium,2080-2084,F,75-79,0.031953321
WPP_Medium,2080-2084,F,80-84,0.059809887
WPP_Medium,2080-2084,F,85-89,0.11141839
WPP_Medium,2080-2084,F,90-94,0.2030827
WPP_Medium,2080-2084,F,95-99,0.32807788
WPP_Medium,2085-2089,F,0-0,0.0054136269
WPP_Medium,2085-2089,F,1-4,0.00046738623
WPP_Medium,2085-2089,F,5-9,0.00017537182
WPP_Medium,2085-2089,F,10-14,0.00014690213
WPP_Medium,2085-2089,F,15-19,0.00024290859
WPP_Medium,2085-2089,F,20-24,0.00038841031
WPP_Medium,2085-2089,F,25-29,0.00054546652
WPP_Medium,2085-2089,F,30-34,0.00069919604
WPP_Medium,2085-2089,F,35-39,0.00094129973
WPP_Medium,2085-2089,F,40-44,0.0013325192
WPP_Medium,2085-2089,F,45-49,0.0017628764
WPP_Medium,2085-2089,F,50-54,0.0026017947
WPP_Medium,2085-2089,F,55-59,0.0035643827
WPP_Medium,2085-2089,F,60-64,0.0055932556
WPP_Medium,2085-2089,F,65-69,0.0095110706
WPP_Medium,2085-2089,F,70-74,0.01669856
WPP_Medium,2085-2089,F,75-79,0.029905381
WPP_Medium,2085-2089,F,80-84,0.056204824
WPP_Medium,2085-2089,F,85-89,0.10510598
WPP_Medium,2085-2089,F,90-94,0.19229085
WPP_Medium,2085-2089,F,95-99,0.31305277
WPP_Medium,2090-2094,F,0-0,0.0053266777
WPP_Medium,2090-2094,F,1-4,0.00045722452
WPP_Medium,2090-2094,F,5-9,0.0001713351
WPP_Medium,2090-2094,F,10-14,0.00014234823
WPP_Medium,2090-2094,F,15-19,0.00023327394
WPP_Medium,2090-2094,F,20-24,0.00036880042
WPP_Medium,2090-2094,F,25-29,0.00051198288
WPP_Medium,2090-2094,F,30-34,0.00065094696
WPP_Medium,2090-2094,F,35-39,0.00087150294
WPP_Medium,2090-2094,F,40-44,0.001236973
WPP_Medium,2090-2094,F,45-49,0.0016352134
WPP_Medium,2090-2094,F,50-54,0.0024179287
WPP_Medium,2090-2094,F,55-59,0.003305834
WPP_Medium,2090-2094,F,60-64,0.0051901951
WPP_Medium,2090-2094,F,65-69,0.0088581915
WPP_Medium,2090-2094,F,70-74,0.015610977
WPP_Medium,2090-2094,F,75-79,0.028077305
WPP_Medium,2090-2094,F,80-84,0.052957658
WPP_Medium,2090-2094,F,85-89,0.099343652
WPP_Medium,2090-2094,F,90-94,0.18227152
WPP_Medium,2090-2094,F,95-99,0.29882697
WPP_Medium,2095-2099,F,0-0,0.0052245145
WPP_Medium,2095-2099,F,1-4,0.00044484268
WPP_Medium,2095-2099,F,5-9,0.00016645773
WPP_Medium,2095-2099,F,10-14,0.00013740745
WPP_Medium,2095-2099,F,15-19,0.00022342557
WPP_Medium,2095-2099,F,20-24,0.00034953519
WPP_Medium,2095-2099,F,25-29,0.00047985982
WPP_Medium,2095-2099,F,30-34,0.00060515373
WPP_Medium,2095-2099,F,35-39,0.00080568394
WPP_Medium,2095-2099,F,40-44,0.0011465801
WPP_Medium,2095-2099,F,45-49,0.0015146856
WPP_Medium,2095-2099,F,50-54,0.0022441086
WPP_Medium,2095-2099,F,55-59,0.0030622695
WPP_Medium,2095-2099,F,60-64,0.0048106855
WPP_Medium,2095-2099,F,65-69,0.0082446685
WPP_Medium,2095-2099,F,70-74,0.014589823
WPP_Medium,2095-2099,F,75-79,0.026357316
WPP_Medium,2095-2099,F,80-84,0.04988605
WPP_Medium,2095-2099,F,85-89,0.09384454
WPP_Medium,2095-2099,F,90-94,0.1725982
WPP_Medium,2095-2099,F,95-99,0.28486957
