Variant,District,District_Num,Year,Period,Age_Grp,Count
Census_2018,Chitipa,0,2018,2015-2019,0-4,15486.67271109749
Census_2018,Karonga,1,2018,2015-2019,0-4,24342.765231708254
Census_2018,Nkhata Bay,2,2018,2015-2019,0-4,19589.803474766493
Census_2018,Rumphi,3,2018,2015-2019,0-4,16020.247895584325
Census_2018,Mzimba,4,2018,2015-2019,0-4,65920.98339473974
Census_2018,Likoma,5,2018,2015-2019,0-4,828.1957733874854
Census_2018,Mzuzu City,6,2018,2015-2019,0-4,13089.484580064354
Census_2018,Kasungu,7,2018,2015-2019,0-4,60104.22625579362
Census_2018,Nkhotakota,8,2018,2015-2019,0-4,30209.640223162383
Census_2018,Ntchisi,9,2018,2015-2019,0-4,23054.86561915545
Census_2018,Dowa,10,2018,2015-2019,0-4,51626.34452068359
Census_2018,Salima,11,2018,2015-2019,0-4,37484.06734664866
Census_2018,Lilongwe,12,2018,2015-2019,0-4,117194.24288356683
Census_2018,Mchinji,13,2018,2015-2019,0-4,43683.79684379177
Census_2018,Dedza,14,2018,2015-2019,0-4,57795.553509160614
Census_2018,Ntcheu,15,2018,2015-2019,0-4,46104.44888479218
Census_2018,Lilongwe City,16,2018,2015-2019,0-4,65211.40114300963
Census_2018,Mangochi,17,2018,2015-2019,0-4,95844.84738523312
Census_2018,Machinga,18,2018,2015-2019,0-4,59079.375115237446
Census_2018,Zomba,19,2018,2015-2019,0-4,50950.22831728992
Census_2018,Chiradzulu,20,2018,2015-2019,0-4,21939.04895831874
Census_2018,Blantyre,21,2018,2015-2019,0-4,29329.622339435307
Census_2018,Mwanza,22,2018,2015-2019,0-4,9340.709497590666
Census_2018,Thyolo,23,2018,2015-2019,0-4,44380.249326362245
Census_2018,Mulanje,24,2018,2015-2019,0-4,44680.16237226048
Census_2018,Phalombe,25,2018,2015-2019,0-4,30677.088955640935
Census_2018,Chikwawa,26,2018,2015-2019,0-4,42552.142791366496
Census_2018,Nsanje,27,2018,2015-2019,0-4,22533.40683495561
Census_2018,Balaka,28,2018,2015-2019,0-4,31643.22900960128
Census_2018,Neno,29,2018,2015-2019,0-4,10314.133472171
Census_2018,Zomba City,30,2018,2015-2019,0-4,6250.041280603355
Census_2018,Blantyre City,31,2018,2015-2019,0-4,50273.32879149881
Census_2018,Chitipa,0,2018,2015-2019,5-9,17660.3091513534
Census_2018,Karonga,1,2018,2015-2019,5-9,26683.350756654283
Census_2018,Nkhata Bay,2,2018,2015-2019,5-9,20274.563114503602
Census_2018,Rumphi,3,2018,2015-2019,5-9,16734.520201954085
Census_2018,Mzimba,4,2018,2015-2019,5-9,69698.12056150711
Census_2018,Likoma,5,2018,2015-2019,5-9,910.4701590142494
Census_2018,Mzuzu City,6,2018,2015-2019,5-9,13401.85342926353
Census_2018,Kasungu,7,2018,2015-2019,5-9,65294.21998023614
Census_2018,Nkhotakota,8,2018,2015-2019,5-9,29974.92136400756
Census_2018,Ntchisi,9,2018,2015-2019,5-9,23522.2236737114
Census_2018,Dowa,10,2018,2015-2019,5-9,54862.32183791998
Census_2018,Salima,11,2018,2015-2019,5-9,36550.711209041154
Census_2018,Lilongwe,12,2018,2015-2019,5-9,117788.7799983268
Census_2018,Mchinji,13,2018,2015-2019,5-9,45945.52095366965
Census_2018,Dedza,14,2018,2015-2019,5-9,59471.53303985975
Census_2018,Ntcheu,15,2018,2015-2019,5-9,47232.26652041818
Census_2018,Lilongwe City,16,2018,2015-2019,5-9,62026.61855844127
Census_2018,Mangochi,17,2018,2015-2019,5-9,90851.52327463345
Census_2018,Machinga,18,2018,2015-2019,5-9,60412.83168397608
Census_2018,Zomba,19,2018,2015-2019,5-9,55668.57630931911
Census_2018,Chiradzulu,20,2018,2015-2019,5-9,24077.18265499124
Census_2018,Blantyre,21,2018,2015-2019,5-9,30744.83060148043
Census_2018,Mwanza,22,2018,2015-2019,5-9,9324.698516216238
Census_2018,Thyolo,23,2018,2015-2019,5-9,50290.40513212171
Census_2018,Mulanje,24,2018,2015-2019,5-9,48231.63077559504
Census_2018,Phalombe,25,2018,2015-2019,5-9,33524.415633950404
Census_2018,Chikwawa,26,2018,2015-2019,5-9,42733.57045710521
Census_2018,Nsanje,27,2018,2015-2019,5-9,23240.815287731308
Census_2018,Balaka,28,2018,2015-2019,5-9,33220.01991883735
Census_2018,Neno,29,2018,2015-2019,5-9,10166.552132821369
Census_2018,Zomba City,30,2018,2015-2019,5-9,6284.94123584699
Census_2018,Blantyre City,31,2018,2015-2019,5-9,49467.23908110324
Census_2018,Chitipa,0,2018,2015-2019,10-14,17395.90848220937
Census_2018,Karonga,1,2018,2015-2019,10-14,27237.966712142632
Census_2018,Nkhata Bay,2,2018,2015-2019,10-14,21437.039272027287
Census_2018,Rumphi,3,2018,2015-2019,10-14,16784.66182291053
Census_2018,Mzimba,4,2018,2015-2019,10-14,67437.65670124146
Census_2018,Likoma,5,2018,2015-2019,10-14,959.5374130928615
Census_2018,Mzuzu City,6,2018,2015-2019,10-14,14265.172059727394
Census_2018,Kasungu,7,2018,2015-2019,10-14,61191.332915358274
Census_2018,Nkhotakota,8,2018,2015-2019,10-14,28207.424652167385
Census_2018,Ntchisi,9,2018,2015-2019,10-14,22735.968221428146
Census_2018,Dowa,10,2018,2015-2019,10-14,55075.24728535575
Census_2018,Salima,11,2018,2015-2019,10-14,33654.64045063615
Census_2018,Lilongwe,12,2018,2015-2019,10-14,114032.12146437768
Census_2018,Mchinji,13,2018,2015-2019,10-14,43561.10200645852
Census_2018,Dedza,14,2018,2015-2019,10-14,56579.56267218294
Census_2018,Ntcheu,15,2018,2015-2019,10-14,45936.414226328365
Census_2018,Lilongwe City,16,2018,2015-2019,10-14,60831.005844430205
Census_2018,Mangochi,17,2018,2015-2019,10-14,78274.6534727597
Census_2018,Machinga,18,2018,2015-2019,10-14,52568.99756879574
Census_2018,Zomba,19,2018,2015-2019,10-14,53779.708438459194
Census_2018,Chiradzulu,20,2018,2015-2019,10-14,24442.809698073554
Census_2018,Blantyre,21,2018,2015-2019,10-14,31391.188121093925
Census_2018,Mwanza,22,2018,2015-2019,10-14,9071.433901748009
Census_2018,Thyolo,23,2018,2015-2019,10-14,52349.25346244262
Census_2018,Mulanje,24,2018,2015-2019,10-14,49369.830538205286
Census_2018,Phalombe,25,2018,2015-2019,10-14,32152.088047502617
Census_2018,Chikwawa,26,2018,2015-2019,10-14,38780.899069213934
Census_2018,Nsanje,27,2018,2015-2019,10-14,20560.43794122366
Census_2018,Balaka,28,2018,2015-2019,10-14,31750.162453037214
Census_2018,Neno,29,2018,2015-2019,10-14,9915.225495513085
Census_2018,Zomba City,30,2018,2015-2019,10-14,6736.674459352651
Census_2018,Blantyre City,31,2018,2015-2019,10-14,49770.024022072714
Census_2018,Chitipa,0,2018,2015-2019,15-19,13679.691342417007
Census_2018,Karonga,1,2018,2015-2019,15-19,21562.927731571275
Census_2018,Nkhata Bay,2,2018,2015-2019,15-19,17642.22763022471
Census_2018,Rumphi,3,2018,2015-2019,15-19,13384.863288255856
Census_2018,Mzimba,4,2018,2015-2019,15-19,53511.22105247484
Census_2018,Likoma,5,2018,2015-2019,15-19,891.1406346802505
Census_2018,Mzuzu City,6,2018,2015-2019,15-19,13112.604794099569
Census_2018,Kasungu,7,2018,2015-2019,15-19,48294.56483932082
Census_2018,Nkhotakota,8,2018,2015-2019,15-19,22672.17573147246
Census_2018,Ntchisi,9,2018,2015-2019,15-19,17555.47266998666
Census_2018,Dowa,10,2018,2015-2019,15-19,43596.85247531288
Census_2018,Salima,11,2018,2015-2019,15-19,26453.979671618454
Census_2018,Lilongwe,12,2018,2015-2019,15-19,90097.63099885624
Census_2018,Mchinji,13,2018,2015-2019,15-19,33621.34193141349
Census_2018,Dedza,14,2018,2015-2019,15-19,44624.146685418156
Census_2018,Ntcheu,15,2018,2015-2019,15-19,36947.77062285478
Census_2018,Lilongwe City,16,2018,2015-2019,15-19,55200.72033158196
Census_2018,Mangochi,17,2018,2015-2019,15-19,61721.74130319142
Census_2018,Machinga,18,2018,2015-2019,15-19,39325.99971445587
Census_2018,Zomba,19,2018,2015-2019,15-19,41642.03649541196
Census_2018,Chiradzulu,20,2018,2015-2019,15-19,20138.014837127845
Census_2018,Blantyre,21,2018,2015-2019,15-19,26365.092682061964
Census_2018,Mwanza,22,2018,2015-2019,15-19,7423.758363943214
Census_2018,Thyolo,23,2018,2015-2019,15-19,41176.49428516777
Census_2018,Mulanje,24,2018,2015-2019,15-19,39004.846478694126
Census_2018,Phalombe,25,2018,2015-2019,15-19,24270.9654488299
Census_2018,Chikwawa,26,2018,2015-2019,15-19,31703.258725233936
Census_2018,Nsanje,27,2018,2015-2019,15-19,16755.597904856135
Census_2018,Balaka,28,2018,2015-2019,15-19,24774.664794618355
Census_2018,Neno,29,2018,2015-2019,15-19,7704.427808027999
Census_2018,Zomba City,30,2018,2015-2019,15-19,6271.669421881101
Census_2018,Blantyre City,31,2018,2015-2019,15-19,46555.69117191327
Census_2018,Chitipa,0,2018,2015-2019,20-24,10702.140528759997
Census_2018,Karonga,1,2018,2015-2019,20-24,16683.851945604172
Census_2018,Nkhata Bay,2,2018,2015-2019,20-24,13391.235871027571
Census_2018,Rumphi,3,2018,2015-2019,20-24,10574.966176618185
Census_2018,Mzimba,4,2018,2015-2019,20-24,41914.100801545224
Census_2018,Likoma,5,2018,2015-2019,20-24,766.7377985819509
Census_2018,Mzuzu City,6,2018,2015-2019,20-24,12901.571351097293
Census_2018,Kasungu,7,2018,2015-2019,20-24,39240.78811036914
Census_2018,Nkhotakota,8,2018,2015-2019,20-24,18015.03995400392
Census_2018,Ntchisi,9,2018,2015-2019,20-24,14508.610703033093
Census_2018,Dowa,10,2018,2015-2019,20-24,35870.350894224335
Census_2018,Salima,11,2018,2015-2019,20-24,20661.838154808444
Census_2018,Lilongwe,12,2018,2015-2019,20-24,74676.0959853638
Census_2018,Mchinji,13,2018,2015-2019,20-24,27901.00310972016
Census_2018,Dedza,14,2018,2015-2019,20-24,36447.78807049146
Census_2018,Ntcheu,15,2018,2015-2019,20-24,30095.636855526314
Census_2018,Lilongwe City,16,2018,2015-2019,20-24,59288.11764265888
Census_2018,Mangochi,17,2018,2015-2019,20-24,45315.5798612411
Census_2018,Machinga,18,2018,2015-2019,20-24,28704.60799686717
Census_2018,Zomba,19,2018,2015-2019,20-24,31244.664414161056
Census_2018,Chiradzulu,20,2018,2015-2019,20-24,15391.044228371278
Census_2018,Blantyre,21,2018,2015-2019,20-24,21169.540215415982
Census_2018,Mwanza,22,2018,2015-2019,20-24,6395.174105949645
Census_2018,Thyolo,23,2018,2015-2019,20-24,29847.869095274
Census_2018,Mulanje,24,2018,2015-2019,20-24,28656.020578652173
Census_2018,Phalombe,25,2018,2015-2019,20-24,17666.72931889626
Census_2018,Chikwawa,26,2018,2015-2019,20-24,24917.373681563495
Census_2018,Nsanje,27,2018,2015-2019,20-24,12257.74714541662
Census_2018,Balaka,28,2018,2015-2019,20-24,17879.36721877645
Census_2018,Neno,29,2018,2015-2019,20-24,6378.6310895141405
Census_2018,Zomba City,30,2018,2015-2019,20-24,5846.9713749726225
Census_2018,Blantyre City,31,2018,2015-2019,20-24,47188.83253026501
Census_2018,Chitipa,0,2018,2015-2019,25-29,7691.478765744252
Census_2018,Karonga,1,2018,2015-2019,25-29,11693.273735165521
Census_2018,Nkhata Bay,2,2018,2015-2019,25-29,8693.85326734134
Census_2018,Rumphi,3,2018,2015-2019,25-29,7478.475290298087
Census_2018,Mzimba,4,2018,2015-2019,25-29,28840.551452694366
Census_2018,Likoma,5,2018,2015-2019,25-29,593.7633372341159
Census_2018,Mzuzu City,6,2018,2015-2019,25-29,10187.15983947359
Census_2018,Kasungu,7,2018,2015-2019,25-29,28469.7194861398
Census_2018,Nkhotakota,8,2018,2015-2019,25-29,12929.137993319375
Census_2018,Ntchisi,9,2018,2015-2019,25-29,10633.494545351328
Census_2018,Dowa,10,2018,2015-2019,25-29,27089.99071927556
Census_2018,Salima,11,2018,2015-2019,25-29,15606.199481128722
Census_2018,Lilongwe,12,2018,2015-2019,25-29,55003.4263081627
Census_2018,Mchinji,13,2018,2015-2019,25-29,20927.60014610538
Census_2018,Dedza,14,2018,2015-2019,25-29,27602.65832883811
Census_2018,Ntcheu,15,2018,2015-2019,25-29,21559.282505670035
Census_2018,Lilongwe City,16,2018,2015-2019,25-29,48869.853009851235
Census_2018,Mangochi,17,2018,2015-2019,25-29,34600.402137886544
Census_2018,Machinga,18,2018,2015-2019,25-29,21973.41843636037
Census_2018,Zomba,19,2018,2015-2019,25-29,22761.001157054012
Census_2018,Chiradzulu,20,2018,2015-2019,25-29,11329.208299824868
Census_2018,Blantyre,21,2018,2015-2019,25-29,15072.960524799433
Census_2018,Mwanza,22,2018,2015-2019,25-29,4587.388754400567
Census_2018,Thyolo,23,2018,2015-2019,25-29,21338.52944878135
Census_2018,Mulanje,24,2018,2015-2019,25-29,20642.999201879236
Census_2018,Phalombe,25,2018,2015-2019,25-29,13139.542563744324
Census_2018,Chikwawa,26,2018,2015-2019,25-29,18995.966947885896
Census_2018,Nsanje,27,2018,2015-2019,25-29,9418.034923521232
Census_2018,Balaka,28,2018,2015-2019,25-29,12932.263315532906
Census_2018,Neno,29,2018,2015-2019,25-29,4451.793536817291
Census_2018,Zomba City,30,2018,2015-2019,25-29,4725.257320522221
Census_2018,Blantyre City,31,2018,2015-2019,25-29,37787.46037307688
Census_2018,Chitipa,0,2018,2015-2019,30-34,6725.418125630515
Census_2018,Karonga,1,2018,2015-2019,30-34,10868.831566345596
Census_2018,Nkhata Bay,2,2018,2015-2019,30-34,7819.181733238256
Census_2018,Rumphi,3,2018,2015-2019,30-34,6840.39858440136
Census_2018,Mzimba,4,2018,2015-2019,30-34,25919.694675723047
Census_2018,Likoma,5,2018,2015-2019,30-34,542.217939010119
Census_2018,Mzuzu City,6,2018,2015-2019,30-34,9135.436060595104
Census_2018,Kasungu,7,2018,2015-2019,30-34,26067.292974815915
Census_2018,Nkhotakota,8,2018,2015-2019,30-34,11698.211533618094
Census_2018,Ntchisi,9,2018,2015-2019,30-34,9603.548738602638
Census_2018,Dowa,10,2018,2015-2019,30-34,24256.369075124683
Census_2018,Salima,11,2018,2015-2019,30-34,14061.919326178122
Census_2018,Lilongwe,12,2018,2015-2019,30-34,49527.75891054072
Census_2018,Mchinji,13,2018,2015-2019,30-34,19123.641112061163
Census_2018,Dedza,14,2018,2015-2019,30-34,24357.4738450498
Census_2018,Ntcheu,15,2018,2015-2019,30-34,19425.67816794217
Census_2018,Lilongwe City,16,2018,2015-2019,30-34,43433.55930347977
Census_2018,Mangochi,17,2018,2015-2019,30-34,30081.999475888704
Census_2018,Machinga,18,2018,2015-2019,30-34,19142.923180472044
Census_2018,Zomba,19,2018,2015-2019,30-34,20904.13989907918
Census_2018,Chiradzulu,20,2018,2015-2019,30-34,10364.97989492119
Census_2018,Blantyre,21,2018,2015-2019,30-34,13580.286192987898
Census_2018,Mwanza,22,2018,2015-2019,30-34,3944.0384119008163
Census_2018,Thyolo,23,2018,2015-2019,30-34,20352.794999279235
Census_2018,Mulanje,24,2018,2015-2019,30-34,20042.295861612292
Census_2018,Phalombe,25,2018,2015-2019,30-34,12586.176891372686
Census_2018,Chikwawa,26,2018,2015-2019,30-34,16441.269276267787
Census_2018,Nsanje,27,2018,2015-2019,30-34,7534.811878275751
Census_2018,Balaka,28,2018,2015-2019,30-34,11713.98587067355
Census_2018,Neno,29,2018,2015-2019,30-34,4035.8382107295483
Census_2018,Zomba City,30,2018,2015-2019,30-34,4341.849361507623
Census_2018,Blantyre City,31,2018,2015-2019,30-34,33708.38576269831
Census_2018,Chitipa,0,2018,2015-2019,35-39,5541.701686055669
Census_2018,Karonga,1,2018,2015-2019,35-39,9073.690801801506
Census_2018,Nkhata Bay,2,2018,2015-2019,35-39,6711.525503985163
Census_2018,Rumphi,3,2018,2015-2019,35-39,5975.209830643085
Census_2018,Mzimba,4,2018,2015-2019,35-39,22043.159162461816
Census_2018,Likoma,5,2018,2015-2019,35-39,438.6315137330488
Census_2018,Mzuzu City,6,2018,2015-2019,35-39,7467.829133374308
Census_2018,Kasungu,7,2018,2015-2019,35-39,22406.97118937829
Census_2018,Nkhotakota,8,2018,2015-2019,35-39,9796.449754119421
Census_2018,Ntchisi,9,2018,2015-2019,35-39,8039.339910240358
Census_2018,Dowa,10,2018,2015-2019,35-39,19937.653620582754
Census_2018,Salima,11,2018,2015-2019,35-39,12007.566102779161
Census_2018,Lilongwe,12,2018,2015-2019,35-39,42206.79208565307
Census_2018,Mchinji,13,2018,2015-2019,35-39,15546.273565718366
Census_2018,Dedza,14,2018,2015-2019,35-39,20671.36755639894
Census_2018,Ntcheu,15,2018,2015-2019,35-39,17393.76627481777
Census_2018,Lilongwe City,16,2018,2015-2019,35-39,36254.857324945064
Census_2018,Mangochi,17,2018,2015-2019,35-39,26964.615087266273
Census_2018,Machinga,18,2018,2015-2019,35-39,17209.983454757574
Census_2018,Zomba,19,2018,2015-2019,35-39,19803.49458434442
Census_2018,Chiradzulu,20,2018,2015-2019,35-39,9996.975562872154
Census_2018,Blantyre,21,2018,2015-2019,35-39,12836.611923230352
Census_2018,Mwanza,22,2018,2015-2019,35-39,3623.818784412252
Census_2018,Thyolo,23,2018,2015-2019,35-39,19187.106153389814
Census_2018,Mulanje,24,2018,2015-2019,35-39,18466.400073380333
Census_2018,Phalombe,25,2018,2015-2019,35-39,10906.798840377227
Census_2018,Chikwawa,26,2018,2015-2019,35-39,15423.312967960841
Census_2018,Nsanje,27,2018,2015-2019,35-39,7280.93191116697
Census_2018,Balaka,28,2018,2015-2019,35-39,10980.250591383256
Census_2018,Neno,29,2018,2015-2019,35-39,3665.180127412485
Census_2018,Zomba City,30,2018,2015-2019,35-39,3785.416272271052
Census_2018,Blantyre City,31,2018,2015-2019,35-39,29104.45050133456
Census_2018,Chitipa,0,2018,2015-2019,40-44,4662.800750871547
Census_2018,Karonga,1,2018,2015-2019,40-44,7254.415313345825
Census_2018,Nkhata Bay,2,2018,2015-2019,40-44,5493.250490900341
Census_2018,Rumphi,3,2018,2015-2019,40-44,4703.480679522258
Census_2018,Mzimba,4,2018,2015-2019,40-44,18369.299302051513
Census_2018,Likoma,5,2018,2015-2019,40-44,334.54945962690164
Census_2018,Mzuzu City,6,2018,2015-2019,40-44,5268.457283343578
Census_2018,Kasungu,7,2018,2015-2019,40-44,17362.02402743688
Census_2018,Nkhotakota,8,2018,2015-2019,40-44,7518.353770380866
Census_2018,Ntchisi,9,2018,2015-2019,40-44,6363.297231832818
Census_2018,Dowa,10,2018,2015-2019,40-44,16333.095011578253
Census_2018,Salima,11,2018,2015-2019,40-44,8918.520932546735
Census_2018,Lilongwe,12,2018,2015-2019,40-44,33773.49683527491
Census_2018,Mchinji,13,2018,2015-2019,40-44,11975.311773935133
Census_2018,Dedza,14,2018,2015-2019,40-44,16448.52834636947
Census_2018,Ntcheu,15,2018,2015-2019,40-44,13051.014640513758
Census_2018,Lilongwe City,16,2018,2015-2019,40-44,24584.189630634435
Census_2018,Mangochi,17,2018,2015-2019,40-44,19021.553859400614
Census_2018,Machinga,18,2018,2015-2019,40-44,12059.76976169303
Census_2018,Zomba,19,2018,2015-2019,40-44,14206.159014575667
Census_2018,Chiradzulu,20,2018,2015-2019,40-44,7362.939387740805
Census_2018,Blantyre,21,2018,2015-2019,40-44,9832.865068037765
Census_2018,Mwanza,22,2018,2015-2019,40-44,2605.9085140016346
Census_2018,Thyolo,23,2018,2015-2019,40-44,15080.745202756647
Census_2018,Mulanje,24,2018,2015-2019,40-44,13644.139951791167
Census_2018,Phalombe,25,2018,2015-2019,40-44,7829.545833042264
Census_2018,Chikwawa,26,2018,2015-2019,40-44,11293.627019713682
Census_2018,Nsanje,27,2018,2015-2019,40-44,5463.938422558563
Census_2018,Balaka,28,2018,2015-2019,40-44,8053.902340212465
Census_2018,Neno,29,2018,2015-2019,40-44,2728.550043025215
Census_2018,Zomba City,30,2018,2015-2019,40-44,2460.2010703436717
Census_2018,Blantyre City,31,2018,2015-2019,40-44,20301.63003208941
Census_2018,Chitipa,0,2018,2015-2019,45-49,3750.7888663286894
Census_2018,Karonga,1,2018,2015-2019,45-49,5163.86552812387
Census_2018,Nkhata Bay,2,2018,2015-2019,45-49,4167.293475855431
Census_2018,Rumphi,3,2018,2015-2019,45-49,3558.5803343500856
Census_2018,Mzimba,4,2018,2015-2019,45-49,13850.311061451801
Census_2018,Likoma,5,2018,2015-2019,45-49,238.3974667859847
Census_2018,Mzuzu City,6,2018,2015-2019,45-49,3176.3238728804367
Census_2018,Kasungu,7,2018,2015-2019,45-49,12828.94766968028
Census_2018,Nkhotakota,8,2018,2015-2019,45-49,5602.871473019281
Census_2018,Ntchisi,9,2018,2015-2019,45-49,4616.442726977409
Census_2018,Dowa,10,2018,2015-2019,45-49,12552.811722965846
Census_2018,Salima,11,2018,2015-2019,45-49,6948.533406780865
Census_2018,Lilongwe,12,2018,2015-2019,45-49,25958.053880627733
Census_2018,Mchinji,13,2018,2015-2019,45-49,9324.807637326603
Census_2018,Dedza,14,2018,2015-2019,45-49,12656.124152330127
Census_2018,Ntcheu,15,2018,2015-2019,45-49,9310.669678051205
Census_2018,Lilongwe City,16,2018,2015-2019,45-49,14706.187153170164
Census_2018,Mangochi,17,2018,2015-2019,45-49,15440.646136942794
Census_2018,Machinga,18,2018,2015-2019,45-49,9865.957094955658
Census_2018,Zomba,19,2018,2015-2019,45-49,10514.411188069487
Census_2018,Chiradzulu,20,2018,2015-2019,45-49,5487.733850788091
Census_2018,Blantyre,21,2018,2015-2019,45-49,6931.276592349629
Census_2018,Mwanza,22,2018,2015-2019,45-49,1849.5109393733437
Census_2018,Thyolo,23,2018,2015-2019,45-49,11205.349343549711
Census_2018,Mulanje,24,2018,2015-2019,45-49,9590.342884958056
Census_2018,Phalombe,25,2018,2015-2019,45-49,5629.0978414250785
Census_2018,Chikwawa,26,2018,2015-2019,45-49,8808.558344135836
Census_2018,Nsanje,27,2018,2015-2019,45-49,4423.462489303669
Census_2018,Balaka,28,2018,2015-2019,45-49,5964.403760216616
Census_2018,Neno,29,2018,2015-2019,45-49,2009.1518970865784
Census_2018,Zomba City,30,2018,2015-2019,45-49,1608.8387818651024
Census_2018,Blantyre City,31,2018,2015-2019,45-49,12278.831695540472
Census_2018,Chitipa,0,2018,2015-2019,50-54,2984.854699544965
Census_2018,Karonga,1,2018,2015-2019,50-54,4043.5316441478462
Census_2018,Nkhata Bay,2,2018,2015-2019,50-54,3593.6420835953227
Census_2018,Rumphi,3,2018,2015-2019,50-54,2796.1327451006064
Census_2018,Mzimba,4,2018,2015-2019,50-54,12212.420259225853
Census_2018,Likoma,5,2018,2015-2019,50-54,177.4351208095271
Census_2018,Mzuzu City,6,2018,2015-2019,50-54,2282.0143172204344
Census_2018,Kasungu,7,2018,2015-2019,50-54,9761.683160271095
Census_2018,Nkhotakota,8,2018,2015-2019,50-54,4084.7941751870503
Census_2018,Ntchisi,9,2018,2015-2019,50-54,3499.569298796161
Census_2018,Dowa,10,2018,2015-2019,50-54,9225.300937521437
Census_2018,Salima,11,2018,2015-2019,50-54,4570.778342455043
Census_2018,Lilongwe,12,2018,2015-2019,50-54,18108.12388746097
Census_2018,Mchinji,13,2018,2015-2019,50-54,6631.926970554786
Census_2018,Dedza,14,2018,2015-2019,50-54,8841.316363881559
Census_2018,Ntcheu,15,2018,2015-2019,50-54,7309.265518307844
Census_2018,Lilongwe City,16,2018,2015-2019,50-54,9505.598517362465
Census_2018,Mangochi,17,2018,2015-2019,50-54,10561.778095456164
Census_2018,Machinga,18,2018,2015-2019,50-54,6451.239987599226
Census_2018,Zomba,19,2018,2015-2019,50-54,7659.134692336123
Census_2018,Chiradzulu,20,2018,2015-2019,50-54,4126.498188441331
Census_2018,Blantyre,21,2018,2015-2019,50-54,5024.642950223837
Census_2018,Mwanza,22,2018,2015-2019,50-54,1331.822541600165
Census_2018,Thyolo,23,2018,2015-2019,50-54,8213.19422251669
Census_2018,Mulanje,24,2018,2015-2019,50-54,7005.512609869509
Census_2018,Phalombe,25,2018,2015-2019,50-54,3971.892979392246
Census_2018,Chikwawa,26,2018,2015-2019,50-54,5972.4026181014515
Census_2018,Nsanje,27,2018,2015-2019,50-54,2948.655043320141
Census_2018,Balaka,28,2018,2015-2019,50-54,4452.059345908448
Census_2018,Neno,29,2018,2015-2019,50-54,1529.877844545198
Census_2018,Zomba City,30,2018,2015-2019,50-54,1157.1055583594411
Census_2018,Blantyre City,31,2018,2015-2019,50-54,8113.533558925555
Census_2018,Chitipa,0,2018,2015-2019,55-59,2160.976371383451
Census_2018,Karonga,1,2018,2015-2019,55-59,3067.523409163133
Census_2018,Nkhata Bay,2,2018,2015-2019,55-59,2678.834530579842
Census_2018,Rumphi,3,2018,2015-2019,55-59,2131.0188906489325
Census_2018,Mzimba,4,2018,2015-2019,55-59,9534.968213668813
Census_2018,Likoma,5,2018,2015-2019,55-59,138.28044331245266
Census_2018,Mzuzu City,6,2018,2015-2019,55-59,1532.8209985899707
Census_2018,Kasungu,7,2018,2015-2019,55-59,7626.0829192137635
Census_2018,Nkhotakota,8,2018,2015-2019,55-59,3208.1510874459714
Census_2018,Ntchisi,9,2018,2015-2019,55-59,2825.1476965581624
Census_2018,Dowa,10,2018,2015-2019,55-59,7415.6793762110565
Census_2018,Salima,11,2018,2015-2019,55-59,3731.4851091051246
Census_2018,Lilongwe,12,2018,2015-2019,55-59,14600.160617202306
Census_2018,Mchinji,13,2018,2015-2019,55-59,5256.660741650825
Census_2018,Dedza,14,2018,2015-2019,55-59,7387.942760610322
Census_2018,Ntcheu,15,2018,2015-2019,55-59,6118.979666711137
Census_2018,Lilongwe City,16,2018,2015-2019,55-59,6281.615515941285
Census_2018,Mangochi,17,2018,2015-2019,55-59,8838.288158480113
Census_2018,Machinga,18,2018,2015-2019,55-59,5596.606879165885
Census_2018,Zomba,19,2018,2015-2019,55-59,6407.055104697318
Census_2018,Chiradzulu,20,2018,2015-2019,55-59,3458.9554465849387
Census_2018,Blantyre,21,2018,2015-2019,55-59,3851.51615619875
Census_2018,Mwanza,22,2018,2015-2019,55-59,1062.061764503738
Census_2018,Thyolo,23,2018,2015-2019,55-59,6486.8600524494905
Census_2018,Mulanje,24,2018,2015-2019,55-59,5796.5020895854
Census_2018,Phalombe,25,2018,2015-2019,55-59,3326.94239608802
Census_2018,Chikwawa,26,2018,2015-2019,55-59,4704.860683143138
Census_2018,Nsanje,27,2018,2015-2019,55-59,2429.8568496630655
Census_2018,Balaka,28,2018,2015-2019,55-59,3672.018066558845
Census_2018,Neno,29,2018,2015-2019,55-59,1129.0215993810154
Census_2018,Zomba City,30,2018,2015-2019,55-59,752.5610067324998
Census_2018,Blantyre City,31,2018,2015-2019,55-59,5568.936935811183
Census_2018,Chitipa,0,2018,2015-2019,60-64,1574.2308717175972
Census_2018,Karonga,1,2018,2015-2019,60-64,2442.9167543311746
Census_2018,Nkhata Bay,2,2018,2015-2019,60-64,2241.2540317056632
Census_2018,Rumphi,3,2018,2015-2019,60-64,1689.57599242454
Census_2018,Mzimba,4,2018,2015-2019,60-64,7623.125871106081
Census_2018,Likoma,5,2018,2015-2019,60-64,97.6388793281476
Census_2018,Mzuzu City,6,2018,2015-2019,60-64,1188.4773852995409
Census_2018,Kasungu,7,2018,2015-2019,60-64,5719.685949275939
Census_2018,Nkhotakota,8,2018,2015-2019,60-64,2404.52075547539
Census_2018,Ntchisi,9,2018,2015-2019,60-64,2073.077263939395
Census_2018,Dowa,10,2018,2015-2019,60-64,5448.44403541949
Census_2018,Salima,11,2018,2015-2019,60-64,2782.613440898429
Census_2018,Lilongwe,12,2018,2015-2019,60-64,10634.151187451262
Census_2018,Mchinji,13,2018,2015-2019,60-64,3876.467009239505
Census_2018,Dedza,14,2018,2015-2019,60-64,5520.8176691005065
Census_2018,Ntcheu,15,2018,2015-2019,60-64,4884.142839383391
Census_2018,Lilongwe City,16,2018,2015-2019,60-64,4271.337728617088
Census_2018,Mangochi,17,2018,2015-2019,60-64,6674.071117201559
Census_2018,Machinga,18,2018,2015-2019,60-64,4226.42779404926
Census_2018,Zomba,19,2018,2015-2019,60-64,5210.389951307311
Census_2018,Chiradzulu,20,2018,2015-2019,60-64,2787.6090423817864
Census_2018,Blantyre,21,2018,2015-2019,60-64,3166.4256017020525
Census_2018,Mwanza,22,2018,2015-2019,60-64,751.0605808368143
Census_2018,Thyolo,23,2018,2015-2019,60-64,5056.198985107893
Census_2018,Mulanje,24,2018,2015-2019,60-64,4762.855123540616
Census_2018,Phalombe,25,2018,2015-2019,60-64,2584.140565840028
Census_2018,Chikwawa,26,2018,2015-2019,60-64,3521.658095501201
Census_2018,Nsanje,27,2018,2015-2019,60-64,2030.0798882233394
Census_2018,Balaka,28,2018,2015-2019,60-64,3025.643591504155
Census_2018,Neno,29,2018,2015-2019,60-64,895.716445755689
Census_2018,Zomba City,30,2018,2015-2019,60-64,522.5162313237408
Census_2018,Blantyre City,31,2018,2015-2019,60-64,4139.230558915558
Census_2018,Chitipa,0,2018,2015-2019,65-69,1418.901565167052
Census_2018,Karonga,1,2018,2015-2019,65-69,1978.5646662721765
Census_2018,Nkhata Bay,2,2018,2015-2019,65-69,1810.0365602200357
Census_2018,Rumphi,3,2018,2015-2019,65-69,1317.9380959238265
Census_2018,Mzimba,4,2018,2015-2019,65-69,6389.1317646333055
Census_2018,Likoma,5,2018,2015-2019,65-69,89.70881806291732
Census_2018,Mzuzu City,6,2018,2015-2019,65-69,730.9922990708269
Census_2018,Kasungu,7,2018,2015-2019,65-69,4870.198231692632
Census_2018,Nkhotakota,8,2018,2015-2019,65-69,2291.8165016014673
Census_2018,Ntchisi,9,2018,2015-2019,65-69,2132.1685122165836
Census_2018,Dowa,10,2018,2015-2019,65-69,5321.178250745241
Census_2018,Salima,11,2018,2015-2019,65-69,3036.6802544601605
Census_2018,Lilongwe,12,2018,2015-2019,65-69,10945.506000001222
Census_2018,Mchinji,13,2018,2015-2019,65-69,3378.789154996223
Census_2018,Dedza,14,2018,2015-2019,65-69,6023.230190533069
Census_2018,Ntcheu,15,2018,2015-2019,65-69,5443.935534438636
Census_2018,Lilongwe City,16,2018,2015-2019,65-69,3042.052861668341
Census_2018,Mangochi,17,2018,2015-2019,65-69,7788.236835621459
Census_2018,Machinga,18,2018,2015-2019,65-69,5213.643494081079
Census_2018,Zomba,19,2018,2015-2019,65-69,6240.811801950921
Census_2018,Chiradzulu,20,2018,2015-2019,65-69,3357.2074788091068
Census_2018,Blantyre,21,2018,2015-2019,65-69,3612.8238287309964
Census_2018,Mwanza,22,2018,2015-2019,65-69,841.304294038137
Census_2018,Thyolo,23,2018,2015-2019,65-69,5819.942446940631
Census_2018,Mulanje,24,2018,2015-2019,65-69,5675.791133550746
Census_2018,Phalombe,25,2018,2015-2019,65-69,3343.8133007334964
Census_2018,Chikwawa,26,2018,2015-2019,65-69,3913.4437844883155
Census_2018,Nsanje,27,2018,2015-2019,65-69,2236.92727163333
Census_2018,Balaka,28,2018,2015-2019,65-69,3521.1655302831564
Census_2018,Neno,29,2018,2015-2019,65-69,935.6559501341375
Census_2018,Zomba City,30,2018,2015-2019,65-69,397.1713216458915
Census_2018,Blantyre City,31,2018,2015-2019,65-69,3196.7873651694945
Census_2018,Chitipa,0,2018,2015-2019,70-74,1033.7433160088028
Census_2018,Karonga,1,2018,2015-2019,70-74,1545.5877192982455
Census_2018,Nkhata Bay,2,2018,2015-2019,70-74,1383.224261541866
Census_2018,Rumphi,3,2018,2015-2019,70-74,1024.4621379728662
Census_2018,Mzimba,4,2018,2015-2019,70-74,4497.169091369349
Census_2018,Likoma,5,2018,2015-2019,70-74,54.02354236938115
Census_2018,Mzuzu City,6,2018,2015-2019,70-74,486.0164141870639
Census_2018,Kasungu,7,2018,2015-2019,70-74,3028.6514313372154
Census_2018,Nkhotakota,8,2018,2015-2019,70-74,1382.832193183524
Census_2018,Ntchisi,9,2018,2015-2019,70-74,1251.1717197203134
Census_2018,Dowa,10,2018,2015-2019,70-74,3314.7842069769817
Census_2018,Salima,11,2018,2015-2019,70-74,1809.013895799275
Census_2018,Lilongwe,12,2018,2015-2019,70-74,7186.418801367625
Census_2018,Mchinji,13,2018,2015-2019,70-74,2190.2753090211772
Census_2018,Dedza,14,2018,2015-2019,70-74,3911.095577186122
Census_2018,Ntcheu,15,2018,2015-2019,70-74,2974.261879783144
Census_2018,Lilongwe City,16,2018,2015-2019,70-74,1621.791604923796
Census_2018,Mangochi,17,2018,2015-2019,70-74,4464.26161685723
Census_2018,Machinga,18,2018,2015-2019,70-74,2869.12543545479
Census_2018,Zomba,19,2018,2015-2019,70-74,3300.025101643981
Census_2018,Chiradzulu,20,2018,2015-2019,70-74,1818.1506017513136
Census_2018,Blantyre,21,2018,2015-2019,70-74,1937.1359070963165
Census_2018,Mwanza,22,2018,2015-2019,70-74,476.4479912026819
Census_2018,Thyolo,23,2018,2015-2019,70-74,3353.953198809075
Census_2018,Mulanje,24,2018,2015-2019,70-74,3262.5224928264142
Census_2018,Phalombe,25,2018,2015-2019,70-74,1772.891065316102
Census_2018,Chikwawa,26,2018,2015-2019,70-74,2302.660319754057
Census_2018,Nsanje,27,2018,2015-2019,70-74,1411.4574352871966
Census_2018,Balaka,28,2018,2015-2019,70-74,1941.9877138275328
Census_2018,Neno,29,2018,2015-2019,70-74,536.7479734762204
Census_2018,Zomba City,30,2018,2015-2019,70-74,204.97579347318901
Census_2018,Blantyre City,31,2018,2015-2019,70-74,1685.8704577489427
Census_2018,Chitipa,0,2018,2015-2019,75+,1922.3827657101995
Census_2018,Karonga,1,2018,2015-2019,75+,2553.9364843244903
Census_2018,Nkhata Bay,2,2018,2015-2019,75+,2414.0346984870785
Census_2018,Rumphi,3,2018,2015-2019,75+,1637.4680333913711
Census_2018,Mzimba,4,2018,2015-2019,75+,8105.086634105665
Census_2018,Likoma,5,2018,2015-2019,75+,139.27170097060645
Census_2018,Mzuzu City,6,2018,2015-2019,75+,621.7861817130048
Census_2018,Kasungu,7,2018,2015-2019,75+,5028.610859680196
Census_2018,Nkhotakota,8,2018,2015-2019,75+,2618.6588378358438
Census_2018,Ntchisi,9,2018,2015-2019,75+,2428.601468450085
Census_2018,Dowa,10,2018,2015-2019,75+,6233.576030102166
Census_2018,Salima,11,2018,2015-2019,75+,3652.4528751155026
Census_2018,Lilongwe,12,2018,2015-2019,75+,13695.24015576615
Census_2018,Mchinji,13,2018,2015-2019,75+,3841.4817343372542
Census_2018,Dedza,14,2018,2015-2019,75+,7542.8612325890535
Census_2018,Ntcheu,15,2018,2015-2019,75+,5627.466184461075
Census_2018,Lilongwe City,16,2018,2015-2019,75+,2072.093829284416
Census_2018,Mangochi,17,2018,2015-2019,75+,9055.80218193975
Census_2018,Machinga,18,2018,2015-2019,75+,6041.092402078761
Census_2018,Zomba,19,2018,2015-2019,75+,6426.163530300351
Census_2018,Chiradzulu,20,2018,2015-2019,75+,3600.6418690017517
Census_2018,Blantyre,21,2018,2015-2019,75+,3617.1812951553566
Census_2018,Mwanza,22,2018,2015-2019,75+,904.8630382820793
Census_2018,Thyolo,23,2018,2015-2019,75+,6620.054645051119
Census_2018,Mulanje,24,2018,2015-2019,75+,6283.1478335991305
Census_2018,Phalombe,25,2018,2015-2019,75+,3623.8703178484107
Census_2018,Chikwawa,26,2018,2015-2019,75+,4824.99521856472
Census_2018,Nsanje,27,2018,2015-2019,75+,3051.838772863408
Census_2018,Balaka,28,2018,2015-2019,75+,3748.8764790284204
Census_2018,Neno,29,2018,2015-2019,75+,960.496373589026
Census_2018,Zomba City,30,2018,2015-2019,75+,272.80950929884875
Census_2018,Blantyre City,31,2018,2015-2019,75+,2031.767161836594
Census_2018,Chitipa,0,2018,2015-2019,0-4,16318.32728890251
Census_2018,Karonga,1,2018,2015-2019,0-4,26088.234768291746
Census_2018,Nkhata Bay,2,2018,2015-2019,0-4,20433.196525233507
Census_2018,Rumphi,3,2018,2015-2019,0-4,16568.75210441567
Census_2018,Mzimba,4,2018,2015-2019,0-4,70035.01660526024
Census_2018,Likoma,5,2018,2015-2019,0-4,842.8042266125146
Census_2018,Mzuzu City,6,2018,2015-2019,0-4,13519.515419935644
Census_2018,Kasungu,7,2018,2015-2019,0-4,61308.77374420638
Census_2018,Nkhotakota,8,2018,2015-2019,0-4,31440.359776837617
Census_2018,Ntchisi,9,2018,2015-2019,0-4,24154.13438084455
Census_2018,Dowa,10,2018,2015-2019,0-4,53844.65547931641
Census_2018,Salima,11,2018,2015-2019,0-4,39824.932653351345
Census_2018,Lilongwe,12,2018,2015-2019,0-4,124078.75711643317
Census_2018,Mchinji,13,2018,2015-2019,0-4,44969.20315620823
Census_2018,Dedza,14,2018,2015-2019,0-4,63452.446490839386
Census_2018,Ntcheu,15,2018,2015-2019,0-4,49103.551115207825
Census_2018,Lilongwe City,16,2018,2015-2019,0-4,64544.59885699037
Census_2018,Mangochi,17,2018,2015-2019,0-4,105967.15261476689
Census_2018,Machinga,18,2018,2015-2019,0-4,64798.62488476255
Census_2018,Zomba,19,2018,2015-2019,0-4,55704.771682710074
Census_2018,Chiradzulu,20,2018,2015-2019,0-4,24203.95104168126
Census_2018,Blantyre,21,2018,2015-2019,0-4,31248.377660564693
Census_2018,Mwanza,22,2018,2015-2019,0-4,9911.290502409334
Census_2018,Thyolo,23,2018,2015-2019,0-4,49581.750673637755
Census_2018,Mulanje,24,2018,2015-2019,0-4,49335.83762773952
Census_2018,Phalombe,25,2018,2015-2019,0-4,32964.91104435906
Census_2018,Chikwawa,26,2018,2015-2019,0-4,44227.857208633504
Census_2018,Nsanje,27,2018,2015-2019,0-4,24418.59316504439
Census_2018,Balaka,28,2018,2015-2019,0-4,34641.77099039872
Census_2018,Neno,29,2018,2015-2019,0-4,10861.866527828997
Census_2018,Zomba City,30,2018,2015-2019,0-4,6464.958719396645
Census_2018,Blantyre City,31,2018,2015-2019,0-4,50012.6712085012
Census_2018,Chitipa,0,2018,2015-2019,5-9,18608.6908486466
Census_2018,Karonga,1,2018,2015-2019,5-9,28596.649243345713
Census_2018,Nkhata Bay,2,2018,2015-2019,5-9,21147.436885496398
Census_2018,Rumphi,3,2018,2015-2019,5-9,17307.479798045915
Census_2018,Mzimba,4,2018,2015-2019,5-9,74047.87943849289
Census_2018,Likoma,5,2018,2015-2019,5-9,926.5298409857508
Census_2018,Mzuzu City,6,2018,2015-2019,5-9,13842.146570736468
Census_2018,Kasungu,7,2018,2015-2019,5-9,66602.78001976384
Census_2018,Nkhotakota,8,2018,2015-2019,5-9,31196.07863599244
Census_2018,Ntchisi,9,2018,2015-2019,5-9,24643.7763262886
Census_2018,Dowa,10,2018,2015-2019,5-9,57219.678162080025
Census_2018,Salima,11,2018,2015-2019,5-9,38833.288790958846
Census_2018,Lilongwe,12,2018,2015-2019,5-9,124708.22000167321
Census_2018,Mchinji,13,2018,2015-2019,5-9,47297.47904633034
Census_2018,Dedza,14,2018,2015-2019,5-9,65292.46696014025
Census_2018,Ntcheu,15,2018,2015-2019,5-9,50304.73347958181
Census_2018,Lilongwe City,16,2018,2015-2019,5-9,61392.38144155873
Census_2018,Mangochi,17,2018,2015-2019,5-9,100446.47672536655
Census_2018,Machinga,18,2018,2015-2019,5-9,66261.16831602392
Census_2018,Zomba,19,2018,2015-2019,5-9,60863.4236906809
Census_2018,Chiradzulu,20,2018,2015-2019,5-9,26562.817345008752
Census_2018,Blantyre,21,2018,2015-2019,5-9,32756.169398519567
Census_2018,Mwanza,22,2018,2015-2019,5-9,9894.301483783764
Census_2018,Thyolo,23,2018,2015-2019,5-9,56184.59486787829
Census_2018,Mulanje,24,2018,2015-2019,5-9,53257.36922440495
Census_2018,Phalombe,25,2018,2015-2019,5-9,36024.584366049596
Census_2018,Chikwawa,26,2018,2015-2019,5-9,44416.42954289478
Census_2018,Nsanje,27,2018,2015-2019,5-9,25185.184712268692
Census_2018,Balaka,28,2018,2015-2019,5-9,36367.98008116265
Census_2018,Neno,29,2018,2015-2019,5-9,10706.447867178631
Census_2018,Zomba City,30,2018,2015-2019,5-9,6501.058764153009
Census_2018,Blantyre City,31,2018,2015-2019,5-9,49210.76091889677
Census_2018,Chitipa,0,2018,2015-2019,10-14,18330.091517790635
Census_2018,Karonga,1,2018,2015-2019,10-14,29191.03328785737
Census_2018,Nkhata Bay,2,2018,2015-2019,10-14,22359.960727972713
Census_2018,Rumphi,3,2018,2015-2019,10-14,17359.33817708947
Census_2018,Mzimba,4,2018,2015-2019,10-14,71646.34329875854
Census_2018,Likoma,5,2018,2015-2019,10-14,976.4625869071383
Census_2018,Mzuzu City,6,2018,2015-2019,10-14,14733.827940272606
Census_2018,Kasungu,7,2018,2015-2019,10-14,62417.66708464173
Census_2018,Nkhotakota,8,2018,2015-2019,10-14,29356.57534783261
Census_2018,Ntchisi,9,2018,2015-2019,10-14,23820.031778571858
Census_2018,Dowa,10,2018,2015-2019,10-14,57441.75271464426
Census_2018,Salima,11,2018,2015-2019,10-14,35756.35954936385
Census_2018,Lilongwe,12,2018,2015-2019,10-14,120730.87853562231
Census_2018,Mchinji,13,2018,2015-2019,10-14,44842.897993541475
Census_2018,Dedza,14,2018,2015-2019,10-14,62117.43732781705
Census_2018,Ntcheu,15,2018,2015-2019,10-14,48924.585773671635
Census_2018,Lilongwe City,16,2018,2015-2019,10-14,60208.9941555698
Census_2018,Mangochi,17,2018,2015-2019,10-14,86541.3465272403
Census_2018,Machinga,18,2018,2015-2019,10-14,57658.00243120426
Census_2018,Zomba,19,2018,2015-2019,10-14,58798.29156154081
Census_2018,Chiradzulu,20,2018,2015-2019,10-14,26966.190301926443
Census_2018,Blantyre,21,2018,2015-2019,10-14,33444.811878906075
Census_2018,Mwanza,22,2018,2015-2019,10-14,9625.566098251991
Census_2018,Thyolo,23,2018,2015-2019,10-14,58484.74653755739
Census_2018,Mulanje,24,2018,2015-2019,10-14,54514.16946179472
Census_2018,Phalombe,25,2018,2015-2019,10-14,34549.91195249738
Census_2018,Chikwawa,26,2018,2015-2019,10-14,40308.100930786066
Census_2018,Nsanje,27,2018,2015-2019,10-14,22280.56205877634
Census_2018,Balaka,28,2018,2015-2019,10-14,34758.837546962786
Census_2018,Neno,29,2018,2015-2019,10-14,10441.774504486915
Census_2018,Zomba City,30,2018,2015-2019,10-14,6968.325540647348
Census_2018,Blantyre City,31,2018,2015-2019,10-14,49511.97597792728
Census_2018,Chitipa,0,2018,2015-2019,15-19,14414.308657582995
Census_2018,Karonga,1,2018,2015-2019,15-19,23109.07226842872
Census_2018,Nkhata Bay,2,2018,2015-2019,15-19,18401.77236977529
Census_2018,Rumphi,3,2018,2015-2019,15-19,13843.136711744146
Census_2018,Mzimba,4,2018,2015-2019,15-19,56850.77894752516
Census_2018,Likoma,5,2018,2015-2019,15-19,906.8593653197495
Census_2018,Mzuzu City,6,2018,2015-2019,15-19,13543.39520590043
Census_2018,Kasungu,7,2018,2015-2019,15-19,49262.43516067918
Census_2018,Nkhotakota,8,2018,2015-2019,15-19,23595.82426852754
Census_2018,Ntchisi,9,2018,2015-2019,15-19,18392.52733001334
Census_2018,Dowa,10,2018,2015-2019,15-19,45470.14752468711
Census_2018,Salima,11,2018,2015-2019,15-19,28106.02032838155
Census_2018,Lilongwe,12,2018,2015-2019,15-19,95390.36900114376
Census_2018,Mchinji,13,2018,2015-2019,15-19,34610.65806858651
Census_2018,Dedza,14,2018,2015-2019,15-19,48991.85331458185
Census_2018,Ntcheu,15,2018,2015-2019,15-19,39351.22937714521
Census_2018,Lilongwe City,16,2018,2015-2019,15-19,54636.27966841804
Census_2018,Mangochi,17,2018,2015-2019,15-19,68240.25869680858
Census_2018,Machinga,18,2018,2015-2019,15-19,43133.00028554412
Census_2018,Zomba,19,2018,2015-2019,15-19,45527.963504588035
Census_2018,Chiradzulu,20,2018,2015-2019,15-19,22216.98516287215
Census_2018,Blantyre,21,2018,2015-2019,15-19,28089.907317938036
Census_2018,Mwanza,22,2018,2015-2019,15-19,7877.241636056785
Census_2018,Thyolo,23,2018,2015-2019,15-19,46002.50571483223
Census_2018,Mulanje,24,2018,2015-2019,15-19,43069.15352130588
Census_2018,Phalombe,25,2018,2015-2019,15-19,26081.0345511701
Census_2018,Chikwawa,26,2018,2015-2019,15-19,32951.741274766064
Census_2018,Nsanje,27,2018,2015-2019,15-19,18157.402095143865
Census_2018,Balaka,28,2018,2015-2019,15-19,27122.335205381645
Census_2018,Neno,29,2018,2015-2019,15-19,8113.572191972001
Census_2018,Zomba City,30,2018,2015-2019,15-19,6487.330578118899
Census_2018,Blantyre City,31,2018,2015-2019,15-19,46314.30882808673
Census_2018,Chitipa,0,2018,2015-2019,20-24,11276.859471240003
Census_2018,Karonga,1,2018,2015-2019,20-24,17880.148054395828
Census_2018,Nkhata Bay,2,2018,2015-2019,20-24,13967.764128972429
Census_2018,Rumphi,3,2018,2015-2019,20-24,10937.033823381815
Census_2018,Mzimba,4,2018,2015-2019,20-24,44529.89919845477
Census_2018,Likoma,5,2018,2015-2019,20-24,780.2622014180491
Census_2018,Mzuzu City,6,2018,2015-2019,20-24,13325.428648902709
Census_2018,Kasungu,7,2018,2015-2019,20-24,40027.21188963086
Census_2018,Nkhotakota,8,2018,2015-2019,20-24,18748.960045996075
Census_2018,Ntchisi,9,2018,2015-2019,20-24,15200.389296966907
Census_2018,Dowa,10,2018,2015-2019,20-24,37411.649105775665
Census_2018,Salima,11,2018,2015-2019,20-24,21952.161845191556
Census_2018,Lilongwe,12,2018,2015-2019,20-24,79062.90401463621
Census_2018,Mchinji,13,2018,2015-2019,20-24,28721.996890279843
Census_2018,Dedza,14,2018,2015-2019,20-24,40015.21192950854
Census_2018,Ntcheu,15,2018,2015-2019,20-24,32053.36314447369
Census_2018,Lilongwe City,16,2018,2015-2019,20-24,58681.882357341114
Census_2018,Mangochi,17,2018,2015-2019,20-24,50101.420138758906
Census_2018,Machinga,18,2018,2015-2019,20-24,31483.392003132823
Census_2018,Zomba,19,2018,2015-2019,20-24,34160.33558583895
Census_2018,Chiradzulu,20,2018,2015-2019,20-24,16979.95577162872
Census_2018,Blantyre,21,2018,2015-2019,20-24,22554.459784584014
Census_2018,Mwanza,22,2018,2015-2019,20-24,6785.825894050356
Census_2018,Thyolo,23,2018,2015-2019,20-24,33346.130904726
Census_2018,Mulanje,24,2018,2015-2019,20-24,31641.97942134783
Census_2018,Phalombe,25,2018,2015-2019,20-24,18984.27068110374
Census_2018,Chikwawa,26,2018,2015-2019,20-24,25898.626318436505
Census_2018,Nsanje,27,2018,2015-2019,20-24,13283.252854583377
Census_2018,Balaka,28,2018,2015-2019,20-24,19573.632781223554
Census_2018,Neno,29,2018,2015-2019,20-24,6717.3689104858595
Census_2018,Zomba City,30,2018,2015-2019,20-24,6048.0286250273775
Census_2018,Blantyre City,31,2018,2015-2019,20-24,46944.16746973499
Census_2018,Chitipa,0,2018,2015-2019,25-29,8104.521234255747
Census_2018,Karonga,1,2018,2015-2019,25-29,12531.726264834479
Census_2018,Nkhata Bay,2,2018,2015-2019,25-29,9068.14673265866
Census_2018,Rumphi,3,2018,2015-2019,25-29,7734.524709701913
Census_2018,Mzimba,4,2018,2015-2019,25-29,30640.448547305634
Census_2018,Likoma,5,2018,2015-2019,25-29,604.2366627658843
Census_2018,Mzuzu City,6,2018,2015-2019,25-29,10521.840160526412
Census_2018,Kasungu,7,2018,2015-2019,25-29,29040.280513860205
Census_2018,Nkhotakota,8,2018,2015-2019,25-29,13455.862006680625
Census_2018,Ntchisi,9,2018,2015-2019,25-29,11140.505454648674
Census_2018,Dowa,10,2018,2015-2019,25-29,28254.00928072444
Census_2018,Salima,11,2018,2015-2019,25-29,16580.800518871278
Census_2018,Lilongwe,12,2018,2015-2019,25-29,58234.57369183729
Census_2018,Mchinji,13,2018,2015-2019,25-29,21543.39985389462
Census_2018,Dedza,14,2018,2015-2019,25-29,30304.341671161885
Census_2018,Ntcheu,15,2018,2015-2019,25-29,22961.717494329965
Census_2018,Lilongwe City,16,2018,2015-2019,25-29,48370.14699014877
Census_2018,Mangochi,17,2018,2015-2019,25-29,38254.59786211346
Census_2018,Machinga,18,2018,2015-2019,25-29,24100.581563639626
Census_2018,Zomba,19,2018,2015-2019,25-29,24884.998842945988
Census_2018,Chiradzulu,20,2018,2015-2019,25-29,12498.79170017513
Census_2018,Blantyre,21,2018,2015-2019,25-29,16059.039475200569
Census_2018,Mwanza,22,2018,2015-2019,25-29,4867.611245599432
Census_2018,Thyolo,23,2018,2015-2019,25-29,23839.470551218645
Census_2018,Mulanje,24,2018,2015-2019,25-29,22794.00079812076
Census_2018,Phalombe,25,2018,2015-2019,25-29,14119.457436255676
Census_2018,Chikwawa,26,2018,2015-2019,25-29,19744.0330521141
Census_2018,Nsanje,27,2018,2015-2019,25-29,10205.965076478768
Census_2018,Balaka,28,2018,2015-2019,25-29,14157.736684467094
Census_2018,Neno,29,2018,2015-2019,25-29,4688.206463182709
Census_2018,Zomba City,30,2018,2015-2019,25-29,4887.742679477778
Census_2018,Blantyre City,31,2018,2015-2019,25-29,37591.53962692311
Census_2018,Chitipa,0,2018,2015-2019,30-34,7086.5818743694845
Census_2018,Karonga,1,2018,2015-2019,30-34,11648.168433654406
Census_2018,Nkhata Bay,2,2018,2015-2019,30-34,8155.818266761744
Census_2018,Rumphi,3,2018,2015-2019,30-34,7074.60141559864
Census_2018,Mzimba,4,2018,2015-2019,30-34,27537.30532427695
Census_2018,Likoma,5,2018,2015-2019,30-34,551.7820609898808
Census_2018,Mzuzu City,6,2018,2015-2019,30-34,9435.563939404894
Census_2018,Kasungu,7,2018,2015-2019,30-34,26589.707025184085
Census_2018,Nkhotakota,8,2018,2015-2019,30-34,12174.788466381904
Census_2018,Ntchisi,9,2018,2015-2019,30-34,10061.451261397362
Census_2018,Dowa,10,2018,2015-2019,30-34,25298.63092487532
Census_2018,Salima,11,2018,2015-2019,30-34,14940.080673821878
Census_2018,Lilongwe,12,2018,2015-2019,30-34,52437.24108945928
Census_2018,Mchinji,13,2018,2015-2019,30-34,19686.358887938834
Census_2018,Dedza,14,2018,2015-2019,30-34,26741.5261549502
Census_2018,Ntcheu,15,2018,2015-2019,30-34,20689.321832057827
Census_2018,Lilongwe City,16,2018,2015-2019,30-34,42989.44069652023
Census_2018,Mangochi,17,2018,2015-2019,30-34,33259.000524111296
Census_2018,Machinga,18,2018,2015-2019,30-34,20996.076819527956
Census_2018,Zomba,19,2018,2015-2019,30-34,22854.86010092082
Census_2018,Chiradzulu,20,2018,2015-2019,30-34,11435.02010507881
Census_2018,Blantyre,21,2018,2015-2019,30-34,14468.7138070121
Census_2018,Mwanza,22,2018,2015-2019,30-34,4184.961588099183
Census_2018,Thyolo,23,2018,2015-2019,30-34,22738.205000720765
Census_2018,Mulanje,24,2018,2015-2019,30-34,22130.704138387708
Census_2018,Phalombe,25,2018,2015-2019,30-34,13524.823108627314
Census_2018,Chikwawa,26,2018,2015-2019,30-34,17088.73072373221
Census_2018,Nsanje,27,2018,2015-2019,30-34,8165.188121724248
Census_2018,Balaka,28,2018,2015-2019,30-34,12824.014129326451
Census_2018,Neno,29,2018,2015-2019,30-34,4250.161789270452
Census_2018,Zomba City,30,2018,2015-2019,30-34,4491.150638492378
Census_2018,Blantyre City,31,2018,2015-2019,30-34,33533.61423730169
Census_2018,Chitipa,0,2018,2015-2019,35-39,5839.298313944332
Census_2018,Karonga,1,2018,2015-2019,35-39,9724.309198198494
Census_2018,Nkhata Bay,2,2018,2015-2019,35-39,7000.474496014838
Census_2018,Rumphi,3,2018,2015-2019,35-39,6179.790169356916
Census_2018,Mzimba,4,2018,2015-2019,35-39,23418.840837538184
Census_2018,Likoma,5,2018,2015-2019,35-39,446.3684862669512
Census_2018,Mzuzu City,6,2018,2015-2019,35-39,7713.170866625691
Census_2018,Kasungu,7,2018,2015-2019,35-39,22856.02881062171
Census_2018,Nkhotakota,8,2018,2015-2019,35-39,10195.550245880579
Census_2018,Ntchisi,9,2018,2015-2019,35-39,8422.660089759642
Census_2018,Dowa,10,2018,2015-2019,35-39,20794.346379417242
Census_2018,Salima,11,2018,2015-2019,35-39,12757.43389722084
Census_2018,Lilongwe,12,2018,2015-2019,35-39,44686.20791434694
Census_2018,Mchinji,13,2018,2015-2019,35-39,16003.726434281634
Census_2018,Dedza,14,2018,2015-2019,35-39,22694.632443601055
Census_2018,Ntcheu,15,2018,2015-2019,35-39,18525.23372518223
Census_2018,Lilongwe City,16,2018,2015-2019,35-39,35884.142675054936
Census_2018,Mangochi,17,2018,2015-2019,35-39,29812.38491273373
Census_2018,Machinga,18,2018,2015-2019,35-39,18876.016545242426
Census_2018,Zomba,19,2018,2015-2019,35-39,21651.505415655585
Census_2018,Chiradzulu,20,2018,2015-2019,35-39,11029.024437127846
Census_2018,Blantyre,21,2018,2015-2019,35-39,13676.388076769646
Census_2018,Mwanza,22,2018,2015-2019,35-39,3845.1812155877483
Census_2018,Thyolo,23,2018,2015-2019,35-39,21435.89384661019
Census_2018,Mulanje,24,2018,2015-2019,35-39,20390.599926619667
Census_2018,Phalombe,25,2018,2015-2019,35-39,11720.201159622773
Census_2018,Chikwawa,26,2018,2015-2019,35-39,16030.687032039157
Census_2018,Nsanje,27,2018,2015-2019,35-39,7890.068088833031
Census_2018,Balaka,28,2018,2015-2019,35-39,12020.749408616744
Census_2018,Neno,29,2018,2015-2019,35-39,3859.8198725875145
Census_2018,Zomba City,30,2018,2015-2019,35-39,3915.583727728948
Census_2018,Blantyre City,31,2018,2015-2019,35-39,28953.549498665438
Census_2018,Chitipa,0,2018,2015-2019,40-44,4913.199249128453
Census_2018,Karonga,1,2018,2015-2019,40-44,7774.584686654174
Census_2018,Nkhata Bay,2,2018,2015-2019,40-44,5729.749509099658
Census_2018,Rumphi,3,2018,2015-2019,40-44,4864.519320477742
Census_2018,Mzimba,4,2018,2015-2019,40-44,19515.700697948487
Census_2018,Likoma,5,2018,2015-2019,40-44,340.45054037309836
Census_2018,Mzuzu City,6,2018,2015-2019,40-44,5441.542716656423
Census_2018,Kasungu,7,2018,2015-2019,40-44,17709.97597256312
Census_2018,Nkhotakota,8,2018,2015-2019,40-44,7824.646229619133
Census_2018,Ntchisi,9,2018,2015-2019,40-44,6666.702768167181
Census_2018,Dowa,10,2018,2015-2019,40-44,17034.904988421746
Census_2018,Salima,11,2018,2015-2019,40-44,9475.479067453267
Census_2018,Lilongwe,12,2018,2015-2019,40-44,35757.50316472509
Census_2018,Mchinji,13,2018,2015-2019,40-44,12327.688226064869
Census_2018,Dedza,14,2018,2015-2019,40-44,18058.47165363053
Census_2018,Ntcheu,15,2018,2015-2019,40-44,13899.98535948624
Census_2018,Lilongwe City,16,2018,2015-2019,40-44,24332.81036936556
Census_2018,Mangochi,17,2018,2015-2019,40-44,21030.446140599386
Census_2018,Machinga,18,2018,2015-2019,40-44,13227.230238306967
Census_2018,Zomba,19,2018,2015-2019,40-44,15531.840985424335
Census_2018,Chiradzulu,20,2018,2015-2019,40-44,8123.0606122591935
Census_2018,Blantyre,21,2018,2015-2019,40-44,10476.134931962235
Census_2018,Mwanza,22,2018,2015-2019,40-44,2765.091485998366
Census_2018,Thyolo,23,2018,2015-2019,40-44,16848.254797243353
Census_2018,Mulanje,24,2018,2015-2019,40-44,15065.860048208831
Census_2018,Phalombe,25,2018,2015-2019,40-44,8413.454166957737
Census_2018,Chikwawa,26,2018,2015-2019,40-44,11738.37298028632
Census_2018,Nsanje,27,2018,2015-2019,40-44,5921.061577441437
Census_2018,Balaka,28,2018,2015-2019,40-44,8817.097659787536
Census_2018,Neno,29,2018,2015-2019,40-44,2873.449956974785
Census_2018,Zomba City,30,2018,2015-2019,40-44,2544.7989296563283
Census_2018,Blantyre City,31,2018,2015-2019,40-44,20196.369967910592
Census_2018,Chitipa,0,2018,2015-2019,45-49,3952.211133671311
Census_2018,Karonga,1,2018,2015-2019,45-49,5534.13447187613
Census_2018,Nkhata Bay,2,2018,2015-2019,45-49,4346.706524144569
Census_2018,Rumphi,3,2018,2015-2019,45-49,3680.4196656499144
Census_2018,Mzimba,4,2018,2015-2019,45-49,14714.688938548199
Census_2018,Likoma,5,2018,2015-2019,45-49,242.60253321401527
Census_2018,Mzuzu City,6,2018,2015-2019,45-49,3280.6761271195633
Census_2018,Kasungu,7,2018,2015-2019,45-49,13086.052330319722
Census_2018,Nkhotakota,8,2018,2015-2019,45-49,5831.1285269807195
Census_2018,Ntchisi,9,2018,2015-2019,45-49,4836.557273022591
Census_2018,Dowa,10,2018,2015-2019,45-49,13092.188277034154
Census_2018,Salima,11,2018,2015-2019,45-49,7382.466593219135
Census_2018,Lilongwe,12,2018,2015-2019,45-49,27482.94611937227
Census_2018,Mchinji,13,2018,2015-2019,45-49,9599.192362673397
Census_2018,Dedza,14,2018,2015-2019,45-49,13894.87584766987
Census_2018,Ntcheu,15,2018,2015-2019,45-49,9916.330321948793
Census_2018,Lilongwe City,16,2018,2015-2019,45-49,14555.812846829836
Census_2018,Mangochi,17,2018,2015-2019,45-49,17071.353863057207
Census_2018,Machinga,18,2018,2015-2019,45-49,10821.04290504434
Census_2018,Zomba,19,2018,2015-2019,45-49,11495.588811930513
Census_2018,Chiradzulu,20,2018,2015-2019,45-49,6054.266149211909
Census_2018,Blantyre,21,2018,2015-2019,45-49,7384.723407650369
Census_2018,Mwanza,22,2018,2015-2019,45-49,1962.4890606266563
Census_2018,Thyolo,23,2018,2015-2019,45-49,12518.650656450289
Census_2018,Mulanje,24,2018,2015-2019,45-49,10589.657115041946
Census_2018,Phalombe,25,2018,2015-2019,45-49,6048.9021585749215
Census_2018,Chikwawa,26,2018,2015-2019,45-49,9155.441655864164
Census_2018,Nsanje,27,2018,2015-2019,45-49,4793.537510696331
Census_2018,Balaka,28,2018,2015-2019,45-49,6529.596239783384
Census_2018,Neno,29,2018,2015-2019,45-49,2115.848102913422
Census_2018,Zomba City,30,2018,2015-2019,45-49,1664.1612181348976
Census_2018,Blantyre City,31,2018,2015-2019,45-49,12215.168304459528
Census_2018,Chitipa,0,2018,2015-2019,50-54,3145.145300455035
Census_2018,Karonga,1,2018,2015-2019,50-54,4333.468355852154
Census_2018,Nkhata Bay,2,2018,2015-2019,50-54,3748.3579164046773
Census_2018,Rumphi,3,2018,2015-2019,50-54,2891.867254899394
Census_2018,Mzimba,4,2018,2015-2019,50-54,12974.579740774147
Census_2018,Likoma,5,2018,2015-2019,50-54,180.56487919047294
Census_2018,Mzuzu City,6,2018,2015-2019,50-54,2356.985682779565
Census_2018,Kasungu,7,2018,2015-2019,50-54,9957.316839728905
Census_2018,Nkhotakota,8,2018,2015-2019,50-54,4251.205824812951
Census_2018,Ntchisi,9,2018,2015-2019,50-54,3666.430701203839
Census_2018,Dowa,10,2018,2015-2019,50-54,9621.699062478561
Census_2018,Salima,11,2018,2015-2019,50-54,4856.2216575449565
Census_2018,Lilongwe,12,2018,2015-2019,50-54,19171.876112539027
Census_2018,Mchinji,13,2018,2015-2019,50-54,6827.073029445215
Census_2018,Dedza,14,2018,2015-2019,50-54,9706.683636118443
Census_2018,Ntcheu,15,2018,2015-2019,50-54,7784.734481692157
Census_2018,Lilongwe City,16,2018,2015-2019,50-54,9408.401482637533
Census_2018,Mangochi,17,2018,2015-2019,50-54,11677.221904543836
Census_2018,Machinga,18,2018,2015-2019,50-54,7075.760012400773
Census_2018,Zomba,19,2018,2015-2019,50-54,8373.865307663875
Census_2018,Chiradzulu,20,2018,2015-2019,50-54,4552.501811558669
Census_2018,Blantyre,21,2018,2015-2019,50-54,5353.357049776162
Census_2018,Mwanza,22,2018,2015-2019,50-54,1413.1774583998351
Census_2018,Thyolo,23,2018,2015-2019,50-54,9175.805777483312
Census_2018,Mulanje,24,2018,2015-2019,50-54,7735.487390130492
Census_2018,Phalombe,25,2018,2015-2019,50-54,4268.107020607754
Census_2018,Chikwawa,26,2018,2015-2019,50-54,6207.5973818985485
Census_2018,Nsanje,27,2018,2015-2019,50-54,3195.3449566798586
Census_2018,Balaka,28,2018,2015-2019,50-54,4873.940654091551
Census_2018,Neno,29,2018,2015-2019,50-54,1611.122155454802
Census_2018,Zomba City,30,2018,2015-2019,50-54,1196.8944416405586
Census_2018,Blantyre City,31,2018,2015-2019,50-54,8071.466441074445
Census_2018,Chitipa,0,2018,2015-2019,55-59,2277.023628616549
Census_2018,Karonga,1,2018,2015-2019,55-59,3287.4765908368677
Census_2018,Nkhata Bay,2,2018,2015-2019,55-59,2794.165469420158
Census_2018,Rumphi,3,2018,2015-2019,55-59,2203.9811093510675
Census_2018,Mzimba,4,2018,2015-2019,55-59,10130.031786331185
Census_2018,Likoma,5,2018,2015-2019,55-59,140.7195566875473
Census_2018,Mzuzu City,6,2018,2015-2019,55-59,1583.1790014100293
Census_2018,Kasungu,7,2018,2015-2019,55-59,7778.917080786236
Census_2018,Nkhotakota,8,2018,2015-2019,55-59,3338.848912554029
Census_2018,Ntchisi,9,2018,2015-2019,55-59,2959.8523034418376
Census_2018,Dowa,10,2018,2015-2019,55-59,7734.320623788943
Census_2018,Salima,11,2018,2015-2019,55-59,3964.5148908948754
Census_2018,Lilongwe,12,2018,2015-2019,55-59,15457.839382797698
Census_2018,Mchinji,13,2018,2015-2019,55-59,5411.339258349176
Census_2018,Dedza,14,2018,2015-2019,55-59,8111.057239389677
Census_2018,Ntcheu,15,2018,2015-2019,55-59,6517.020333288862
Census_2018,Lilongwe City,16,2018,2015-2019,55-59,6217.384484058715
Census_2018,Mangochi,17,2018,2015-2019,55-59,9771.71184151989
Census_2018,Machinga,18,2018,2015-2019,55-59,6138.3931208341155
Census_2018,Zomba,19,2018,2015-2019,55-59,7004.944895302681
Census_2018,Chiradzulu,20,2018,2015-2019,55-59,3816.0445534150617
Census_2018,Blantyre,21,2018,2015-2019,55-59,4103.48384380125
Census_2018,Mwanza,22,2018,2015-2019,55-59,1126.9382354962618
Census_2018,Thyolo,23,2018,2015-2019,55-59,7247.139947550509
Census_2018,Mulanje,24,2018,2015-2019,55-59,6400.497910414599
Census_2018,Phalombe,25,2018,2015-2019,55-59,3575.0576039119806
Census_2018,Chikwawa,26,2018,2015-2019,55-59,4890.139316856861
Census_2018,Nsanje,27,2018,2015-2019,55-59,2633.1431503369345
Census_2018,Balaka,28,2018,2015-2019,55-59,4019.9819334411545
Census_2018,Neno,29,2018,2015-2019,55-59,1188.9784006189846
Census_2018,Zomba City,30,2018,2015-2019,55-59,778.4389932675002
Census_2018,Blantyre City,31,2018,2015-2019,55-59,5540.063064188817
Census_2018,Chitipa,0,2018,2015-2019,60-64,1658.7691282824026
Census_2018,Karonga,1,2018,2015-2019,60-64,2618.0832456688254
Census_2018,Nkhata Bay,2,2018,2015-2019,60-64,2337.7459682943363
Census_2018,Rumphi,3,2018,2015-2019,60-64,1747.42400757546
Census_2018,Mzimba,4,2018,2015-2019,60-64,8098.874128893918
Census_2018,Likoma,5,2018,2015-2019,60-64,99.36112067185242
Census_2018,Mzuzu City,6,2018,2015-2019,60-64,1227.5226147004591
Census_2018,Kasungu,7,2018,2015-2019,60-64,5834.314050724061
Census_2018,Nkhotakota,8,2018,2015-2019,60-64,2502.4792445246094
Census_2018,Ntchisi,9,2018,2015-2019,60-64,2171.922736060605
Census_2018,Dowa,10,2018,2015-2019,60-64,5682.555964580511
Census_2018,Salima,11,2018,2015-2019,60-64,2956.3865591015706
Census_2018,Lilongwe,12,2018,2015-2019,60-64,11258.848812548738
Census_2018,Mchinji,13,2018,2015-2019,60-64,3990.532990760495
Census_2018,Dedza,14,2018,2015-2019,60-64,6061.1823308994935
Census_2018,Ntcheu,15,2018,2015-2019,60-64,5201.857160616609
Census_2018,Lilongwe City,16,2018,2015-2019,60-64,4227.662271382913
Census_2018,Mangochi,17,2018,2015-2019,60-64,7378.928882798441
Census_2018,Machinga,18,2018,2015-2019,60-64,4635.57220595074
Census_2018,Zomba,19,2018,2015-2019,60-64,5696.61004869269
Census_2018,Chiradzulu,20,2018,2015-2019,60-64,3075.3909576182136
Census_2018,Blantyre,21,2018,2015-2019,60-64,3373.574398297948
Census_2018,Mwanza,22,2018,2015-2019,60-64,796.9394191631857
Census_2018,Thyolo,23,2018,2015-2019,60-64,5648.801014892108
Census_2018,Mulanje,24,2018,2015-2019,60-64,5259.144876459384
Census_2018,Phalombe,25,2018,2015-2019,60-64,2776.859434159972
Census_2018,Chikwawa,26,2018,2015-2019,60-64,3660.3419044987995
Census_2018,Nsanje,27,2018,2015-2019,60-64,2199.9201117766606
Census_2018,Balaka,28,2018,2015-2019,60-64,3312.356408495845
Census_2018,Neno,29,2018,2015-2019,60-64,943.2835542443108
Census_2018,Zomba City,30,2018,2015-2019,60-64,540.483768676259
Census_2018,Blantyre City,31,2018,2015-2019,60-64,4117.769441084442
Census_2018,Chitipa,0,2018,2015-2019,65-69,1495.0984348329482
Census_2018,Karonga,1,2018,2015-2019,65-69,2120.4353337278235
Census_2018,Nkhata Bay,2,2018,2015-2019,65-69,1887.9634397799643
Census_2018,Rumphi,3,2018,2015-2019,65-69,1363.0619040761735
Census_2018,Mzimba,4,2018,2015-2019,65-69,6787.8682353666945
Census_2018,Likoma,5,2018,2015-2019,65-69,91.29118193708267
Census_2018,Mzuzu City,6,2018,2015-2019,65-69,755.0077009291731
Census_2018,Kasungu,7,2018,2015-2019,65-69,4967.801768307367
Census_2018,Nkhotakota,8,2018,2015-2019,65-69,2385.1834983985327
Census_2018,Ntchisi,9,2018,2015-2019,65-69,2233.8314877834164
Census_2018,Dowa,10,2018,2015-2019,65-69,5549.821749254759
Census_2018,Salima,11,2018,2015-2019,65-69,3226.3197455398395
Census_2018,Lilongwe,12,2018,2015-2019,65-69,11588.493999998778
Census_2018,Mchinji,13,2018,2015-2019,65-69,3478.2108450037767
Census_2018,Dedza,14,2018,2015-2019,65-69,6612.769809466931
Census_2018,Ntcheu,15,2018,2015-2019,65-69,5798.064465561363
Census_2018,Lilongwe City,16,2018,2015-2019,65-69,3010.9471383316586
Census_2018,Mangochi,17,2018,2015-2019,65-69,8610.76316437854
Census_2018,Machinga,18,2018,2015-2019,65-69,5718.356505918922
Census_2018,Zomba,19,2018,2015-2019,65-69,6823.188198049078
Census_2018,Chiradzulu,20,2018,2015-2019,65-69,3703.792521190893
Census_2018,Blantyre,21,2018,2015-2019,65-69,3849.1761712690045
Census_2018,Mwanza,22,2018,2015-2019,65-69,892.695705961863
Census_2018,Thyolo,23,2018,2015-2019,65-69,6502.057553059369
Census_2018,Mulanje,24,2018,2015-2019,65-69,6267.208866449255
Census_2018,Phalombe,25,2018,2015-2019,65-69,3593.1866992665036
Census_2018,Chikwawa,26,2018,2015-2019,65-69,4067.5562155116845
Census_2018,Nsanje,27,2018,2015-2019,65-69,2424.07272836667
Census_2018,Balaka,28,2018,2015-2019,65-69,3854.8344697168427
Census_2018,Neno,29,2018,2015-2019,65-69,985.3440498658626
Census_2018,Zomba City,30,2018,2015-2019,65-69,410.82867835410855
Census_2018,Blantyre City,31,2018,2015-2019,65-69,3180.212634830506
Census_2018,Chitipa,0,2018,2015-2019,70-74,1089.2566839911974
Census_2018,Karonga,1,2018,2015-2019,70-74,1656.4122807017543
Census_2018,Nkhata Bay,2,2018,2015-2019,70-74,1442.7757384581337
Census_2018,Rumphi,3,2018,2015-2019,70-74,1059.5378620271338
Census_2018,Mzimba,4,2018,2015-2019,70-74,4777.830908630652
Census_2018,Likoma,5,2018,2015-2019,70-74,54.976457630618846
Census_2018,Mzuzu City,6,2018,2015-2019,70-74,501.98358581293616
Census_2018,Kasungu,7,2018,2015-2019,70-74,3089.348568662784
Census_2018,Nkhotakota,8,2018,2015-2019,70-74,1439.167806816476
Census_2018,Ntchisi,9,2018,2015-2019,70-74,1310.8282802796869
Census_2018,Dowa,10,2018,2015-2019,70-74,3457.215793023018
Census_2018,Salima,11,2018,2015-2019,70-74,1921.9861042007249
Census_2018,Lilongwe,12,2018,2015-2019,70-74,7608.581198632374
Census_2018,Mchinji,13,2018,2015-2019,70-74,2254.724690978823
Census_2018,Dedza,14,2018,2015-2019,70-74,4293.904422813879
Census_2018,Ntcheu,15,2018,2015-2019,70-74,3167.7381202168563
Census_2018,Lilongwe City,16,2018,2015-2019,70-74,1605.208395076204
Census_2018,Mangochi,17,2018,2015-2019,70-74,4935.73838314277
Census_2018,Machinga,18,2018,2015-2019,70-74,3146.8745645452095
Census_2018,Zomba,19,2018,2015-2019,70-74,3607.974898356019
Census_2018,Chiradzulu,20,2018,2015-2019,70-74,2005.8493982486866
Census_2018,Blantyre,21,2018,2015-2019,70-74,2063.8640929036833
Census_2018,Mwanza,22,2018,2015-2019,70-74,505.552008797318
Census_2018,Thyolo,23,2018,2015-2019,70-74,3747.046801190925
Census_2018,Mulanje,24,2018,2015-2019,70-74,3602.4775071735853
Census_2018,Phalombe,25,2018,2015-2019,70-74,1905.108934683898
Census_2018,Chikwawa,26,2018,2015-2019,70-74,2393.339680245943
Census_2018,Nsanje,27,2018,2015-2019,70-74,1529.5425647128036
Census_2018,Balaka,28,2018,2015-2019,70-74,2126.012286172467
Census_2018,Neno,29,2018,2015-2019,70-74,565.2520265237795
Census_2018,Zomba City,30,2018,2015-2019,70-74,212.02420652681096
Census_2018,Blantyre City,31,2018,2015-2019,70-74,1677.129542251057
Census_2018,Chitipa,0,2018,2015-2019,75+,2025.6172342898008
Census_2018,Karonga,1,2018,2015-2019,75+,2737.0635156755097
Census_2018,Nkhata Bay,2,2018,2015-2019,75+,2517.9653015129215
Census_2018,Rumphi,3,2018,2015-2019,75+,1693.5319666086289
Census_2018,Mzimba,4,2018,2015-2019,75+,8610.913365894336
Census_2018,Likoma,5,2018,2015-2019,75+,141.72829902939355
Census_2018,Mzuzu City,6,2018,2015-2019,75+,642.2138182869952
Census_2018,Kasungu,7,2018,2015-2019,75+,5129.389140319804
Census_2018,Nkhotakota,8,2018,2015-2019,75+,2725.3411621641562
Census_2018,Ntchisi,9,2018,2015-2019,75+,2544.398531549915
Census_2018,Dowa,10,2018,2015-2019,75+,6501.423969897835
Census_2018,Salima,11,2018,2015-2019,75+,3880.5471248844983
Census_2018,Lilongwe,12,2018,2015-2019,75+,14499.75984423385
Census_2018,Mchinji,13,2018,2015-2019,75+,3954.5182656627453
Census_2018,Dedza,14,2018,2015-2019,75+,8281.138767410946
Census_2018,Ntcheu,15,2018,2015-2019,75+,5993.533815538926
Census_2018,Lilongwe City,16,2018,2015-2019,75+,2050.906170715584
Census_2018,Mangochi,17,2018,2015-2019,75+,10012.197818060247
Census_2018,Machinga,18,2018,2015-2019,75+,6625.907597921238
Census_2018,Zomba,19,2018,2015-2019,75+,7025.836469699648
Census_2018,Chiradzulu,20,2018,2015-2019,75+,3972.358130998249
Census_2018,Blantyre,21,2018,2015-2019,75+,3853.8187048446434
Census_2018,Mwanza,22,2018,2015-2019,75+,960.1369617179207
Census_2018,Thyolo,23,2018,2015-2019,75+,7395.945354948881
Census_2018,Mulanje,24,2018,2015-2019,75+,6937.85216640087
Census_2018,Phalombe,25,2018,2015-2019,75+,3894.1296821515893
Census_2018,Chikwawa,26,2018,2015-2019,75+,5015.004781435281
Census_2018,Nsanje,27,2018,2015-2019,75+,3307.1612271365925
Census_2018,Balaka,28,2018,2015-2019,75+,4104.12352097158
Census_2018,Neno,29,2018,2015-2019,75+,1011.503626410974
Census_2018,Zomba City,30,2018,2015-2019,75+,282.1904907011513
Census_2018,Blantyre City,31,2018,2015-2019,75+,2021.232838163406
