,district,age_grp,sex,number
0,Chitipa,Less than 1 Year,M,3073.9621073780368
1,Karonga,Less than 1 Year,M,4787.846529581292
2,Nkhata Bay,Less than 1 Year,M,3984.2340725232802
3,Rumphi,Less than 1 Year,M,3196.774128232989
4,Mzimba,Less than 1 Year,M,13155.49237596045
5,Likoma,Less than 1 Year,M,152.65367935568253
6,Mzuzu City,Less than 1 Year,M,2673.090278028851
7,Kasungu,Less than 1 Year,M,11971.539320697595
8,Nkhotakota,Less than 1 Year,M,6255.086090002722
9,Ntchisi,Less than 1 Year,M,4636.953738776102
10,Dowa,Less than 1 Year,M,10452.926275840733
11,Salima,Less than 1 Year,M,7641.883680432155
12,Lilongwe,Less than 1 Year,M,24112.268720425163
13,Mchinji,Less than 1 Year,M,8383.65446742099
14,Dedza,Less than 1 Year,M,11702.77970938409
15,Ntcheu,Less than 1 Year,M,9217.209478963263
16,Lilongwe City,Less than 1 Year,M,14005.605344287682
17,Mangochi,Less than 1 Year,M,19908.232203940235
18,Machinga,Less than 1 Year,M,12035.923971837192
19,Zomba,Less than 1 Year,M,10399.760634451284
20,Chiradzulu,Less than 1 Year,M,4515.898121190893
21,Blantyre,Less than 1 Year,M,6125.1453038429145
22,Mwanza,Less than 1 Year,M,1803.9039015189119
23,Thyolo,Less than 1 Year,M,9119.578701958262
24,Mulanje,Less than 1 Year,M,9505.274927752529
25,Phalombe,Less than 1 Year,M,6361.29510303877
26,Chikwawa,Less than 1 Year,M,8911.040458026082
27,Nsanje,Less than 1 Year,M,4516.08788373088
28,Balaka,Less than 1 Year,M,6511.482894937942
29,Neno,Less than 1 Year,M,2152.3496322971127
30,Zomba City,Less than 1 Year,M,1306.5363526420538
31,Blantyre City,Less than 1 Year,M,10921.813756460368
32,Chitipa,1-4,M,12412.710603719454
33,Karonga,1-4,M,19554.91870212696
34,Nkhata Bay,1-4,M,15605.569402243213
35,Rumphi,1-4,M,12823.473767351337
36,Mzimba,1-4,M,52765.4910187793
37,Likoma,1-4,M,675.5420940318029
38,Mzuzu City,1-4,M,10416.394302035504
39,Kasungu,1-4,M,48132.686935096026
40,Nkhotakota,1-4,M,23954.55413315966
41,Ntchisi,1-4,M,18417.91188037935
42,Dowa,1-4,M,41173.418244842855
43,Salima,1-4,M,29842.183666216508
44,Lilongwe,1-4,M,93081.97416314165
45,Mchinji,1-4,M,35300.14237637078
46,Dedza,1-4,M,46092.77379977652
47,Ntcheu,1-4,M,36887.23940582892
48,Lilongwe City,1-4,M,51205.79579872195
49,Mangochi,1-4,M,75936.61518129289
50,Machinga,1-4,M,47043.451143400256
51,Zomba,1-4,M,40550.46768283864
52,Chiradzulu,1-4,M,17423.150837127847
53,Blantyre,1-4,M,23204.477035592394
54,Mwanza,1-4,M,7536.805596071754
55,Thyolo,1-4,M,35260.67062440398
56,Mulanje,1-4,M,35174.88744450795
57,Phalombe,1-4,M,24315.793852602164
58,Chikwawa,1-4,M,33641.102333340415
59,Nsanje,1-4,M,18017.31895122473
60,Balaka,1-4,M,25131.74611466334
61,Neno,1-4,M,8161.783839873889
62,Zomba City,1-4,M,4943.5049279613
63,Blantyre City,1-4,M,39351.51503503844
64,Chitipa,5-9,M,17660.3091513534
65,Karonga,5-9,M,26683.350756654283
66,Nkhata Bay,5-9,M,20274.563114503602
67,Rumphi,5-9,M,16734.520201954085
68,Mzimba,5-9,M,69698.12056150711
69,Likoma,5-9,M,910.4701590142494
70,Mzuzu City,5-9,M,13401.85342926353
71,Kasungu,5-9,M,65294.21998023614
72,Nkhotakota,5-9,M,29974.92136400756
73,Ntchisi,5-9,M,23522.2236737114
74,Dowa,5-9,M,54862.32183791998
75,Salima,5-9,M,36550.711209041154
76,Lilongwe,5-9,M,117788.7799983268
77,Mchinji,5-9,M,45945.52095366965
78,Dedza,5-9,M,59471.53303985975
79,Ntcheu,5-9,M,47232.26652041818
80,Lilongwe City,5-9,M,62026.61855844127
81,Mangochi,5-9,M,90851.52327463345
82,Machinga,5-9,M,60412.83168397608
83,Zomba,5-9,M,55668.57630931911
84,Chiradzulu,5-9,M,24077.18265499124
85,Blantyre,5-9,M,30744.83060148043
86,Mwanza,5-9,M,9324.698516216238
87,Thyolo,5-9,M,50290.40513212171
88,Mulanje,5-9,M,48231.63077559504
89,Phalombe,5-9,M,33524.415633950404
90,Chikwawa,5-9,M,42733.57045710521
91,Nsanje,5-9,M,23240.815287731308
92,Balaka,5-9,M,33220.01991883735
93,Neno,5-9,M,10166.552132821369
94,Zomba City,5-9,M,6284.94123584699
95,Blantyre City,5-9,M,49467.23908110324
96,Chitipa,10-14,M,17395.90848220937
97,Karonga,10-14,M,27237.966712142632
98,Nkhata Bay,10-14,M,21437.039272027287
99,Rumphi,10-14,M,16784.66182291053
100,Mzimba,10-14,M,67437.65670124146
101,Likoma,10-14,M,959.5374130928615
102,Mzuzu City,10-14,M,14265.172059727394
103,Kasungu,10-14,M,61191.332915358274
104,Nkhotakota,10-14,M,28207.424652167385
105,Ntchisi,10-14,M,22735.968221428146
106,Dowa,10-14,M,55075.24728535575
107,Salima,10-14,M,33654.64045063615
108,Lilongwe,10-14,M,114032.12146437768
109,Mchinji,10-14,M,43561.10200645852
110,Dedza,10-14,M,56579.56267218294
111,Ntcheu,10-14,M,45936.414226328365
112,Lilongwe City,10-14,M,60831.005844430205
113,Mangochi,10-14,M,78274.6534727597
114,Machinga,10-14,M,52568.99756879574
115,Zomba,10-14,M,53779.708438459194
116,Chiradzulu,10-14,M,24442.809698073554
117,Blantyre,10-14,M,31391.188121093925
118,Mwanza,10-14,M,9071.433901748009
119,Thyolo,10-14,M,52349.25346244262
120,Mulanje,10-14,M,49369.830538205286
121,Phalombe,10-14,M,32152.088047502617
122,Chikwawa,10-14,M,38780.899069213934
123,Nsanje,10-14,M,20560.43794122366
124,Balaka,10-14,M,31750.162453037214
125,Neno,10-14,M,9915.225495513085
126,Zomba City,10-14,M,6736.674459352651
127,Blantyre City,10-14,M,49770.024022072714
128,Chitipa,15-19,M,13679.691342417007
129,Karonga,15-19,M,21562.927731571275
130,Nkhata Bay,15-19,M,17642.22763022471
131,Rumphi,15-19,M,13384.863288255856
132,Mzimba,15-19,M,53511.22105247484
133,Likoma,15-19,M,891.1406346802505
134,Mzuzu City,15-19,M,13112.604794099569
135,Kasungu,15-19,M,48294.56483932082
136,Nkhotakota,15-19,M,22672.17573147246
137,Ntchisi,15-19,M,17555.47266998666
138,Dowa,15-19,M,43596.85247531288
139,Salima,15-19,M,26453.979671618454
140,Lilongwe,15-19,M,90097.63099885624
141,Mchinji,15-19,M,33621.34193141349
142,Dedza,15-19,M,44624.146685418156
143,Ntcheu,15-19,M,36947.77062285478
144,Lilongwe City,15-19,M,55200.72033158196
145,Mangochi,15-19,M,61721.74130319142
146,Machinga,15-19,M,39325.99971445587
147,Zomba,15-19,M,41642.03649541196
148,Chiradzulu,15-19,M,20138.014837127845
149,Blantyre,15-19,M,26365.092682061964
150,Mwanza,15-19,M,7423.758363943214
151,Thyolo,15-19,M,41176.49428516777
152,Mulanje,15-19,M,39004.846478694126
153,Phalombe,15-19,M,24270.9654488299
154,Chikwawa,15-19,M,31703.258725233936
155,Nsanje,15-19,M,16755.597904856135
156,Balaka,15-19,M,24774.664794618355
157,Neno,15-19,M,7704.427808027999
158,Zomba City,15-19,M,6271.669421881101
159,Blantyre City,15-19,M,46555.69117191327
160,Chitipa,20-24,M,10702.140528759997
161,Karonga,20-24,M,16683.851945604172
162,Nkhata Bay,20-24,M,13391.235871027571
163,Rumphi,20-24,M,10574.966176618185
164,Mzimba,20-24,M,41914.100801545224
165,Likoma,20-24,M,766.7377985819509
166,Mzuzu City,20-24,M,12901.571351097293
167,Kasungu,20-24,M,39240.78811036914
168,Nkhotakota,20-24,M,18015.03995400392
169,Ntchisi,20-24,M,14508.610703033093
170,Dowa,20-24,M,35870.350894224335
171,Salima,20-24,M,20661.838154808444
172,Lilongwe,20-24,M,74676.0959853638
173,Mchinji,20-24,M,27901.00310972016
174,Dedza,20-24,M,36447.78807049146
175,Ntcheu,20-24,M,30095.636855526314
176,Lilongwe City,20-24,M,59288.11764265888
177,Mangochi,20-24,M,45315.5798612411
178,Machinga,20-24,M,28704.60799686717
179,Zomba,20-24,M,31244.664414161056
180,Chiradzulu,20-24,M,15391.044228371278
181,Blantyre,20-24,M,21169.540215415982
182,Mwanza,20-24,M,6395.174105949645
183,Thyolo,20-24,M,29847.869095274
184,Mulanje,20-24,M,28656.020578652173
185,Phalombe,20-24,M,17666.72931889626
186,Chikwawa,20-24,M,24917.373681563495
187,Nsanje,20-24,M,12257.74714541662
188,Balaka,20-24,M,17879.36721877645
189,Neno,20-24,M,6378.6310895141405
190,Zomba City,20-24,M,5846.9713749726225
191,Blantyre City,20-24,M,47188.83253026501
192,Chitipa,25-29,M,7691.478765744252
193,Karonga,25-29,M,11693.273735165521
194,Nkhata Bay,25-29,M,8693.85326734134
195,Rumphi,25-29,M,7478.475290298087
196,Mzimba,25-29,M,28840.551452694366
197,Likoma,25-29,M,593.7633372341159
198,Mzuzu City,25-29,M,10187.15983947359
199,Kasungu,25-29,M,28469.7194861398
200,Nkhotakota,25-29,M,12929.137993319375
201,Ntchisi,25-29,M,10633.494545351328
202,Dowa,25-29,M,27089.99071927556
203,Salima,25-29,M,15606.199481128722
204,Lilongwe,25-29,M,55003.4263081627
205,Mchinji,25-29,M,20927.60014610538
206,Dedza,25-29,M,27602.65832883811
207,Ntcheu,25-29,M,21559.282505670035
208,Lilongwe City,25-29,M,48869.853009851235
209,Mangochi,25-29,M,34600.402137886544
210,Machinga,25-29,M,21973.41843636037
211,Zomba,25-29,M,22761.001157054012
212,Chiradzulu,25-29,M,11329.208299824868
213,Blantyre,25-29,M,15072.960524799433
214,Mwanza,25-29,M,4587.388754400567
215,Thyolo,25-29,M,21338.52944878135
216,Mulanje,25-29,M,20642.999201879236
217,Phalombe,25-29,M,13139.542563744324
218,Chikwawa,25-29,M,18995.966947885896
219,Nsanje,25-29,M,9418.034923521232
220,Balaka,25-29,M,12932.263315532906
221,Neno,25-29,M,4451.793536817291
222,Zomba City,25-29,M,4725.257320522221
223,Blantyre City,25-29,M,37787.46037307688
224,Chitipa,30-34,M,6725.418125630515
225,Karonga,30-34,M,10868.831566345596
226,Nkhata Bay,30-34,M,7819.181733238256
227,Rumphi,30-34,M,6840.39858440136
228,Mzimba,30-34,M,25919.694675723047
229,Likoma,30-34,M,542.217939010119
230,Mzuzu City,30-34,M,9135.436060595104
231,Kasungu,30-34,M,26067.292974815915
232,Nkhotakota,30-34,M,11698.211533618094
233,Ntchisi,30-34,M,9603.548738602638
234,Dowa,30-34,M,24256.369075124683
235,Salima,30-34,M,14061.919326178122
236,Lilongwe,30-34,M,49527.75891054072
237,Mchinji,30-34,M,19123.641112061163
238,Dedza,30-34,M,24357.4738450498
239,Ntcheu,30-34,M,19425.67816794217
240,Lilongwe City,30-34,M,43433.55930347977
241,Mangochi,30-34,M,30081.999475888704
242,Machinga,30-34,M,19142.923180472044
243,Zomba,30-34,M,20904.13989907918
244,Chiradzulu,30-34,M,10364.97989492119
245,Blantyre,30-34,M,13580.286192987898
246,Mwanza,30-34,M,3944.0384119008163
247,Thyolo,30-34,M,20352.794999279235
248,Mulanje,30-34,M,20042.295861612292
249,Phalombe,30-34,M,12586.176891372686
250,Chikwawa,30-34,M,16441.269276267787
251,Nsanje,30-34,M,7534.811878275751
252,Balaka,30-34,M,11713.98587067355
253,Neno,30-34,M,4035.8382107295483
254,Zomba City,30-34,M,4341.849361507623
255,Blantyre City,30-34,M,33708.38576269831
256,Chitipa,35-39,M,5541.701686055669
257,Karonga,35-39,M,9073.690801801506
258,Nkhata Bay,35-39,M,6711.525503985163
259,Rumphi,35-39,M,5975.209830643085
260,Mzimba,35-39,M,22043.159162461816
261,Likoma,35-39,M,438.6315137330488
262,Mzuzu City,35-39,M,7467.829133374308
263,Kasungu,35-39,M,22406.97118937829
264,Nkhotakota,35-39,M,9796.449754119421
265,Ntchisi,35-39,M,8039.339910240358
266,Dowa,35-39,M,19937.653620582754
267,Salima,35-39,M,12007.566102779161
268,Lilongwe,35-39,M,42206.79208565307
269,Mchinji,35-39,M,15546.273565718366
270,Dedza,35-39,M,20671.36755639894
271,Ntcheu,35-39,M,17393.76627481777
272,Lilongwe City,35-39,M,36254.857324945064
273,Mangochi,35-39,M,26964.615087266273
274,Machinga,35-39,M,17209.983454757574
275,Zomba,35-39,M,19803.49458434442
276,Chiradzulu,35-39,M,9996.975562872154
277,Blantyre,35-39,M,12836.611923230352
278,Mwanza,35-39,M,3623.818784412252
279,Thyolo,35-39,M,19187.106153389814
280,Mulanje,35-39,M,18466.400073380333
281,Phalombe,35-39,M,10906.798840377227
282,Chikwawa,35-39,M,15423.312967960841
283,Nsanje,35-39,M,7280.93191116697
284,Balaka,35-39,M,10980.250591383256
285,Neno,35-39,M,3665.180127412485
286,Zomba City,35-39,M,3785.416272271052
287,Blantyre City,35-39,M,29104.45050133456
288,Chitipa,40-44,M,4662.800750871547
289,Karonga,40-44,M,7254.415313345825
290,Nkhata Bay,40-44,M,5493.250490900341
291,Rumphi,40-44,M,4703.480679522258
292,Mzimba,40-44,M,18369.299302051513
293,Likoma,40-44,M,334.54945962690164
294,Mzuzu City,40-44,M,5268.457283343578
295,Kasungu,40-44,M,17362.02402743688
296,Nkhotakota,40-44,M,7518.353770380866
297,Ntchisi,40-44,M,6363.297231832818
298,Dowa,40-44,M,16333.095011578253
299,Salima,40-44,M,8918.520932546735
300,Lilongwe,40-44,M,33773.49683527491
301,Mchinji,40-44,M,11975.311773935133
302,Dedza,40-44,M,16448.52834636947
303,Ntcheu,40-44,M,13051.014640513758
304,Lilongwe City,40-44,M,24584.189630634435
305,Mangochi,40-44,M,19021.553859400614
306,Machinga,40-44,M,12059.76976169303
307,Zomba,40-44,M,14206.159014575667
308,Chiradzulu,40-44,M,7362.939387740805
309,Blantyre,40-44,M,9832.865068037765
310,Mwanza,40-44,M,2605.9085140016346
311,Thyolo,40-44,M,15080.745202756647
312,Mulanje,40-44,M,13644.139951791167
313,Phalombe,40-44,M,7829.545833042264
314,Chikwawa,40-44,M,11293.627019713682
315,Nsanje,40-44,M,5463.938422558563
316,Balaka,40-44,M,8053.902340212465
317,Neno,40-44,M,2728.550043025215
318,Zomba City,40-44,M,2460.2010703436717
319,Blantyre City,40-44,M,20301.63003208941
320,Chitipa,45-49,M,3750.7888663286894
321,Karonga,45-49,M,5163.86552812387
322,Nkhata Bay,45-49,M,4167.293475855431
323,Rumphi,45-49,M,3558.5803343500856
324,Mzimba,45-49,M,13850.311061451801
325,Likoma,45-49,M,238.3974667859847
326,Mzuzu City,45-49,M,3176.3238728804367
327,Kasungu,45-49,M,12828.94766968028
328,Nkhotakota,45-49,M,5602.871473019281
329,Ntchisi,45-49,M,4616.442726977409
330,Dowa,45-49,M,12552.811722965846
331,Salima,45-49,M,6948.533406780865
332,Lilongwe,45-49,M,25958.053880627733
333,Mchinji,45-49,M,9324.807637326603
334,Dedza,45-49,M,12656.124152330127
335,Ntcheu,45-49,M,9310.669678051205
336,Lilongwe City,45-49,M,14706.187153170164
337,Mangochi,45-49,M,15440.646136942794
338,Machinga,45-49,M,9865.957094955658
339,Zomba,45-49,M,10514.411188069487
340,Chiradzulu,45-49,M,5487.733850788091
341,Blantyre,45-49,M,6931.276592349629
342,Mwanza,45-49,M,1849.5109393733437
343,Thyolo,45-49,M,11205.349343549711
344,Mulanje,45-49,M,9590.342884958056
345,Phalombe,45-49,M,5629.0978414250785
346,Chikwawa,45-49,M,8808.558344135836
347,Nsanje,45-49,M,4423.462489303669
348,Balaka,45-49,M,5964.403760216616
349,Neno,45-49,M,2009.1518970865784
350,Zomba City,45-49,M,1608.8387818651024
351,Blantyre City,45-49,M,12278.831695540472
352,Chitipa,50-54,M,2984.854699544965
353,Karonga,50-54,M,4043.5316441478462
354,Nkhata Bay,50-54,M,3593.6420835953227
355,Rumphi,50-54,M,2796.1327451006064
356,Mzimba,50-54,M,12212.420259225853
357,Likoma,50-54,M,177.4351208095271
358,Mzuzu City,50-54,M,2282.0143172204344
359,Kasungu,50-54,M,9761.683160271095
360,Nkhotakota,50-54,M,4084.7941751870503
361,Ntchisi,50-54,M,3499.569298796161
362,Dowa,50-54,M,9225.300937521437
363,Salima,50-54,M,4570.778342455043
364,Lilongwe,50-54,M,18108.12388746097
365,Mchinji,50-54,M,6631.926970554786
366,Dedza,50-54,M,8841.316363881559
367,Ntcheu,50-54,M,7309.265518307844
368,Lilongwe City,50-54,M,9505.598517362465
369,Mangochi,50-54,M,10561.778095456164
370,Machinga,50-54,M,6451.239987599226
371,Zomba,50-54,M,7659.134692336123
372,Chiradzulu,50-54,M,4126.498188441331
373,Blantyre,50-54,M,5024.642950223837
374,Mwanza,50-54,M,1331.822541600165
375,Thyolo,50-54,M,8213.19422251669
376,Mulanje,50-54,M,7005.512609869509
377,Phalombe,50-54,M,3971.892979392246
378,Chikwawa,50-54,M,5972.4026181014515
379,Nsanje,50-54,M,2948.655043320141
380,Balaka,50-54,M,4452.059345908448
381,Neno,50-54,M,1529.877844545198
382,Zomba City,50-54,M,1157.1055583594411
383,Blantyre City,50-54,M,8113.533558925555
384,Chitipa,55-59,M,2160.976371383451
385,Karonga,55-59,M,3067.523409163133
386,Nkhata Bay,55-59,M,2678.834530579842
387,Rumphi,55-59,M,2131.0188906489325
388,Mzimba,55-59,M,9534.968213668813
389,Likoma,55-59,M,138.28044331245266
390,Mzuzu City,55-59,M,1532.8209985899707
391,Kasungu,55-59,M,7626.0829192137635
392,Nkhotakota,55-59,M,3208.1510874459714
393,Ntchisi,55-59,M,2825.1476965581624
394,Dowa,55-59,M,7415.6793762110565
395,Salima,55-59,M,3731.4851091051246
396,Lilongwe,55-59,M,14600.160617202306
397,Mchinji,55-59,M,5256.660741650825
398,Dedza,55-59,M,7387.942760610322
399,Ntcheu,55-59,M,6118.979666711137
400,Lilongwe City,55-59,M,6281.615515941285
401,Mangochi,55-59,M,8838.288158480113
402,Machinga,55-59,M,5596.606879165885
403,Zomba,55-59,M,6407.055104697318
404,Chiradzulu,55-59,M,3458.9554465849387
405,Blantyre,55-59,M,3851.51615619875
406,Mwanza,55-59,M,1062.061764503738
407,Thyolo,55-59,M,6486.8600524494905
408,Mulanje,55-59,M,5796.5020895854
409,Phalombe,55-59,M,3326.94239608802
410,Chikwawa,55-59,M,4704.860683143138
411,Nsanje,55-59,M,2429.8568496630655
412,Balaka,55-59,M,3672.018066558845
413,Neno,55-59,M,1129.0215993810154
414,Zomba City,55-59,M,752.5610067324998
415,Blantyre City,55-59,M,5568.936935811183
416,Chitipa,60-64,M,1574.2308717175972
417,Karonga,60-64,M,2442.9167543311746
418,Nkhata Bay,60-64,M,2241.2540317056632
419,Rumphi,60-64,M,1689.57599242454
420,Mzimba,60-64,M,7623.125871106081
421,Likoma,60-64,M,97.6388793281476
422,Mzuzu City,60-64,M,1188.4773852995409
423,Kasungu,60-64,M,5719.685949275939
424,Nkhotakota,60-64,M,2404.52075547539
425,Ntchisi,60-64,M,2073.077263939395
426,Dowa,60-64,M,5448.44403541949
427,Salima,60-64,M,2782.613440898429
428,Lilongwe,60-64,M,10634.151187451262
429,Mchinji,60-64,M,3876.467009239505
430,Dedza,60-64,M,5520.8176691005065
431,Ntcheu,60-64,M,4884.142839383391
432,Lilongwe City,60-64,M,4271.337728617088
433,Mangochi,60-64,M,6674.071117201559
434,Machinga,60-64,M,4226.42779404926
435,Zomba,60-64,M,5210.389951307311
436,Chiradzulu,60-64,M,2787.6090423817864
437,Blantyre,60-64,M,3166.4256017020525
438,Mwanza,60-64,M,751.0605808368143
439,Thyolo,60-64,M,5056.198985107893
440,Mulanje,60-64,M,4762.855123540616
441,Phalombe,60-64,M,2584.140565840028
442,Chikwawa,60-64,M,3521.658095501201
443,Nsanje,60-64,M,2030.0798882233394
444,Balaka,60-64,M,3025.643591504155
445,Neno,60-64,M,895.716445755689
446,Zomba City,60-64,M,522.5162313237408
447,Blantyre City,60-64,M,4139.230558915558
448,Chitipa,65-69,M,1418.901565167052
449,Karonga,65-69,M,1978.5646662721765
450,Nkhata Bay,65-69,M,1810.0365602200357
451,Rumphi,65-69,M,1317.9380959238265
452,Mzimba,65-69,M,6389.1317646333055
453,Likoma,65-69,M,89.70881806291732
454,Mzuzu City,65-69,M,730.9922990708269
455,Kasungu,65-69,M,4870.198231692632
456,Nkhotakota,65-69,M,2291.8165016014673
457,Ntchisi,65-69,M,2132.1685122165836
458,Dowa,65-69,M,5321.178250745241
459,Salima,65-69,M,3036.6802544601605
460,Lilongwe,65-69,M,10945.506000001222
461,Mchinji,65-69,M,3378.789154996223
462,Dedza,65-69,M,6023.230190533069
463,Ntcheu,65-69,M,5443.935534438636
464,Lilongwe City,65-69,M,3042.052861668341
465,Mangochi,65-69,M,7788.236835621459
466,Machinga,65-69,M,5213.643494081079
467,Zomba,65-69,M,6240.811801950921
468,Chiradzulu,65-69,M,3357.2074788091068
469,Blantyre,65-69,M,3612.8238287309964
470,Mwanza,65-69,M,841.304294038137
471,Thyolo,65-69,M,5819.942446940631
472,Mulanje,65-69,M,5675.791133550746
473,Phalombe,65-69,M,3343.8133007334964
474,Chikwawa,65-69,M,3913.4437844883155
475,Nsanje,65-69,M,2236.92727163333
476,Balaka,65-69,M,3521.1655302831564
477,Neno,65-69,M,935.6559501341375
478,Zomba City,65-69,M,397.1713216458915
479,Blantyre City,65-69,M,3196.7873651694945
480,Chitipa,70-74,M,1033.7433160088028
481,Karonga,70-74,M,1545.5877192982455
482,Nkhata Bay,70-74,M,1383.224261541866
483,Rumphi,70-74,M,1024.4621379728662
484,Mzimba,70-74,M,4497.169091369349
485,Likoma,70-74,M,54.02354236938115
486,Mzuzu City,70-74,M,486.0164141870639
487,Kasungu,70-74,M,3028.6514313372154
488,Nkhotakota,70-74,M,1382.832193183524
489,Ntchisi,70-74,M,1251.1717197203134
490,Dowa,70-74,M,3314.7842069769817
491,Salima,70-74,M,1809.013895799275
492,Lilongwe,70-74,M,7186.418801367625
493,Mchinji,70-74,M,2190.2753090211772
494,Dedza,70-74,M,3911.095577186122
495,Ntcheu,70-74,M,2974.261879783144
496,Lilongwe City,70-74,M,1621.791604923796
497,Mangochi,70-74,M,4464.26161685723
498,Machinga,70-74,M,2869.12543545479
499,Zomba,70-74,M,3300.025101643981
500,Chiradzulu,70-74,M,1818.1506017513136
501,Blantyre,70-74,M,1937.1359070963165
502,Mwanza,70-74,M,476.4479912026819
503,Thyolo,70-74,M,3353.953198809075
504,Mulanje,70-74,M,3262.5224928264142
505,Phalombe,70-74,M,1772.891065316102
506,Chikwawa,70-74,M,2302.660319754057
507,Nsanje,70-74,M,1411.4574352871966
508,Balaka,70-74,M,1941.9877138275328
509,Neno,70-74,M,536.7479734762204
510,Zomba City,70-74,M,204.97579347318901
511,Blantyre City,70-74,M,1685.8704577489427
512,Chitipa,75+,M,1922.3827657101995
513,Karonga,75+,M,2553.9364843244903
514,Nkhata Bay,75+,M,2414.0346984870785
515,Rumphi,75+,M,1637.4680333913711
516,Mzimba,75+,M,8105.086634105665
517,Likoma,75+,M,139.27170097060645
518,Mzuzu City,75+,M,621.7861817130048
519,Kasungu,75+,M,5028.610859680196
520,Nkhotakota,75+,M,2618.6588378358438
521,Ntchisi,75+,M,2428.601468450085
522,Dowa,75+,M,6233.576030102166
523,Salima,75+,M,3652.4528751155026
524,Lilongwe,75+,M,13695.24015576615
525,Mchinji,75+,M,3841.4817343372542
526,Dedza,75+,M,7542.8612325890535
527,Ntcheu,75+,M,5627.466184461075
528,Lilongwe City,75+,M,2072.093829284416
529,Mangochi,75+,M,9055.80218193975
530,Machinga,75+,M,6041.092402078761
531,Zomba,75+,M,6426.163530300351
532,Chiradzulu,75+,M,3600.6418690017517
533,Blantyre,75+,M,3617.1812951553566
534,Mwanza,75+,M,904.8630382820793
535,Thyolo,75+,M,6620.054645051119
536,Mulanje,75+,M,6283.1478335991305
537,Phalombe,75+,M,3623.8703178484107
538,Chikwawa,75+,M,4824.99521856472
539,Nsanje,75+,M,3051.838772863408
540,Balaka,75+,M,3748.8764790284204
541,Neno,75+,M,960.496373589026
542,Zomba City,75+,M,272.80950929884875
543,Blantyre City,75+,M,2031.767161836594
0,Chitipa,Less than 1 Year,F,3239.0378926219637
1,Karonga,Less than 1 Year,F,5131.153470418708
2,Nkhata Bay,Less than 1 Year,F,4155.765927476719
3,Rumphi,Less than 1 Year,F,3306.225871767011
4,Mzimba,Less than 1 Year,F,13976.50762403955
5,Likoma,Less than 1 Year,F,155.34632064431747
6,Mzuzu City,Less than 1 Year,F,2760.9097219711484
7,Kasungu,Less than 1 Year,F,12211.460679302405
8,Nkhotakota,Less than 1 Year,F,6509.913909997277
9,Ntchisi,Less than 1 Year,F,4858.046261223898
10,Dowa,Less than 1 Year,F,10902.073724159265
11,Salima,Less than 1 Year,F,8119.116319567845
12,Lilongwe,Less than 1 Year,F,25528.731279574837
13,Mchinji,Less than 1 Year,F,8630.34553257901
14,Dedza,Less than 1 Year,F,12848.22029061591
15,Ntcheu,Less than 1 Year,F,9816.790521036737
16,Lilongwe City,Less than 1 Year,F,13862.39465571232
17,Mangochi,Less than 1 Year,F,22010.76779605976
18,Machinga,Less than 1 Year,F,13201.07602816281
19,Zomba,Less than 1 Year,F,11370.239365548718
20,Chiradzulu,Less than 1 Year,F,4982.101878809107
21,Blantyre,Less than 1 Year,F,6525.8546961570855
22,Mwanza,Less than 1 Year,F,1914.0960984810881
23,Thyolo,Less than 1 Year,F,10188.421298041738
24,Mulanje,Less than 1 Year,F,10495.72507224747
25,Phalombe,Less than 1 Year,F,6835.70489696123
26,Chikwawa,Less than 1 Year,F,9261.959541973918
27,Nsanje,Less than 1 Year,F,4893.91211626912
28,Balaka,Less than 1 Year,F,7128.517105062057
29,Neno,Less than 1 Year,F,2266.6503677028873
30,Zomba City,Less than 1 Year,F,1351.4636473579462
31,Blantyre City,Less than 1 Year,F,10865.186243539632
32,Chitipa,1-4,F,13079.289396280546
33,Karonga,1-4,F,20957.08129787304
34,Nkhata Bay,1-4,F,16277.430597756787
35,Rumphi,1-4,F,13262.52623264866
36,Mzimba,1-4,F,56058.50898122069
37,Likoma,1-4,F,687.4579059681972
38,Mzuzu City,1-4,F,10758.605697964496
39,Kasungu,1-4,F,49097.313064903974
40,Nkhotakota,1-4,F,24930.44586684034
41,Ntchisi,1-4,F,19296.08811962065
42,Dowa,1-4,F,42942.581755157145
43,Salima,1-4,F,31705.8163337835
44,Lilongwe,1-4,F,98550.02583685835
45,Mchinji,1-4,F,36338.85762362922
46,Dedza,1-4,F,50604.22620022348
47,Ntcheu,1-4,F,39286.760594171086
48,Lilongwe City,1-4,F,50682.20420127805
49,Mangochi,1-4,F,83956.38481870713
50,Machinga,1-4,F,51597.54885659974
51,Zomba,1-4,F,44334.532317161356
52,Chiradzulu,1-4,F,19221.849162872153
53,Blantyre,1-4,F,24722.522964407606
54,Mwanza,1-4,F,7997.194403928247
55,Thyolo,1-4,F,39393.32937559602
56,Mulanje,1-4,F,38840.11255549205
57,Phalombe,1-4,F,26129.206147397836
58,Chikwawa,1-4,F,34965.897666659585
59,Nsanje,1-4,F,19524.68104877527
60,Balaka,1-4,F,27513.25388533666
61,Neno,1-4,F,8595.21616012611
62,Zomba City,1-4,F,5113.4950720387
63,Blantyre City,1-4,F,39147.484964961564
64,Chitipa,5-9,F,18608.6908486466
65,Karonga,5-9,F,28596.649243345713
66,Nkhata Bay,5-9,F,21147.436885496398
67,Rumphi,5-9,F,17307.479798045915
68,Mzimba,5-9,F,74047.87943849289
69,Likoma,5-9,F,926.5298409857508
70,Mzuzu City,5-9,F,13842.146570736468
71,Kasungu,5-9,F,66602.78001976384
72,Nkhotakota,5-9,F,31196.07863599244
73,Ntchisi,5-9,F,24643.7763262886
74,Dowa,5-9,F,57219.678162080025
75,Salima,5-9,F,38833.288790958846
76,Lilongwe,5-9,F,124708.22000167321
77,Mchinji,5-9,F,47297.47904633034
78,Dedza,5-9,F,65292.46696014025
79,Ntcheu,5-9,F,50304.73347958181
80,Lilongwe City,5-9,F,61392.38144155873
81,Mangochi,5-9,F,100446.47672536655
82,Machinga,5-9,F,66261.16831602392
83,Zomba,5-9,F,60863.4236906809
84,Chiradzulu,5-9,F,26562.817345008752
85,Blantyre,5-9,F,32756.169398519567
86,Mwanza,5-9,F,9894.301483783764
87,Thyolo,5-9,F,56184.59486787829
88,Mulanje,5-9,F,53257.36922440495
89,Phalombe,5-9,F,36024.584366049596
90,Chikwawa,5-9,F,44416.42954289478
91,Nsanje,5-9,F,25185.184712268692
92,Balaka,5-9,F,36367.98008116265
93,Neno,5-9,F,10706.447867178631
94,Zomba City,5-9,F,6501.058764153009
95,Blantyre City,5-9,F,49210.76091889677
96,Chitipa,10-14,F,18330.091517790635
97,Karonga,10-14,F,29191.03328785737
98,Nkhata Bay,10-14,F,22359.960727972713
99,Rumphi,10-14,F,17359.33817708947
100,Mzimba,10-14,F,71646.34329875854
101,Likoma,10-14,F,976.4625869071383
102,Mzuzu City,10-14,F,14733.827940272606
103,Kasungu,10-14,F,62417.66708464173
104,Nkhotakota,10-14,F,29356.57534783261
105,Ntchisi,10-14,F,23820.031778571858
106,Dowa,10-14,F,57441.75271464426
107,Salima,10-14,F,35756.35954936385
108,Lilongwe,10-14,F,120730.87853562231
109,Mchinji,10-14,F,44842.897993541475
110,Dedza,10-14,F,62117.43732781705
111,Ntcheu,10-14,F,48924.585773671635
112,Lilongwe City,10-14,F,60208.9941555698
113,Mangochi,10-14,F,86541.3465272403
114,Machinga,10-14,F,57658.00243120426
115,Zomba,10-14,F,58798.29156154081
116,Chiradzulu,10-14,F,26966.190301926443
117,Blantyre,10-14,F,33444.811878906075
118,Mwanza,10-14,F,9625.566098251991
119,Thyolo,10-14,F,58484.74653755739
120,Mulanje,10-14,F,54514.16946179472
121,Phalombe,10-14,F,34549.91195249738
122,Chikwawa,10-14,F,40308.100930786066
123,Nsanje,10-14,F,22280.56205877634
124,Balaka,10-14,F,34758.837546962786
125,Neno,10-14,F,10441.774504486915
126,Zomba City,10-14,F,6968.325540647348
127,Blantyre City,10-14,F,49511.97597792728
128,Chitipa,15-19,F,14414.308657582995
129,Karonga,15-19,F,23109.07226842872
130,Nkhata Bay,15-19,F,18401.77236977529
131,Rumphi,15-19,F,13843.136711744146
132,Mzimba,15-19,F,56850.77894752516
133,Likoma,15-19,F,906.8593653197495
134,Mzuzu City,15-19,F,13543.39520590043
135,Kasungu,15-19,F,49262.43516067918
136,Nkhotakota,15-19,F,23595.82426852754
137,Ntchisi,15-19,F,18392.52733001334
138,Dowa,15-19,F,45470.14752468711
139,Salima,15-19,F,28106.02032838155
140,Lilongwe,15-19,F,95390.36900114376
141,Mchinji,15-19,F,34610.65806858651
142,Dedza,15-19,F,48991.85331458185
143,Ntcheu,15-19,F,39351.22937714521
144,Lilongwe City,15-19,F,54636.27966841804
145,Mangochi,15-19,F,68240.25869680858
146,Machinga,15-19,F,43133.00028554412
147,Zomba,15-19,F,45527.963504588035
148,Chiradzulu,15-19,F,22216.98516287215
149,Blantyre,15-19,F,28089.907317938036
150,Mwanza,15-19,F,7877.241636056785
151,Thyolo,15-19,F,46002.50571483223
152,Mulanje,15-19,F,43069.15352130588
153,Phalombe,15-19,F,26081.0345511701
154,Chikwawa,15-19,F,32951.741274766064
155,Nsanje,15-19,F,18157.402095143865
156,Balaka,15-19,F,27122.335205381645
157,Neno,15-19,F,8113.572191972001
158,Zomba City,15-19,F,6487.330578118899
159,Blantyre City,15-19,F,46314.30882808673
160,Chitipa,20-24,F,11276.859471240003
161,Karonga,20-24,F,17880.148054395828
162,Nkhata Bay,20-24,F,13967.764128972429
163,Rumphi,20-24,F,10937.033823381815
164,Mzimba,20-24,F,44529.89919845477
165,Likoma,20-24,F,780.2622014180491
166,Mzuzu City,20-24,F,13325.428648902709
167,Kasungu,20-24,F,40027.21188963086
168,Nkhotakota,20-24,F,18748.960045996075
169,Ntchisi,20-24,F,15200.389296966907
170,Dowa,20-24,F,37411.649105775665
171,Salima,20-24,F,21952.161845191556
172,Lilongwe,20-24,F,79062.90401463621
173,Mchinji,20-24,F,28721.996890279843
174,Dedza,20-24,F,40015.21192950854
175,Ntcheu,20-24,F,32053.36314447369
176,Lilongwe City,20-24,F,58681.882357341114
177,Mangochi,20-24,F,50101.420138758906
178,Machinga,20-24,F,31483.392003132823
179,Zomba,20-24,F,34160.33558583895
180,Chiradzulu,20-24,F,16979.95577162872
181,Blantyre,20-24,F,22554.459784584014
182,Mwanza,20-24,F,6785.825894050356
183,Thyolo,20-24,F,33346.130904726
184,Mulanje,20-24,F,31641.97942134783
185,Phalombe,20-24,F,18984.27068110374
186,Chikwawa,20-24,F,25898.626318436505
187,Nsanje,20-24,F,13283.252854583377
188,Balaka,20-24,F,19573.632781223554
189,Neno,20-24,F,6717.3689104858595
190,Zomba City,20-24,F,6048.0286250273775
191,Blantyre City,20-24,F,46944.16746973499
192,Chitipa,25-29,F,8104.521234255747
193,Karonga,25-29,F,12531.726264834479
194,Nkhata Bay,25-29,F,9068.14673265866
195,Rumphi,25-29,F,7734.524709701913
196,Mzimba,25-29,F,30640.448547305634
197,Likoma,25-29,F,604.2366627658843
198,Mzuzu City,25-29,F,10521.840160526412
199,Kasungu,25-29,F,29040.280513860205
200,Nkhotakota,25-29,F,13455.862006680625
201,Ntchisi,25-29,F,11140.505454648674
202,Dowa,25-29,F,28254.00928072444
203,Salima,25-29,F,16580.800518871278
204,Lilongwe,25-29,F,58234.57369183729
205,Mchinji,25-29,F,21543.39985389462
206,Dedza,25-29,F,30304.341671161885
207,Ntcheu,25-29,F,22961.717494329965
208,Lilongwe City,25-29,F,48370.14699014877
209,Mangochi,25-29,F,38254.59786211346
210,Machinga,25-29,F,24100.581563639626
211,Zomba,25-29,F,24884.998842945988
212,Chiradzulu,25-29,F,12498.79170017513
213,Blantyre,25-29,F,16059.039475200569
214,Mwanza,25-29,F,4867.611245599432
215,Thyolo,25-29,F,23839.470551218645
216,Mulanje,25-29,F,22794.00079812076
217,Phalombe,25-29,F,14119.457436255676
218,Chikwawa,25-29,F,19744.0330521141
219,Nsanje,25-29,F,10205.965076478768
220,Balaka,25-29,F,14157.736684467094
221,Neno,25-29,F,4688.206463182709
222,Zomba City,25-29,F,4887.742679477778
223,Blantyre City,25-29,F,37591.53962692311
224,Chitipa,30-34,F,7086.5818743694845
225,Karonga,30-34,F,11648.168433654406
226,Nkhata Bay,30-34,F,8155.818266761744
227,Rumphi,30-34,F,7074.60141559864
228,Mzimba,30-34,F,27537.30532427695
229,Likoma,30-34,F,551.7820609898808
230,Mzuzu City,30-34,F,9435.563939404894
231,Kasungu,30-34,F,26589.707025184085
232,Nkhotakota,30-34,F,12174.788466381904
233,Ntchisi,30-34,F,10061.451261397362
234,Dowa,30-34,F,25298.63092487532
235,Salima,30-34,F,14940.080673821878
236,Lilongwe,30-34,F,52437.24108945928
237,Mchinji,30-34,F,19686.358887938834
238,Dedza,30-34,F,26741.5261549502
239,Ntcheu,30-34,F,20689.321832057827
240,Lilongwe City,30-34,F,42989.44069652023
241,Mangochi,30-34,F,33259.000524111296
242,Machinga,30-34,F,20996.076819527956
243,Zomba,30-34,F,22854.86010092082
244,Chiradzulu,30-34,F,11435.02010507881
245,Blantyre,30-34,F,14468.7138070121
246,Mwanza,30-34,F,4184.961588099183
247,Thyolo,30-34,F,22738.205000720765
248,Mulanje,30-34,F,22130.704138387708
249,Phalombe,30-34,F,13524.823108627314
250,Chikwawa,30-34,F,17088.73072373221
251,Nsanje,30-34,F,8165.188121724248
252,Balaka,30-34,F,12824.014129326451
253,Neno,30-34,F,4250.161789270452
254,Zomba City,30-34,F,4491.150638492378
255,Blantyre City,30-34,F,33533.61423730169
256,Chitipa,35-39,F,5839.298313944332
257,Karonga,35-39,F,9724.309198198494
258,Nkhata Bay,35-39,F,7000.474496014838
259,Rumphi,35-39,F,6179.790169356916
260,Mzimba,35-39,F,23418.840837538184
261,Likoma,35-39,F,446.3684862669512
262,Mzuzu City,35-39,F,7713.170866625691
263,Kasungu,35-39,F,22856.02881062171
264,Nkhotakota,35-39,F,10195.550245880579
265,Ntchisi,35-39,F,8422.660089759642
266,Dowa,35-39,F,20794.346379417242
267,Salima,35-39,F,12757.43389722084
268,Lilongwe,35-39,F,44686.20791434694
269,Mchinji,35-39,F,16003.726434281634
270,Dedza,35-39,F,22694.632443601055
271,Ntcheu,35-39,F,18525.23372518223
272,Lilongwe City,35-39,F,35884.142675054936
273,Mangochi,35-39,F,29812.38491273373
274,Machinga,35-39,F,18876.016545242426
275,Zomba,35-39,F,21651.505415655585
276,Chiradzulu,35-39,F,11029.024437127846
277,Blantyre,35-39,F,13676.388076769646
278,Mwanza,35-39,F,3845.1812155877483
279,Thyolo,35-39,F,21435.89384661019
280,Mulanje,35-39,F,20390.599926619667
281,Phalombe,35-39,F,11720.201159622773
282,Chikwawa,35-39,F,16030.687032039157
283,Nsanje,35-39,F,7890.068088833031
284,Balaka,35-39,F,12020.749408616744
285,Neno,35-39,F,3859.8198725875145
286,Zomba City,35-39,F,3915.583727728948
287,Blantyre City,35-39,F,28953.549498665438
288,Chitipa,40-44,F,4913.199249128453
289,Karonga,40-44,F,7774.584686654174
290,Nkhata Bay,40-44,F,5729.749509099658
291,Rumphi,40-44,F,4864.519320477742
292,Mzimba,40-44,F,19515.700697948487
293,Likoma,40-44,F,340.45054037309836
294,Mzuzu City,40-44,F,5441.542716656423
295,Kasungu,40-44,F,17709.97597256312
296,Nkhotakota,40-44,F,7824.646229619133
297,Ntchisi,40-44,F,6666.702768167181
298,Dowa,40-44,F,17034.904988421746
299,Salima,40-44,F,9475.479067453267
300,Lilongwe,40-44,F,35757.50316472509
301,Mchinji,40-44,F,12327.688226064869
302,Dedza,40-44,F,18058.47165363053
303,Ntcheu,40-44,F,13899.98535948624
304,Lilongwe City,40-44,F,24332.81036936556
305,Mangochi,40-44,F,21030.446140599386
306,Machinga,40-44,F,13227.230238306967
307,Zomba,40-44,F,15531.840985424335
308,Chiradzulu,40-44,F,8123.0606122591935
309,Blantyre,40-44,F,10476.134931962235
310,Mwanza,40-44,F,2765.091485998366
311,Thyolo,40-44,F,16848.254797243353
312,Mulanje,40-44,F,15065.860048208831
313,Phalombe,40-44,F,8413.454166957737
314,Chikwawa,40-44,F,11738.37298028632
315,Nsanje,40-44,F,5921.061577441437
316,Balaka,40-44,F,8817.097659787536
317,Neno,40-44,F,2873.449956974785
318,Zomba City,40-44,F,2544.7989296563283
319,Blantyre City,40-44,F,20196.369967910592
320,Chitipa,45-49,F,3952.211133671311
321,Karonga,45-49,F,5534.13447187613
322,Nkhata Bay,45-49,F,4346.706524144569
323,Rumphi,45-49,F,3680.4196656499144
324,Mzimba,45-49,F,14714.688938548199
325,Likoma,45-49,F,242.60253321401527
326,Mzuzu City,45-49,F,3280.6761271195633
327,Kasungu,45-49,F,13086.052330319722
328,Nkhotakota,45-49,F,5831.1285269807195
329,Ntchisi,45-49,F,4836.557273022591
330,Dowa,45-49,F,13092.188277034154
331,Salima,45-49,F,7382.466593219135
332,Lilongwe,45-49,F,27482.94611937227
333,Mchinji,45-49,F,9599.192362673397
334,Dedza,45-49,F,13894.87584766987
335,Ntcheu,45-49,F,9916.330321948793
336,Lilongwe City,45-49,F,14555.812846829836
337,Mangochi,45-49,F,17071.353863057207
338,Machinga,45-49,F,10821.04290504434
339,Zomba,45-49,F,11495.588811930513
340,Chiradzulu,45-49,F,6054.266149211909
341,Blantyre,45-49,F,7384.723407650369
342,Mwanza,45-49,F,1962.4890606266563
343,Thyolo,45-49,F,12518.650656450289
344,Mulanje,45-49,F,10589.657115041946
345,Phalombe,45-49,F,6048.9021585749215
346,Chikwawa,45-49,F,9155.441655864164
347,Nsanje,45-49,F,4793.537510696331
348,Balaka,45-49,F,6529.596239783384
349,Neno,45-49,F,2115.848102913422
350,Zomba City,45-49,F,1664.1612181348976
351,Blantyre City,45-49,F,12215.168304459528
352,Chitipa,50-54,F,3145.145300455035
353,Karonga,50-54,F,4333.468355852154
354,Nkhata Bay,50-54,F,3748.3579164046773
355,Rumphi,50-54,F,2891.867254899394
356,Mzimba,50-54,F,12974.579740774147
357,Likoma,50-54,F,180.56487919047294
358,Mzuzu City,50-54,F,2356.985682779565
359,Kasungu,50-54,F,9957.316839728905
360,Nkhotakota,50-54,F,4251.205824812951
361,Ntchisi,50-54,F,3666.430701203839
362,Dowa,50-54,F,9621.699062478561
363,Salima,50-54,F,4856.2216575449565
364,Lilongwe,50-54,F,19171.876112539027
365,Mchinji,50-54,F,6827.073029445215
366,Dedza,50-54,F,9706.683636118443
367,Ntcheu,50-54,F,7784.734481692157
368,Lilongwe City,50-54,F,9408.401482637533
369,Mangochi,50-54,F,11677.221904543836
370,Machinga,50-54,F,7075.760012400773
371,Zomba,50-54,F,8373.865307663875
372,Chiradzulu,50-54,F,4552.501811558669
373,Blantyre,50-54,F,5353.357049776162
374,Mwanza,50-54,F,1413.1774583998351
375,Thyolo,50-54,F,9175.805777483312
376,Mulanje,50-54,F,7735.487390130492
377,Phalombe,50-54,F,4268.107020607754
378,Chikwawa,50-54,F,6207.5973818985485
379,Nsanje,50-54,F,3195.3449566798586
380,Balaka,50-54,F,4873.940654091551
381,Neno,50-54,F,1611.122155454802
382,Zomba City,50-54,F,1196.8944416405586
383,Blantyre City,50-54,F,8071.466441074445
384,Chitipa,55-59,F,2277.023628616549
385,Karonga,55-59,F,3287.4765908368677
386,Nkhata Bay,55-59,F,2794.165469420158
387,Rumphi,55-59,F,2203.9811093510675
388,Mzimba,55-59,F,10130.031786331185
389,Likoma,55-59,F,140.7195566875473
390,Mzuzu City,55-59,F,1583.1790014100293
391,Kasungu,55-59,F,7778.917080786236
392,Nkhotakota,55-59,F,3338.848912554029
393,Ntchisi,55-59,F,2959.8523034418376
394,Dowa,55-59,F,7734.320623788943
395,Salima,55-59,F,3964.5148908948754
396,Lilongwe,55-59,F,15457.839382797698
397,Mchinji,55-59,F,5411.339258349176
398,Dedza,55-59,F,8111.057239389677
399,Ntcheu,55-59,F,6517.020333288862
400,Lilongwe City,55-59,F,6217.384484058715
401,Mangochi,55-59,F,9771.71184151989
402,Machinga,55-59,F,6138.3931208341155
403,Zomba,55-59,F,7004.944895302681
404,Chiradzulu,55-59,F,3816.0445534150617
405,Blantyre,55-59,F,4103.48384380125
406,Mwanza,55-59,F,1126.9382354962618
407,Thyolo,55-59,F,7247.139947550509
408,Mulanje,55-59,F,6400.497910414599
409,Phalombe,55-59,F,3575.0576039119806
410,Chikwawa,55-59,F,4890.139316856861
411,Nsanje,55-59,F,2633.1431503369345
412,Balaka,55-59,F,4019.9819334411545
413,Neno,55-59,F,1188.9784006189846
414,Zomba City,55-59,F,778.4389932675002
415,Blantyre City,55-59,F,5540.063064188817
416,Chitipa,60-64,F,1658.7691282824026
417,Karonga,60-64,F,2618.0832456688254
418,Nkhata Bay,60-64,F,2337.7459682943363
419,Rumphi,60-64,F,1747.42400757546
420,Mzimba,60-64,F,8098.874128893918
421,Likoma,60-64,F,99.36112067185242
422,Mzuzu City,60-64,F,1227.5226147004591
423,Kasungu,60-64,F,5834.314050724061
424,Nkhotakota,60-64,F,2502.4792445246094
425,Ntchisi,60-64,F,2171.922736060605
426,Dowa,60-64,F,5682.555964580511
427,Salima,60-64,F,2956.3865591015706
428,Lilongwe,60-64,F,11258.848812548738
429,Mchinji,60-64,F,3990.532990760495
430,Dedza,60-64,F,6061.1823308994935
431,Ntcheu,60-64,F,5201.857160616609
432,Lilongwe City,60-64,F,4227.662271382913
433,Mangochi,60-64,F,7378.928882798441
434,Machinga,60-64,F,4635.57220595074
435,Zomba,60-64,F,5696.61004869269
436,Chiradzulu,60-64,F,3075.3909576182136
437,Blantyre,60-64,F,3373.574398297948
438,Mwanza,60-64,F,796.9394191631857
439,Thyolo,60-64,F,5648.801014892108
440,Mulanje,60-64,F,5259.144876459384
441,Phalombe,60-64,F,2776.859434159972
442,Chikwawa,60-64,F,3660.3419044987995
443,Nsanje,60-64,F,2199.9201117766606
444,Balaka,60-64,F,3312.356408495845
445,Neno,60-64,F,943.2835542443108
446,Zomba City,60-64,F,540.483768676259
447,Blantyre City,60-64,F,4117.769441084442
448,Chitipa,65-69,F,1495.0984348329482
449,Karonga,65-69,F,2120.4353337278235
450,Nkhata Bay,65-69,F,1887.9634397799643
451,Rumphi,65-69,F,1363.0619040761735
452,Mzimba,65-69,F,6787.8682353666945
453,Likoma,65-69,F,91.29118193708267
454,Mzuzu City,65-69,F,755.0077009291731
455,Kasungu,65-69,F,4967.801768307367
456,Nkhotakota,65-69,F,2385.1834983985327
457,Ntchisi,65-69,F,2233.8314877834164
458,Dowa,65-69,F,5549.821749254759
459,Salima,65-69,F,3226.3197455398395
460,Lilongwe,65-69,F,11588.493999998778
461,Mchinji,65-69,F,3478.2108450037767
462,Dedza,65-69,F,6612.769809466931
463,Ntcheu,65-69,F,5798.064465561363
464,Lilongwe City,65-69,F,3010.9471383316586
465,Mangochi,65-69,F,8610.76316437854
466,Machinga,65-69,F,5718.356505918922
467,Zomba,65-69,F,6823.188198049078
468,Chiradzulu,65-69,F,3703.792521190893
469,Blantyre,65-69,F,3849.1761712690045
470,Mwanza,65-69,F,892.695705961863
471,Thyolo,65-69,F,6502.057553059369
472,Mulanje,65-69,F,6267.208866449255
473,Phalombe,65-69,F,3593.1866992665036
474,Chikwawa,65-69,F,4067.5562155116845
475,Nsanje,65-69,F,2424.07272836667
476,Balaka,65-69,F,3854.8344697168427
477,Neno,65-69,F,985.3440498658626
478,Zomba City,65-69,F,410.82867835410855
479,Blantyre City,65-69,F,3180.212634830506
480,Chitipa,70-74,F,1089.2566839911974
481,Karonga,70-74,F,1656.4122807017543
482,Nkhata Bay,70-74,F,1442.7757384581337
483,Rumphi,70-74,F,1059.5378620271338
484,Mzimba,70-74,F,4777.830908630652
485,Likoma,70-74,F,54.976457630618846
486,Mzuzu City,70-74,F,501.98358581293616
487,Kasungu,70-74,F,3089.348568662784
488,Nkhotakota,70-74,F,1439.167806816476
489,Ntchisi,70-74,F,1310.8282802796869
490,Dowa,70-74,F,3457.215793023018
491,Salima,70-74,F,1921.9861042007249
492,Lilongwe,70-74,F,7608.581198632374
493,Mchinji,70-74,F,2254.724690978823
494,Dedza,70-74,F,4293.904422813879
495,Ntcheu,70-74,F,3167.7381202168563
496,Lilongwe City,70-74,F,1605.208395076204
497,Mangochi,70-74,F,4935.73838314277
498,Machinga,70-74,F,3146.8745645452095
499,Zomba,70-74,F,3607.974898356019
500,Chiradzulu,70-74,F,2005.8493982486866
501,Blantyre,70-74,F,2063.8640929036833
502,Mwanza,70-74,F,505.552008797318
503,Thyolo,70-74,F,3747.046801190925
504,Mulanje,70-74,F,3602.4775071735853
505,Phalombe,70-74,F,1905.108934683898
506,Chikwawa,70-74,F,2393.339680245943
507,Nsanje,70-74,F,1529.5425647128036
508,Balaka,70-74,F,2126.012286172467
509,Neno,70-74,F,565.2520265237795
510,Zomba City,70-74,F,212.02420652681096
511,Blantyre City,70-74,F,1677.129542251057
512,Chitipa,75+,F,2025.6172342898008
513,Karonga,75+,F,2737.0635156755097
514,Nkhata Bay,75+,F,2517.9653015129215
515,Rumphi,75+,F,1693.5319666086289
516,Mzimba,75+,F,8610.913365894336
517,Likoma,75+,F,141.72829902939355
518,Mzuzu City,75+,F,642.2138182869952
519,Kasungu,75+,F,5129.389140319804
520,Nkhotakota,75+,F,2725.3411621641562
521,Ntchisi,75+,F,2544.398531549915
522,Dowa,75+,F,6501.423969897835
523,Salima,75+,F,3880.5471248844983
524,Lilongwe,75+,F,14499.75984423385
525,Mchinji,75+,F,3954.5182656627453
526,Dedza,75+,F,8281.138767410946
527,Ntcheu,75+,F,5993.533815538926
528,Lilongwe City,75+,F,2050.906170715584
529,Mangochi,75+,F,10012.197818060247
530,Machinga,75+,F,6625.907597921238
531,Zomba,75+,F,7025.836469699648
532,Chiradzulu,75+,F,3972.358130998249
533,Blantyre,75+,F,3853.8187048446434
534,Mwanza,75+,F,960.1369617179207
535,Thyolo,75+,F,7395.945354948881
536,Mulanje,75+,F,6937.85216640087
537,Phalombe,75+,F,3894.1296821515893
538,Chikwawa,75+,F,5015.004781435281
539,Nsanje,75+,F,3307.1612271365925
540,Balaka,75+,F,4104.12352097158
541,Neno,75+,F,1011.503626410974
542,Zomba City,75+,F,282.1904907011513
543,Blantyre City,75+,F,2021.232838163406
