age_from,age_to,year,sex,pop_size,prev ,prev_prop
0       ,0     ,2010,F,290951  ,4921 ,0.016913501
1       ,1     ,2010,F,279629  ,5194 ,0.018574611
2       ,2     ,2010,F,269211  ,5444 ,0.020222056
3       ,3     ,2010,F,259626  ,5537 ,0.021326832
4       ,4     ,2010,F,250803  ,5395 ,0.021510907
5       ,5     ,2010,F,242668  ,5419 ,0.022330921
6       ,6     ,2010,F,235152  ,5408 ,0.022997891
7       ,7     ,2010,F,228181  ,5342 ,0.023411239
8       ,8     ,2010,F,221685  ,5229 ,0.023587523
9       ,9     ,2010,F,215590  ,5093 ,0.023623545
10      ,10    ,2010,F,209889  ,4915 ,0.02341714
11      ,11    ,2010,F,204569  ,4694 ,0.022945803
12      ,12    ,2010,F,199251  ,4418 ,0.022173038
13      ,13    ,2010,F,193741  ,4103 ,0.021177758
14      ,14    ,2010,F,188151  ,3746 ,0.019909541
15      ,15    ,2010,F,182718  ,3984 ,0.021804092
16      ,16    ,2010,F,177308  ,4751 ,0.026795181
17      ,17    ,2010,F,172159  ,5783 ,0.033591041
18      ,18    ,2010,F,167381  ,6988 ,0.041749064
19      ,19    ,2010,F,162782  ,8474 ,0.052057353
20      ,20    ,2010,F,158195  ,9813 ,0.062031038
21      ,21    ,2010,F,153823  ,11073,0.071985334
22      ,22    ,2010,F,148590  ,11980,0.080624537
23      ,23    ,2010,F,141995  ,12784,0.090031339
24      ,24    ,2010,F,134608  ,13419,0.099689469
25      ,25    ,2010,F,127415  ,14039,0.110183259
26      ,26    ,2010,F,120117  ,14890,0.12396247
27      ,27    ,2010,F,113769  ,15914,0.139879932
28      ,28    ,2010,F,108961  ,16881,0.154926992
29      ,29    ,2010,F,105161  ,17713,0.168436968
30      ,30    ,2010,F,101286  ,18358,0.181249136
31      ,31    ,2010,F,97601   ,18758,0.192190654
32      ,32    ,2010,F,93629   ,18881,0.201657606
33      ,33    ,2010,F,89039   ,18808,0.21123328
34      ,34    ,2010,F,84121   ,18557,0.220598899
35      ,35    ,2010,F,79492   ,18013,0.226601419
36      ,36    ,2010,F,75030   ,17304,0.230627749
37      ,37    ,2010,F,70857   ,16460,0.232298855
38      ,38    ,2010,F,67095   ,15520,0.231313809
39      ,39    ,2010,F,63664   ,14520,0.22807238
40      ,40    ,2010,F,60343   ,12480,0.206817692
41      ,41    ,2010,F,57163   ,11805,0.206514704
42      ,42    ,2010,F,54226   ,11141,0.205454948
43      ,43    ,2010,F,51558   ,10489,0.203440785
44      ,44    ,2010,F,49122   ,9857 ,0.200663654
45      ,45    ,2010,F,46837   ,8644 ,0.184554946
46      ,46    ,2010,F,44700   ,7775 ,0.17393736
47      ,47    ,2010,F,42728   ,6998 ,0.163780191
48      ,48    ,2010,F,40914   ,6322 ,0.154519235
49      ,49    ,2010,F,39237   ,5732 ,0.146086602
50      ,50    ,2010,F,37705   ,5205 ,0.138045352
51      ,51    ,2010,F,36349   ,4719 ,0.129824754
52      ,52    ,2010,F,34940   ,4252 ,0.121694333
53      ,53    ,2010,F,33378   ,3803 ,0.113937324
54      ,54    ,2010,F,31774   ,3387 ,0.106596588
55      ,55    ,2010,F,30268   ,3007 ,0.099345844
56      ,56    ,2010,F,28745   ,2683 ,0.093337972
57      ,57    ,2010,F,27692   ,2427 ,0.08764264
58      ,58    ,2010,F,27338   ,2241 ,0.081973809
59      ,59    ,2010,F,27408   ,2103 ,0.076729422
60      ,60    ,2010,F,27430   ,1994 ,0.072694131
61      ,61    ,2010,F,27538   ,1887 ,0.068523495
62      ,62    ,2010,F,27217   ,1763 ,0.064775692
63      ,63    ,2010,F,26177   ,1612 ,0.061580777
64      ,64    ,2010,F,24667   ,1448 ,0.058701909
65      ,65    ,2010,F,23238   ,1291 ,0.055555556
66      ,66    ,2010,F,21788   ,1152 ,0.052873141
67      ,67    ,2010,F,20377   ,1028 ,0.050449036
68      ,68    ,2010,F,19092   ,921  ,0.048240101
69      ,69    ,2010,F,17886   ,826  ,0.046181371
70      ,70    ,2010,F,16632   ,738  ,0.044372294
71      ,71    ,2010,F,15362   ,652  ,0.04244239
72      ,72    ,2010,F,14119   ,574  ,0.040654437
73      ,73    ,2010,F,12917   ,503  ,0.038940931
74      ,74    ,2010,F,11756   ,438  ,0.037257571
75      ,75    ,2010,F,10624   ,380  ,0.035768072
76      ,76    ,2010,F,9525    ,327  ,0.034330709
77      ,77    ,2010,F,8491    ,280  ,0.032976092
78      ,78    ,2010,F,7537    ,239  ,0.03171023
79      ,79    ,2010,F,6654    ,203  ,0.030507965
80      ,80    ,2010,F,5817    ,625  ,0.1074437
0       ,0     ,2011,F,290752  ,3892 ,0.013385978
1       ,1     ,2011,F,287924  ,4833 ,0.01678568
2       ,2     ,2011,F,277773  ,5171 ,0.01861592
3       ,3     ,2011,F,268152  ,5164 ,0.019257734
4       ,4     ,2011,F,259047  ,5248 ,0.020258872
5       ,5     ,2011,F,250445  ,5205 ,0.020783006
6       ,6     ,2011,F,242277  ,5226 ,0.021570351
7       ,7     ,2011,F,234478  ,5202 ,0.02218545
8       ,8     ,2011,F,227302  ,5124 ,0.022542697
9       ,9     ,2011,F,220843  ,5005 ,0.022663159
10      ,10    ,2011,F,214926  ,4868 ,0.022649656
11      ,11    ,2011,F,209273  ,4692 ,0.022420475
12      ,12    ,2011,F,203927  ,4473 ,0.02193432
13      ,13    ,2011,F,198590  ,4204 ,0.021169243
14      ,14    ,2011,F,193082  ,3901 ,0.020203851
15      ,15    ,2011,F,187505  ,4128 ,0.022015413
16      ,16    ,2011,F,182074  ,4856 ,0.026670475
17      ,17    ,2011,F,176661  ,5855 ,0.033142572
18      ,18    ,2011,F,171501  ,6981 ,0.040705302
19      ,19    ,2011,F,166702  ,8189 ,0.049123586
20      ,20    ,2011,F,162075  ,9678 ,0.059713096
21      ,21    ,2011,F,157459  ,10979,0.069726087
22      ,22    ,2011,F,153056  ,12161,0.079454579
23      ,23    ,2011,F,147795  ,12940,0.087553706
24      ,24    ,2011,F,141182  ,13605,0.096364976
25      ,25    ,2011,F,133782  ,14091,0.105328071
26      ,26    ,2011,F,126574  ,14554,0.11498412
27      ,27    ,2011,F,119265  ,15285,0.12815998
28      ,28    ,2011,F,112899  ,16210,0.14357966
29      ,29    ,2011,F,108062  ,17084,0.158094427
30      ,30    ,2011,F,104228  ,17829,0.171057681
31      ,31    ,2011,F,100323  ,18392,0.183327851
32      ,32    ,2011,F,96611   ,18719,0.193756405
33      ,33    ,2011,F,92624   ,18781,0.202766022
34      ,34    ,2011,F,88038   ,18658,0.211931212
35      ,35    ,2011,F,83137   ,18246,0.219469069
36      ,36    ,2011,F,78527   ,17661,0.224903536
37      ,37    ,2011,F,74086   ,16926,0.228464217
38      ,38    ,2011,F,69944   ,16073,0.229798124
39      ,39    ,2011,F,66228   ,15140,0.228604216
40      ,40    ,2011,F,62850   ,14155,0.225218775
41      ,41    ,2011,F,59585   ,12162,0.204111773
42      ,42    ,2011,F,56463   ,11503,0.203726334
43      ,43    ,2011,F,53577   ,10856,0.20262426
44      ,44    ,2011,F,50948   ,10223,0.20065557
45      ,45    ,2011,F,48542   ,9660 ,0.199002925
46      ,46    ,2011,F,46288   ,8446 ,0.182466298
47      ,47    ,2011,F,44180   ,7589 ,0.171774559
48      ,48    ,2011,F,42235   ,6832 ,0.161761572
49      ,49    ,2011,F,40444   ,6175 ,0.152680249
50      ,50    ,2011,F,38786   ,5603 ,0.144459341
51      ,51    ,2011,F,37270   ,5091 ,0.1365978
52      ,52    ,2011,F,35925   ,4619 ,0.128573417
53      ,53    ,2011,F,34528   ,4165 ,0.120626738
54      ,54    ,2011,F,32979   ,3726 ,0.112980988
55      ,55    ,2011,F,31387   ,3320 ,0.105776277
56      ,56    ,2011,F,29891   ,2949 ,0.098658459
57      ,57    ,2011,F,28374   ,2632 ,0.092760978
58      ,58    ,2011,F,27319   ,2381 ,0.08715546
59      ,59    ,2011,F,26950   ,2199 ,0.081595547
60      ,60    ,2011,F,26995   ,2063 ,0.07642156
61      ,61    ,2011,F,26990   ,1955 ,0.072434235
62      ,62    ,2011,F,27070   ,1848 ,0.068267455
63      ,63    ,2011,F,26723   ,1726 ,0.064588557
64      ,64    ,2011,F,25662   ,1577 ,0.061452732
65      ,65    ,2011,F,24136   ,1415 ,0.058626119
66      ,66    ,2011,F,22689   ,1259 ,0.055489444
67      ,67    ,2011,F,21221   ,1122 ,0.052872155
68      ,68    ,2011,F,19791   ,999  ,0.05047749
69      ,69    ,2011,F,18483   ,893  ,0.048314668
70      ,70    ,2011,F,17253   ,799  ,0.046310787
71      ,71    ,2011,F,15978   ,711  ,0.044498686
72      ,72    ,2011,F,14689   ,626  ,0.042616924
73      ,73    ,2011,F,13433   ,549  ,0.0408695
74      ,74    ,2011,F,12222   ,479  ,0.039191622
75      ,75    ,2011,F,11057   ,415  ,0.037532785
76      ,76    ,2011,F,9926    ,357  ,0.03596615
77      ,77    ,2011,F,8831    ,305  ,0.034537425
78      ,78    ,2011,F,7808    ,259  ,0.033171107
79      ,79    ,2011,F,6876    ,219  ,0.031849913
80      ,80    ,2011,F,6022    ,687  ,0.1140817
0       ,0     ,2012,F,287676  ,3279 ,0.01139824
1       ,1     ,2012,F,282589  ,3803 ,0.013457707
2       ,2     ,2012,F,285495  ,4764 ,0.016686807
3       ,3     ,2012,F,276494  ,4936 ,0.017852105
4       ,4     ,2012,F,267648  ,4914 ,0.018359935
5       ,5     ,2012,F,259003  ,5073 ,0.019586646
6       ,6     ,2012,F,250603  ,5029 ,0.020067597
7       ,7     ,2012,F,242386  ,5043 ,0.020805657
8       ,8     ,2012,F,234288  ,5007 ,0.021371133
9       ,9     ,2012,F,226892  ,4921 ,0.021688733
10      ,10    ,2012,F,220457  ,4800 ,0.021772953
11      ,11    ,2012,F,214705  ,4660 ,0.021704199
12      ,12    ,2012,F,209089  ,4485 ,0.021450196
13      ,13    ,2012,F,203706  ,4268 ,0.020951764
14      ,14    ,2012,F,198339  ,4009 ,0.020212868
15      ,15    ,2012,F,192822  ,4247 ,0.022025495
16      ,16    ,2012,F,187247  ,4921 ,0.026280795
17      ,17    ,2012,F,181807  ,5871 ,0.032292486
18      ,18    ,2012,F,176380  ,6951 ,0.03940923
19      ,19    ,2012,F,171197  ,8077 ,0.047179565
20      ,20    ,2012,F,166367  ,9262 ,0.055672098
21      ,21    ,2012,F,161702  ,10752,0.066492684
22      ,22    ,2012,F,157048  ,11996,0.07638429
23      ,23    ,2012,F,152605  ,13088,0.0857639
24      ,24    ,2012,F,147307  ,13740,0.09327459
25      ,25    ,2012,F,140661  ,14280,0.101520677
26      ,26    ,2012,F,133232  ,14614,0.109688363
27      ,27    ,2012,F,125996  ,14953,0.118678371
28      ,28    ,2012,F,118661  ,15586,0.131348969
29      ,29    ,2012,F,112264  ,16427,0.146324735
30      ,30    ,2012,F,107388  ,17220,0.160353112
31      ,31    ,2012,F,103511  ,17888,0.172812551
32      ,32    ,2012,F,99569   ,18382,0.184615694
33      ,33    ,2012,F,95822   ,18649,0.194621277
34      ,34    ,2012,F,91812   ,18660,0.203241406
35      ,35    ,2012,F,87220   ,18403,0.210995185
36      ,36    ,2012,F,82326   ,17947,0.217999174
37      ,37    ,2012,F,77726   ,17332,0.222988447
38      ,38    ,2012,F,73296   ,16585,0.226274285
39      ,39    ,2012,F,69177   ,15734,0.227445538
40      ,40    ,2012,F,65498   ,14812,0.22614431
41      ,41    ,2012,F,62168   ,13844,0.222686913
42      ,42    ,2012,F,58951   ,11892,0.201726858
43      ,43    ,2012,F,55880   ,11247,0.20127058
44      ,44    ,2012,F,53040   ,10615,0.200131976
45      ,45    ,2012,F,50444   ,10049,0.199211006
46      ,46    ,2012,F,48063   ,9475 ,0.197137091
47      ,47    ,2012,F,45835   ,8277 ,0.180582524
48      ,48    ,2012,F,43753   ,7439 ,0.170022627
49      ,49    ,2012,F,41829   ,6700 ,0.160175954
50      ,50    ,2012,F,40058   ,6059 ,0.151255679
51      ,51    ,2012,F,38415   ,5500 ,0.14317324
52      ,52    ,2012,F,36912   ,5000 ,0.135457304
53      ,53    ,2012,F,35576   ,4538 ,0.127557904
54      ,54    ,2012,F,34188   ,4093 ,0.11972037
55      ,55    ,2012,F,32649   ,3664 ,0.112223958
56      ,56    ,2012,F,31066   ,3265 ,0.105098822
57      ,57    ,2012,F,29575   ,2901 ,0.098089603
58      ,58    ,2012,F,28063   ,2589 ,0.092256708
59      ,59    ,2012,F,27004   ,2342 ,0.086727892
60      ,60    ,2012,F,26618   ,2162 ,0.081223232
61      ,61    ,2012,F,26637   ,2027 ,0.076097158
62      ,62    ,2012,F,26607   ,1920 ,0.072161461
63      ,63    ,2012,F,26658   ,1814 ,0.068047115
64      ,64    ,2012,F,26285   ,1693 ,0.064409359
65      ,65    ,2012,F,25202   ,1545 ,0.061304658
66      ,66    ,2012,F,23655   ,1384 ,0.058507715
67      ,67    ,2012,F,22187   ,1230 ,0.055437869
68      ,68    ,2012,F,20699   ,1094 ,0.052852795
69      ,69    ,2012,F,19246   ,972  ,0.050504001
70      ,70    ,2012,F,17913   ,866  ,0.048344778
71      ,71    ,2012,F,16657   ,773  ,0.046406916
72      ,72    ,2012,F,15358   ,685  ,0.044602162
73      ,73    ,2012,F,14049   ,601  ,0.042778845
74      ,74    ,2012,F,12775   ,525  ,0.04109589
75      ,75    ,2012,F,11553   ,455  ,0.03938371
76      ,76    ,2012,F,10383   ,392  ,0.037754021
77      ,77    ,2012,F,9250    ,335  ,0.036216216
78      ,78    ,2012,F,8156    ,284  ,0.034820991
79      ,79    ,2012,F,7143    ,239  ,0.033459331
80      ,80    ,2012,F,6230    ,757  ,0.121508828
0       ,0     ,2013,F,283771  ,2781 ,0.009800156
1       ,1     ,2013,F,282732  ,3284 ,0.01161524
2       ,2     ,2013,F,280284  ,3781 ,0.013489889
3       ,3     ,2013,F,283372  ,4566 ,0.016113095
4       ,4     ,2013,F,275510  ,4737 ,0.017193568
5       ,5     ,2013,F,267431  ,4768 ,0.017828898
6       ,6     ,2013,F,259237  ,4921 ,0.01898263
7       ,7     ,2013,F,251032  ,4871 ,0.019403901
8       ,8     ,2013,F,242756  ,4878 ,0.020094251
9       ,9     ,2013,F,234351  ,4835 ,0.020631446
10      ,10    ,2013,F,226727  ,4746 ,0.020932664
11      ,11    ,2013,F,220309  ,4621 ,0.020975085
12      ,12    ,2013,F,214716  ,4479 ,0.020860113
13      ,13    ,2013,F,209131  ,4303 ,0.02057562
14      ,14    ,2013,F,203704  ,4093 ,0.02009288
15      ,15    ,2013,F,198301  ,4322 ,0.02179515
16      ,16    ,2013,F,192769  ,4987 ,0.025870342
17      ,17    ,2013,F,187191  ,5861 ,0.031310266
18      ,18    ,2013,F,181736  ,6884 ,0.037879121
19      ,19    ,2013,F,176287  ,7959 ,0.045147969
20      ,20    ,2013,F,171077  ,9062 ,0.0529703
21      ,21    ,2013,F,166211  ,10226,0.061524207
22      ,22    ,2013,F,161504  ,11695,0.072413067
23      ,23    ,2013,F,156806  ,12871,0.082082318
24      ,24    ,2013,F,152318  ,13872,0.091072624
25      ,25    ,2013,F,146977  ,14425,0.098144608
26      ,26    ,2013,F,140292  ,14831,0.105715223
27      ,27    ,2013,F,132825  ,15046,0.113276868
28      ,28    ,2013,F,125552  ,15285,0.121742386
29      ,29    ,2013,F,118183  ,15837,0.134004045
30      ,30    ,2013,F,111748  ,16604,0.148584315
31      ,31    ,2013,F,106828  ,17328,0.162204665
32      ,32    ,2013,F,102905  ,17933,0.174267528
33      ,33    ,2013,F,98921   ,18370,0.185703743
34      ,34    ,2013,F,95135   ,18588,0.195385505
35      ,35    ,2013,F,91099   ,18500,0.203075775
36      ,36    ,2013,F,86496   ,18199,0.210402793
37      ,37    ,2013,F,81603   ,17714,0.217075353
38      ,38    ,2013,F,77008   ,17083,0.221834095
39      ,39    ,2013,F,72584   ,16332,0.225008266
40      ,40    ,2013,F,68484   ,15485,0.226111208
41      ,41    ,2013,F,64839   ,14571,0.224725859
42      ,42    ,2013,F,61552   ,13615,0.221195087
43      ,43    ,2013,F,58380   ,11694,0.200308325
44      ,44    ,2013,F,55357   ,11060,0.199794064
45      ,45    ,2013,F,52559   ,10489,0.199566202
46      ,46    ,2013,F,49994   ,9915 ,0.198323799
47      ,47    ,2013,F,47635   ,9344 ,0.196158287
48      ,48    ,2013,F,45431   ,8164 ,0.179701085
49      ,49    ,2013,F,43372   ,7339 ,0.169210551
50      ,50    ,2013,F,41469   ,6612 ,0.159444404
51      ,51    ,2013,F,39714   ,5981 ,0.150601803
52      ,52    ,2013,F,38085   ,5431 ,0.142602074
53      ,53    ,2013,F,36593   ,4938 ,0.134943842
54      ,54    ,2013,F,35266   ,4483 ,0.127119605
55      ,55    ,2013,F,33885   ,4044 ,0.119344843
56      ,56    ,2013,F,32353   ,3620 ,0.111890706
57      ,57    ,2013,F,30778   ,3227 ,0.104847618
58      ,58    ,2013,F,29291   ,2867 ,0.097879895
59      ,59    ,2013,F,27782   ,2558 ,0.092074005
60      ,60    ,2013,F,26717   ,2313 ,0.086574091
61      ,61    ,2013,F,26314   ,2134 ,0.081097515
62      ,62    ,2013,F,26308   ,2000 ,0.076022503
63      ,63    ,2013,F,26252   ,1894 ,0.072146884
64      ,64    ,2013,F,26275   ,1788 ,0.068049477
65      ,65    ,2013,F,25875   ,1666 ,0.064386473
66      ,66    ,2013,F,24768   ,1519 ,0.061329134
67      ,67    ,2013,F,23199   ,1359 ,0.058580111
68      ,68    ,2013,F,21709   ,1205 ,0.055506933
69      ,69    ,2013,F,20199   ,1069 ,0.052923412
70      ,70    ,2013,F,18722   ,948  ,0.050635616
71      ,71    ,2013,F,17362   ,841  ,0.04843912
72      ,72    ,2013,F,16078   ,748  ,0.046523199
73      ,73    ,2013,F,14755   ,660  ,0.0447306
74      ,74    ,2013,F,13422   ,577  ,0.042989122
75      ,75    ,2013,F,12131   ,501  ,0.041299151
76      ,76    ,2013,F,10896   ,431  ,0.0395558
77      ,77    ,2013,F,9719    ,369  ,0.037966869
78      ,78    ,2013,F,8582    ,312  ,0.036355162
79      ,79    ,2013,F,7488    ,262  ,0.034989316
80      ,80    ,2013,F,6484    ,840  ,0.129549661
0       ,0     ,2014,F,281976  ,2535 ,0.008990127
1       ,1     ,2014,F,283815  ,2947 ,0.010383524
2       ,2     ,2014,F,283652  ,3293 ,0.011609296
3       ,3     ,2014,F,281707  ,3650 ,0.012956725
4       ,4     ,2014,F,281180  ,4403 ,0.015659008
5       ,5     ,2014,F,274463  ,4623 ,0.0168438
6       ,6     ,2014,F,267154  ,4643 ,0.017379489
7       ,7     ,2014,F,259414  ,4785 ,0.018445419
8       ,8     ,2014,F,251405  ,4730 ,0.018814264
9       ,9     ,2014,F,243071  ,4734 ,0.019475791
10      ,10    ,2014,F,234361  ,4690 ,0.020011862
11      ,11    ,2014,F,226510  ,4598 ,0.020299325
12      ,12    ,2014,F,220110  ,4468 ,0.020298941
13      ,13    ,2014,F,214678  ,4323 ,0.020137136
14      ,14    ,2014,F,209125  ,4150 ,0.019844591
15      ,15    ,2014,F,203656  ,4381 ,0.021511765
16      ,16    ,2014,F,198218  ,5018 ,0.025315562
17      ,17    ,2014,F,192672  ,5874 ,0.030487045
18      ,18    ,2014,F,187092  ,6818 ,0.036441964
19      ,19    ,2014,F,181623  ,7833 ,0.043127798
20      ,20    ,2014,F,176155  ,8881 ,0.050415827
21      ,21    ,2014,F,170919  ,9963 ,0.058290769
22      ,22    ,2014,F,166018  ,11090,0.066799986
23      ,23    ,2014,F,161269  ,12526,0.077671468
24      ,24    ,2014,F,156529  ,13630,0.087076516
25      ,25    ,2014,F,151997  ,14570,0.095857155
26      ,26    ,2014,F,146613  ,15000,0.102310163
27      ,27    ,2014,F,139889  ,15296,0.109343837
28      ,28    ,2014,F,132388  ,15411,0.116407832
29      ,29    ,2014,F,125080  ,15565,0.124440358
30      ,30    ,2014,F,117678  ,16045,0.136346641
31      ,31    ,2014,F,111207  ,16748,0.15060203
32      ,32    ,2014,F,106243  ,17413,0.163897857
33      ,33    ,2014,F,102275  ,17964,0.175644097
34      ,34    ,2014,F,98250   ,18355,0.186819338
35      ,35    ,2014,F,94426   ,18487,0.195782941
36      ,36    ,2014,F,90363   ,18352,0.203091973
37      ,37    ,2014,F,85750   ,18020,0.210145773
38      ,38    ,2014,F,80861   ,17518,0.216643376
39      ,39    ,2014,F,76270   ,16878,0.221292776
40      ,40    ,2014,F,71854   ,16125,0.224413394
41      ,41    ,2014,F,67774   ,15281,0.225469944
42      ,42    ,2014,F,64163   ,14374,0.224023191
43      ,43    ,2014,F,60920   ,13429,0.220436638
44      ,44    ,2014,F,57795   ,11531,0.199515529
45      ,45    ,2014,F,54821   ,10961,0.199941628
46      ,46    ,2014,F,52066   ,10384,0.199439173
47      ,47    ,2014,F,49532   ,9812 ,0.198094161
48      ,48    ,2014,F,47196   ,9248 ,0.195948809
49      ,49    ,2014,F,45016   ,8081 ,0.179513951
50      ,50    ,2014,F,42981   ,7265 ,0.169028175
51      ,51    ,2014,F,41098   ,6546 ,0.159277824
52      ,52    ,2014,F,39361   ,5921 ,0.150428089
53      ,53    ,2014,F,37746   ,5376 ,0.142425687
54      ,54    ,2014,F,36266   ,4888 ,0.134781889
55      ,55    ,2014,F,34946   ,4438 ,0.126995937
56      ,56    ,2014,F,33573   ,4004 ,0.119262503
57      ,57    ,2014,F,32050   ,3585 ,0.111856474
58      ,58    ,2014,F,30482   ,3195 ,0.104815957
59      ,59    ,2014,F,29000   ,2838 ,0.097862069
60      ,60    ,2014,F,27494   ,2532 ,0.09209282
61      ,61    ,2014,F,26424   ,2288 ,0.08658795
62      ,62    ,2014,F,26004   ,2110 ,0.081141363
63      ,63    ,2014,F,25973   ,1976 ,0.076079005
64      ,64    ,2014,F,25890   ,1869 ,0.072190035
65      ,65    ,2014,F,25885   ,1763 ,0.068108943
66      ,66    ,2014,F,25458   ,1641 ,0.064459109
67      ,67    ,2014,F,24327   ,1493 ,0.061372138
68      ,68    ,2014,F,22738   ,1334 ,0.058668309
69      ,69    ,2014,F,21224   ,1180 ,0.055597437
70      ,70    ,2014,F,19693   ,1044 ,0.053013761
71      ,71    ,2014,F,18192   ,922  ,0.050681618
72      ,72    ,2014,F,16805   ,816  ,0.048556977
73      ,73    ,2014,F,15494   ,723  ,0.046663224
74      ,74    ,2014,F,14146   ,635  ,0.044889015
75      ,75    ,2014,F,12792   ,552  ,0.04315197
76      ,76    ,2014,F,11483   ,476  ,0.041452582
77      ,77    ,2014,F,10236   ,407  ,0.039761626
78      ,78    ,2014,F,9051    ,345  ,0.038117335
79      ,79    ,2014,F,7912    ,290  ,0.036653185
80      ,80    ,2014,F,6818    ,935  ,0.13713699
0       ,0     ,2015,F,284420  ,1842 ,0.006476338
1       ,1     ,2015,F,286978  ,2523 ,0.008791615
2       ,2     ,2015,F,287472  ,2943 ,0.010237519
3       ,3     ,2015,F,286122  ,3198 ,0.01117705
4       ,4     ,2015,F,283147  ,3532 ,0.012474086
5       ,5     ,2015,F,278766  ,4304 ,0.015439473
6       ,6     ,2015,F,273200  ,4516 ,0.016530015
7       ,7     ,2015,F,266668  ,4519 ,0.016946165
8       ,8     ,2015,F,259388  ,4649 ,0.017922957
9       ,9     ,2015,F,251581  ,4592 ,0.018252571
10      ,10    ,2015,F,243198  ,4600 ,0.018914629
11      ,11    ,2015,F,234188  ,4551 ,0.019433105
12      ,12    ,2015,F,226116  ,4452 ,0.019689009
13      ,13    ,2015,F,219740  ,4318 ,0.019650496
14      ,14    ,2015,F,214472  ,4174 ,0.019461748
15      ,15    ,2015,F,208956  ,4411 ,0.021109707
16      ,16    ,2015,F,203449  ,5025 ,0.024699065
17      ,17    ,2015,F,197981  ,5845 ,0.029523035
18      ,18    ,2015,F,192425  ,6769 ,0.035177342
19      ,19    ,2015,F,186846  ,7709 ,0.041258577
20      ,20    ,2015,F,181368  ,8696 ,0.047946716
21      ,21    ,2015,F,175885  ,9719 ,0.055257697
22      ,22    ,2015,F,170627  ,10765,0.063090836
23      ,23    ,2015,F,165694  ,11844,0.071481164
24      ,24    ,2015,F,160907  ,13237,0.082264911
25      ,25    ,2015,F,156129  ,14305,0.091622953
26      ,26    ,2015,F,151556  ,15149,0.099956452
27      ,27    ,2015,F,146134  ,15475,0.105895959
28      ,28    ,2015,F,139378  ,15678,0.112485471
29      ,29    ,2015,F,131847  ,15706,0.119122923
30      ,30    ,2015,F,124509  ,15785,0.126777984
31      ,31    ,2015,F,117081  ,16200,0.138365747
32      ,32    ,2015,F,110578  ,16847,0.152353994
33      ,33    ,2015,F,105575  ,17461,0.165389534
34      ,34    ,2015,F,101564  ,17967,0.176903233
35      ,35    ,2015,F,97501   ,18286,0.187546794
36      ,36    ,2015,F,93642   ,18373,0.196204694
37      ,37    ,2015,F,89556   ,18205,0.203280629
38      ,38    ,2015,F,84937   ,17853,0.210191083
39      ,39    ,2015,F,80054   ,17339,0.216591301
40      ,40    ,2015,F,75473   ,16693,0.221178435
41      ,41    ,2015,F,71068   ,15939,0.224278156
42      ,42    ,2015,F,67010   ,15098,0.225309655
43      ,43    ,2015,F,63437   ,14198,0.223812601
44      ,44    ,2015,F,60241   ,13262,0.220149068
45      ,45    ,2015,F,57163   ,11444,0.20019943
46      ,46    ,2015,F,54241   ,10868,0.200365038
47      ,47    ,2015,F,51531   ,10292,0.199724438
48      ,48    ,2015,F,49031   ,9726 ,0.1983643
49      ,49    ,2015,F,46720   ,9167 ,0.196211473
50      ,50    ,2015,F,44566   ,8011 ,0.179755868
51      ,51    ,2015,F,42556   ,7202 ,0.16923583
52      ,52    ,2015,F,40695   ,6489 ,0.159454478
53      ,53    ,2015,F,38976   ,5869 ,0.150579844
54      ,54    ,2015,F,37378   ,5329 ,0.142570496
55      ,55    ,2015,F,35910   ,4844 ,0.134892788
56      ,56    ,2015,F,34599   ,4398 ,0.1271135
57      ,57    ,2015,F,33235   ,3967 ,0.119362118
58      ,58    ,2015,F,31721   ,3551 ,0.111944768
59      ,59    ,2015,F,30162   ,3164 ,0.104900206
60      ,60    ,2015,F,28686   ,2810 ,0.097957192
61      ,61    ,2015,F,27185   ,2506 ,0.092183189
62      ,62    ,2015,F,26110   ,2264 ,0.086710073
63      ,63    ,2015,F,25673   ,2086 ,0.081252678
64      ,64    ,2015,F,25617   ,1952 ,0.076199399
65      ,65    ,2015,F,25508   ,1844 ,0.072291046
66      ,66    ,2015,F,25475   ,1737 ,0.068184495
67      ,67    ,2015,F,25021   ,1615 ,0.064545782
68      ,68    ,2015,F,23867   ,1467 ,0.061465622
69      ,69    ,2015,F,22258   ,1307 ,0.05872046
70      ,70    ,2015,F,20723   ,1154 ,0.055686918
71      ,71    ,2015,F,19171   ,1018 ,0.053101038
72      ,72    ,2015,F,17648   ,895  ,0.050713962
73      ,73    ,2015,F,16236   ,790  ,0.048657305
74      ,74    ,2015,F,14898   ,696  ,0.04671768
75      ,75    ,2015,F,13526   ,609  ,0.045024397
76      ,76    ,2015,F,12151   ,526  ,0.043288618
77      ,77    ,2015,F,10825   ,450  ,0.041570439
78      ,78    ,2015,F,9566    ,382  ,0.039933096
79      ,79    ,2015,F,8376    ,321  ,0.038323782
80      ,80    ,2015,F,7234    ,1044 ,0.144318496
0       ,0     ,2016,F,292741  ,1459 ,0.004983928
1       ,1     ,2016,F,286106  ,1913 ,0.006686333
2       ,2     ,2016,F,287122  ,2506 ,0.008727997
3       ,3     ,2016,F,286697  ,2866 ,0.009996617
4       ,4     ,2016,F,284943  ,3117 ,0.01093903
5       ,5     ,2016,F,281973  ,3461 ,0.012274225
6       ,6     ,2016,F,278009  ,4209 ,0.015139798
7       ,7     ,2016,F,273275  ,4407 ,0.016126612
8       ,8     ,2016,F,267326  ,4394 ,0.01643686
9       ,9     ,2016,F,260050  ,4517 ,0.017369737
10      ,10    ,2016,F,251895  ,4466 ,0.01772961
11      ,11    ,2016,F,243367  ,4473 ,0.018379649
12      ,12    ,2016,F,234308  ,4416 ,0.018846988
13      ,13    ,2016,F,226191  ,4312 ,0.019063535
14      ,14    ,2016,F,219783  ,4176 ,0.01900056
15      ,15    ,2016,F,214491  ,4418 ,0.020597601
16      ,16    ,2016,F,208943  ,5018 ,0.024016119
17      ,17    ,2016,F,203398  ,5803 ,0.028530271
18      ,18    ,2016,F,197893  ,6689 ,0.033801095
19      ,19    ,2016,F,192304  ,7611 ,0.03957796
20      ,20    ,2016,F,186695  ,8528 ,0.045678781
21      ,21    ,2016,F,181185  ,9490 ,0.052377404
22      ,22    ,2016,F,175670  ,10475,0.05962885
23      ,23    ,2016,F,170382  ,11475,0.067348664
24      ,24    ,2016,F,165422  ,12500,0.075564314
25      ,25    ,2016,F,160611  ,13888,0.086469793
26      ,26    ,2016,F,155808  ,14876,0.095476484
27      ,27    ,2016,F,151212  ,15640,0.103430945
28      ,28    ,2016,F,145766  ,15876,0.108914287
29      ,29    ,2016,F,138983  ,15996,0.115093213
30      ,30    ,2016,F,131423  ,15947,0.121341013
31      ,31    ,2016,F,124059  ,15958,0.128632344
32      ,32    ,2016,F,116608  ,16317,0.139930365
33      ,33    ,2016,F,110082  ,16916,0.153667266
34      ,34    ,2016,F,105053  ,17486,0.166449316
35      ,35    ,2016,F,101016  ,17931,0.177506534
36      ,36    ,2016,F,96930   ,18207,0.187836583
37      ,37    ,2016,F,93049   ,18259,0.196229943
38      ,38    ,2016,F,88956   ,18067,0.203100409
39      ,39    ,2016,F,84352   ,17700,0.209834977
40      ,40    ,2016,F,79499   ,17176,0.216053032
41      ,41    ,2016,F,74948   ,16525,0.220486204
42      ,42    ,2016,F,70576   ,15770,0.223447064
43      ,43    ,2016,F,66547   ,14932,0.224382767
44      ,44    ,2016,F,62997   ,14039,0.222851882
45      ,45    ,2016,F,59818   ,13179,0.220318299
46      ,46    ,2016,F,56760   ,11363,0.200193798
47      ,47    ,2016,F,53858   ,10788,0.200304504
48      ,48    ,2016,F,51165   ,10215,0.199648197
49      ,49    ,2016,F,48678   ,9654 ,0.198323678
50      ,50    ,2016,F,46378   ,9099 ,0.19619216
51      ,51    ,2016,F,44233   ,7950 ,0.179730066
52      ,52    ,2016,F,42231   ,7147 ,0.169235869
53      ,53    ,2016,F,40377   ,6438 ,0.15944721
54      ,54    ,2016,F,38663   ,5822 ,0.150583245
55      ,55    ,2016,F,37068   ,5285 ,0.142575807
56      ,56    ,2016,F,35600   ,4804 ,0.13494382
57      ,57    ,2016,F,34286   ,4360 ,0.127165607
58      ,58    ,2016,F,32918   ,3933 ,0.119478705
59      ,59    ,2016,F,31402   ,3519 ,0.112062926
60      ,60    ,2016,F,29839   ,3135 ,0.105063843
61      ,61    ,2016,F,28357   ,2782 ,0.098106288
62      ,62    ,2016,F,26848   ,2480 ,0.092371871
63      ,63    ,2016,F,25753   ,2239 ,0.086941327
64      ,64    ,2016,F,25280   ,2061 ,0.081526899
65      ,65    ,2016,F,25177   ,1927 ,0.07653811
66      ,66    ,2016,F,25021   ,1819 ,0.072698933
67      ,67    ,2016,F,24940   ,1711 ,0.068604651
68      ,68    ,2016,F,24440   ,1587 ,0.064934534
69      ,69    ,2016,F,23246   ,1439 ,0.061903123
70      ,70    ,2016,F,21601   ,1279 ,0.059210222
71      ,71    ,2016,F,20032   ,1125 ,0.056160144
72      ,72    ,2016,F,18449   ,989  ,0.053607242
73      ,73    ,2016,F,16899   ,867  ,0.051304811
74      ,74    ,2016,F,15463   ,761  ,0.049214253
75      ,75    ,2016,F,14108   ,667  ,0.04727814
76      ,76    ,2016,F,12724   ,580  ,0.04558315
77      ,77    ,2016,F,11340   ,498  ,0.043915344
78      ,78    ,2016,F,10021   ,423  ,0.042211356
79      ,79    ,2016,F,8788    ,355  ,0.040395995
80      ,80    ,2016,F,7638    ,1166 ,0.152657764
0       ,0     ,2017,F,305052  ,1188 ,0.003894418
1       ,1     ,2017,F,301560  ,1507 ,0.004997347
2       ,2     ,2017,F,287321  ,1917 ,0.00667198
3       ,3     ,2017,F,286791  ,2441 ,0.008511425
4       ,4     ,2017,F,285446  ,2803 ,0.009819721
5       ,5     ,2017,F,283291  ,3069 ,0.010833383
6       ,6     ,2017,F,280331  ,3398 ,0.012121385
7       ,7     ,2017,F,276790  ,4118 ,0.014877705
8       ,8     ,2017,F,272898  ,4305 ,0.015775125
9       ,9     ,2017,F,267542  ,4278 ,0.015990013
10      ,10    ,2017,F,260283  ,4402 ,0.016912361
11      ,11    ,2017,F,251792  ,4349 ,0.017272193
12      ,12    ,2017,F,243135  ,4350 ,0.017891295
13      ,13    ,2017,F,234042  ,4286 ,0.018312952
14      ,14    ,2017,F,225892  ,4179 ,0.018499991
15      ,15    ,2017,F,219463  ,4407 ,0.020080834
16      ,16    ,2017,F,214155  ,4974 ,0.023226168
17      ,17    ,2017,F,208583  ,5735 ,0.02749505
18      ,18    ,2017,F,203010  ,6581 ,0.032417122
19      ,19    ,2017,F,197479  ,7467 ,0.037811615
20      ,20    ,2017,F,191865  ,8369 ,0.043619211
21      ,21    ,2017,F,186234  ,9266 ,0.04975461
22      ,22    ,2017,F,180702  ,10191,0.056396719
23      ,23    ,2017,F,175164  ,11128,0.063529036
24      ,24    ,2017,F,169855  ,12077,0.071101822
25      ,25    ,2017,F,164877  ,13094,0.079416777
26      ,26    ,2017,F,160048  ,14431,0.0901667
27      ,27    ,2017,F,155229  ,15352,0.098899046
28      ,28    ,2017,F,150618  ,16046,0.106534412
29      ,29    ,2017,F,145156  ,16205,0.111638513
30      ,30    ,2017,F,138357  ,16253,0.117471469
31      ,31    ,2017,F,130781  ,16136,0.123381837
32      ,32    ,2017,F,123403  ,16088,0.130369602
33      ,33    ,2017,F,115942  ,16400,0.141450035
34      ,34    ,2017,F,109403  ,16957,0.15499575
35      ,35    ,2017,F,104356  ,17480,0.167503546
36      ,36    ,2017,F,100300  ,17885,0.178315055
37      ,37    ,2017,F,96198   ,18128,0.188444666
38      ,38    ,2017,F,92302   ,18155,0.196691296
39      ,39    ,2017,F,88208   ,17944,0.20342826
40      ,40    ,2017,F,83627   ,17563,0.210015904
41      ,41    ,2017,F,78812   ,17031,0.216096534
42      ,42    ,2017,F,74298   ,16375,0.220396242
43      ,43    ,2017,F,69966   ,15619,0.223237001
44      ,44    ,2017,F,65974   ,14784,0.224088277
45      ,45    ,2017,F,62451   ,13969,0.223679365
46      ,46    ,2017,F,59295   ,13105,0.221013576
47      ,47    ,2017,F,56262   ,11295,0.200757172
48      ,48    ,2017,F,53384   ,10722,0.200846696
49      ,49    ,2017,F,50713   ,10152,0.200185357
50      ,50    ,2017,F,48244   ,9593 ,0.198843379
51      ,51    ,2017,F,45959   ,9041 ,0.196718815
52      ,52    ,2017,F,43828   ,7898 ,0.180204436
53      ,53    ,2017,F,41837   ,7098 ,0.169658436
54      ,54    ,2017,F,39991   ,6393 ,0.159860969
55      ,55    ,2017,F,38285   ,5780 ,0.150972966
56      ,56    ,2017,F,36696   ,5245 ,0.14293111
57      ,57    ,2017,F,35231   ,4767 ,0.135306974
58      ,58    ,2017,F,33916   ,4325 ,0.127520934
59      ,59    ,2017,F,32547   ,3899 ,0.119795987
60      ,60    ,2017,F,31031   ,3488 ,0.112403725
61      ,61    ,2017,F,29467   ,3105 ,0.105372111
62      ,62    ,2017,F,27980   ,2755 ,0.098463188
63      ,63    ,2017,F,26466   ,2454 ,0.092722739
64      ,64    ,2017,F,25354   ,2213 ,0.087284058
65      ,65    ,2017,F,24845   ,2036 ,0.081948078
66      ,66    ,2017,F,24694   ,1901 ,0.076982263
67      ,67    ,2017,F,24491   ,1792 ,0.073169736
68      ,68    ,2017,F,24363   ,1682 ,0.069039117
69      ,69    ,2017,F,23818   ,1558 ,0.065412713
70      ,70    ,2017,F,22586   ,1409 ,0.062383778
71      ,71    ,2017,F,20907   ,1248 ,0.059692926
72      ,72    ,2017,F,19307   ,1094 ,0.056663386
73      ,73    ,2017,F,17695   ,958  ,0.054139587
74      ,74    ,2017,F,16120   ,837  ,0.051923077
75      ,75    ,2017,F,14664   ,731  ,0.049849973
76      ,76    ,2017,F,13293   ,637  ,0.047919958
77      ,77    ,2017,F,11899   ,549  ,0.046138331
78      ,78    ,2017,F,10510   ,468  ,0.04452902
79      ,79    ,2017,F,9199    ,394  ,0.042830742
80      ,80    ,2017,F,7994    ,1304 ,0.163122342
0       ,0     ,2018,F,319400  ,949  ,0.002971196
1       ,1     ,2018,F,310830  ,1205 ,0.003876717
2       ,2     ,2018,F,303263  ,1506 ,0.004965987
3       ,3     ,2018,F,288307  ,1875 ,0.006503484
4       ,4     ,2018,F,286233  ,2386 ,0.008335866
5       ,5     ,2018,F,283971  ,2765 ,0.00973691
6       ,6     ,2018,F,281417  ,3025 ,0.010749173
7       ,7     ,2018,F,278468  ,3339 ,0.011990606
8       ,8     ,2018,F,275354  ,4033 ,0.0146466
9       ,9     ,2018,F,272305  ,4212 ,0.01546795
10      ,10    ,2018,F,267547  ,4181 ,0.015627161
11      ,11    ,2018,F,260309  ,4298 ,0.016511146
12      ,12    ,2018,F,251489  ,4239 ,0.016855608
13      ,13    ,2018,F,242710  ,4234 ,0.017444687
14      ,14    ,2018,F,233590  ,4167 ,0.017838949
15      ,15    ,2018,F,225415  ,4410 ,0.019563915
16      ,16    ,2018,F,218969  ,4966 ,0.022679009
17      ,17    ,2018,F,213650  ,5684 ,0.026604259
18      ,18    ,2018,F,208059  ,6507 ,0.031274783
19      ,19    ,2018,F,202462  ,7352 ,0.036312987
20      ,20    ,2018,F,196908  ,8220 ,0.041745384
21      ,21    ,2018,F,191275  ,9106 ,0.047606849
22      ,22    ,2018,F,185627  ,9970 ,0.053709859
23      ,23    ,2018,F,180076  ,10849,0.060246785
24      ,24    ,2018,F,174520  ,11734,0.067235847
25      ,25    ,2018,F,169195  ,12673,0.074901741
26      ,26    ,2018,F,164201  ,13628,0.08299584
27      ,27    ,2018,F,159360  ,14918,0.093611948
28      ,28    ,2018,F,154528  ,15778,0.102104473
29      ,29    ,2018,F,149906  ,16408,0.109455259
30      ,30    ,2018,F,144433  ,16495,0.114205202
31      ,31    ,2018,F,137622  ,16473,0.119697432
32      ,32    ,2018,F,130036  ,16294,0.125303762
33      ,33    ,2018,F,122651  ,16194,0.132033167
34      ,34    ,2018,F,115185  ,16461,0.142909233
35      ,35    ,2018,F,108638  ,16970,0.156206852
36      ,36    ,2018,F,103577  ,17451,0.168483351
37      ,37    ,2018,F,99505   ,17820,0.179086478
38      ,38    ,2018,F,95391   ,18034,0.189053475
39      ,39    ,2018,F,91482   ,18037,0.19716447
40      ,40    ,2018,F,87391   ,17809,0.203785287
41      ,41    ,2018,F,82836   ,17416,0.210246753
42      ,42    ,2018,F,78063   ,16875,0.216171554
43      ,43    ,2018,F,73590   ,16215,0.220342438
44      ,44    ,2018,F,69301   ,15458,0.223055944
45      ,45    ,2018,F,65349   ,14709,0.225083781
46      ,46    ,2018,F,61857   ,13887,0.224501673
47      ,47    ,2018,F,58726   ,13024,0.221775704
48      ,48    ,2018,F,55720   ,11222,0.201399856
49      ,49    ,2018,F,52869   ,10650,0.201441298
50      ,50    ,2018,F,50222   ,10082,0.200748676
51      ,51    ,2018,F,47773   ,9525 ,0.199380403
52      ,52    ,2018,F,45504   ,8975 ,0.197235408
53      ,53    ,2018,F,43387   ,7838 ,0.180653191
54      ,54    ,2018,F,41409   ,7043 ,0.170083798
55      ,55    ,2018,F,39574   ,6342 ,0.160256734
56      ,56    ,2018,F,37877   ,5732 ,0.151331943
57      ,57    ,2018,F,36295   ,5200 ,0.143270423
58      ,58    ,2018,F,34834   ,4724 ,0.135614629
59      ,59    ,2018,F,33520   ,4284 ,0.127804296
60      ,60    ,2018,F,32151   ,3861 ,0.120089577
61      ,61    ,2018,F,30635   ,3452 ,0.112681573
62      ,62    ,2018,F,29071   ,3071 ,0.105637921
63      ,63    ,2018,F,27581   ,2723 ,0.098727385
64      ,64    ,2018,F,26064   ,2423 ,0.092963475
65      ,65    ,2018,F,24935   ,2184 ,0.087587728
66      ,66    ,2018,F,24391   ,2007 ,0.082284449
67      ,67    ,2018,F,24192   ,1871 ,0.077339616
68      ,68    ,2018,F,23943   ,1761 ,0.07354968
69      ,69    ,2018,F,23767   ,1650 ,0.069423991
70      ,70    ,2018,F,23178   ,1523 ,0.065708862
71      ,71    ,2018,F,21908   ,1373 ,0.06267117
72      ,72    ,2018,F,20198   ,1213 ,0.060055451
73      ,73    ,2018,F,18567   ,1059 ,0.057036678
74      ,74    ,2018,F,16928   ,924  ,0.054584121
75      ,75    ,2018,F,15330   ,802  ,0.052315721
76      ,76    ,2018,F,13854   ,696  ,0.050238198
77      ,77    ,2018,F,12469   ,603  ,0.048359933
78      ,78    ,2018,F,11066   ,516  ,0.046629315
79      ,79    ,2018,F,9672    ,435  ,0.044975186
80      ,80    ,2018,F,8371    ,1456 ,0.173933819
0       ,0     ,2019,F,332957  ,812  ,0.002438753
1       ,1     ,2019,F,320065  ,1009 ,0.003152485
2       ,2     ,2019,F,309280  ,1205 ,0.003896146
3       ,3     ,2019,F,300341  ,1471 ,0.004897766
4       ,4     ,2019,F,289397  ,1837 ,0.006347682
5       ,5     ,2019,F,285781  ,2353 ,0.008233577
6       ,6     ,2019,F,282602  ,2729 ,0.00965669
7       ,7     ,2019,F,279650  ,2983 ,0.010666905
8       ,8     ,2019,F,276711  ,3282 ,0.01186075
9       ,9     ,2019,F,274021  ,3954 ,0.014429551
10      ,10    ,2019,F,271813  ,4132 ,0.015201628
11      ,11    ,2019,F,267650  ,4091 ,0.015284887
12      ,12    ,2019,F,260431  ,4197 ,0.016115593
13      ,13    ,2019,F,251280  ,4132 ,0.016443808
14      ,14    ,2019,F,242375  ,4124 ,0.017014956
15      ,15    ,2019,F,233225  ,4425 ,0.018973095
16      ,16    ,2019,F,225021  ,4932 ,0.021917954
17      ,17    ,2019,F,218556  ,5641 ,0.025810319
18      ,18    ,2019,F,213225  ,6418 ,0.03009966
19      ,19    ,2019,F,207613  ,7242 ,0.034882209
20      ,20    ,2019,F,201990  ,8071 ,0.039957424
21      ,21    ,2019,F,196410  ,8924 ,0.045435568
22      ,22    ,2019,F,190756  ,9780 ,0.051269685
23      ,23    ,2019,F,185088  ,10602,0.057280861
24      ,24    ,2019,F,179518  ,11429,0.063664925
25      ,25    ,2019,F,173941  ,12306,0.070748127
26      ,26    ,2019,F,168597  ,13186,0.07821017
27      ,27    ,2019,F,163587  ,14085,0.086100974
28      ,28    ,2019,F,158731  ,15333,0.096597388
29      ,29    ,2019,F,153885  ,16137,0.104864022
30      ,30    ,2019,F,149249  ,16707,0.111940449
31      ,31    ,2019,F,143763  ,16727,0.116351217
32      ,32    ,2019,F,136940  ,16644,0.121542281
33      ,33    ,2019,F,129340  ,16411,0.126882635
34      ,34    ,2019,F,121944  ,16264,0.133372696
35      ,35    ,2019,F,114471  ,16490,0.144053953
36      ,36    ,2019,F,107914  ,16960,0.157162185
37      ,37    ,2019,F,102837  ,17405,0.169248422
38      ,38    ,2019,F,98748   ,17745,0.179699842
39      ,39    ,2019,F,94620   ,17935,0.189547664
40      ,40    ,2019,F,90697   ,17919,0.197569931
41      ,41    ,2019,F,86608   ,17675,0.204080454
42      ,42    ,2019,F,82077   ,17270,0.210412174
43      ,43    ,2019,F,77344   ,16722,0.216202938
44      ,44    ,2019,F,72911   ,16059,0.220254831
45      ,45    ,2019,F,68663   ,15387,0.22409449
46      ,46    ,2019,F,64749   ,14630,0.225949436
47      ,47    ,2019,F,61287   ,13806,0.225268001
48      ,48    ,2019,F,58180   ,12945,0.222499141
49      ,49    ,2019,F,55199   ,11151,0.202014529
50      ,50    ,2019,F,52374   ,10581,0.202027724
51      ,51    ,2019,F,49750   ,10014,0.201286432
52      ,52    ,2019,F,47320   ,9459 ,0.199894336
53      ,53    ,2019,F,45067   ,8910 ,0.197705638
54      ,54    ,2019,F,42964   ,7780 ,0.181081836
55      ,55    ,2019,F,40997   ,6989 ,0.170475888
56      ,56    ,2019,F,39173   ,6291 ,0.160595308
57      ,57    ,2019,F,37484   ,5684 ,0.151638032
58      ,58    ,2019,F,35909   ,5154 ,0.143529477
59      ,59    ,2019,F,34451   ,4680 ,0.135845113
60      ,60    ,2019,F,33136   ,4242 ,0.128017866
61      ,61    ,2019,F,31767   ,3821 ,0.120282054
62      ,62    ,2019,F,30252   ,3414 ,0.112852043
63      ,63    ,2019,F,28687   ,3036 ,0.10583191
64      ,64    ,2019,F,27194   ,2689 ,0.098882106
65      ,65    ,2019,F,25672   ,2391 ,0.093136491
66      ,66    ,2019,F,24526   ,2152 ,0.087743619
67      ,67    ,2019,F,23946   ,1975 ,0.08247724
68      ,68    ,2019,F,23700   ,1839 ,0.077594937
69      ,69    ,2019,F,23405   ,1726 ,0.073744926
70      ,70    ,2019,F,23180   ,1614 ,0.069628991
71      ,71    ,2019,F,22547   ,1486 ,0.065906773
72      ,72    ,2019,F,21240   ,1335 ,0.062853107
73      ,73    ,2019,F,19497   ,1174 ,0.060214392
74      ,74    ,2019,F,17835   ,1022 ,0.057303056
75      ,75    ,2019,F,16169   ,886  ,0.054796215
76      ,76    ,2019,F,14547   ,765  ,0.052588163
77      ,77    ,2019,F,13051   ,660  ,0.050570837
78      ,78    ,2019,F,11651   ,567  ,0.048665351
79      ,79    ,2019,F,10239   ,481  ,0.046977244
80      ,80    ,2019,F,8840    ,1625 ,0.183823529
0       ,0     ,2020,F,343611  ,766  ,0.002229265
1       ,1     ,2020,F,328352  ,893  ,0.002719642
2       ,2     ,2020,F,315751  ,1024 ,0.003243062
3       ,3     ,2020,F,305488  ,1180 ,0.003862672
4       ,4     ,2020,F,297246  ,1442 ,0.004851201
5       ,5     ,2020,F,290704  ,1815 ,0.006243464
6       ,6     ,2020,F,285544  ,2323 ,0.008135349
7       ,7     ,2020,F,281446  ,2695 ,0.009575549
8       ,8     ,2020,F,278092  ,2943 ,0.010582829
9       ,9     ,2020,F,275162  ,3229 ,0.011734905
10      ,10    ,2020,F,272894  ,3890 ,0.014254619
11      ,11    ,2020,F,271525  ,4061 ,0.014956266
12      ,12    ,2020,F,267954  ,4004 ,0.014942863
13      ,13    ,2020,F,260749  ,4097 ,0.015712428
14      ,14    ,2020,F,251259  ,4031 ,0.016043206
15      ,15    ,2020,F,242222  ,4400 ,0.018165154
16      ,16    ,2020,F,233035  ,4939 ,0.021194241
17      ,17    ,2020,F,224795  ,5575 ,0.024800374
18      ,18    ,2020,F,218308  ,6337 ,0.029027796
19      ,19    ,2020,F,212959  ,7113 ,0.033400795
20      ,20    ,2020,F,207322  ,7923 ,0.038215915
21      ,21    ,2020,F,201668  ,8738 ,0.043328639
22      ,22    ,2020,F,196060  ,9563 ,0.048775885
23      ,23    ,2020,F,190380  ,10381,0.054527787
24      ,24    ,2020,F,184689  ,11157,0.060409662
25      ,25    ,2020,F,179094  ,11981,0.06689783
26      ,26    ,2020,F,173493  ,12800,0.073778193
27      ,27    ,2020,F,168126  ,13628,0.081058254
28      ,28    ,2020,F,163096  ,14478,0.088769804
29      ,29    ,2020,F,158221  ,15688,0.099152451
30      ,30    ,2020,F,153358  ,16441,0.107206667
31      ,31    ,2020,F,148705  ,16955,0.114017686
32      ,32    ,2020,F,143201  ,16916,0.118127667
33      ,33    ,2020,F,136360  ,16780,0.123056615
34      ,34    ,2020,F,128742  ,16499,0.128155536
35      ,35    ,2020,F,121329  ,16317,0.134485572
36      ,36    ,2020,F,113844  ,16505,0.144979094
37      ,37    ,2020,F,107271  ,16942,0.157936441
38      ,38    ,2020,F,102175  ,17359,0.169894788
39      ,39    ,2020,F,98066   ,17674,0.180225562
40      ,40    ,2020,F,93920   ,17842,0.189970187
41      ,41    ,2020,F,89980   ,17807,0.197899533
42      ,42    ,2020,F,85889   ,17549,0.204321857
43      ,43    ,2020,F,81380   ,17134,0.210543131
44      ,44    ,2020,F,76683   ,16580,0.216214806
45      ,45    ,2020,F,72286   ,16001,0.221356833
46      ,46    ,2020,F,68077   ,15320,0.225039294
47      ,47    ,2020,F,64198   ,14560,0.226798343
48      ,48    ,2020,F,60763   ,13736,0.226058621
49      ,49    ,2020,F,57677   ,12875,0.223225896
50      ,50    ,2020,F,54720   ,11088,0.202631579
51      ,51    ,2020,F,51919   ,10518,0.202584796
52      ,52    ,2020,F,49316   ,9952 ,0.201800633
53      ,53    ,2020,F,46903   ,9397 ,0.200349658
54      ,54    ,2020,F,44664   ,8850 ,0.198146158
55      ,55    ,2020,F,42573   ,7725 ,0.181453034
56      ,56    ,2020,F,40617   ,6938 ,0.170815176
57      ,57    ,2020,F,38801   ,6243 ,0.160897915
58      ,58    ,2020,F,37119   ,5638 ,0.151889868
59      ,59    ,2020,F,35549   ,5110 ,0.143745253
60      ,60    ,2020,F,34094   ,4636 ,0.135977005
61      ,61    ,2020,F,32778   ,4200 ,0.128134725
62      ,62    ,2020,F,31406   ,3780 ,0.120359167
63      ,63    ,2020,F,29891   ,3376 ,0.112943695
64      ,64    ,2020,F,28324   ,2999 ,0.105881938
65      ,65    ,2020,F,26826   ,2654 ,0.09893387
66      ,66    ,2020,F,25299   ,2357 ,0.093165738
67      ,67    ,2020,F,24135   ,2119 ,0.087797804
68      ,68    ,2020,F,23519   ,1941 ,0.082529019
69      ,69    ,2020,F,23226   ,1804 ,0.077671575
70      ,70    ,2020,F,22884   ,1689 ,0.073807027
71      ,71    ,2020,F,22612   ,1574 ,0.069609057
72      ,72    ,2020,F,21933   ,1445 ,0.06588246
73      ,73    ,2020,F,20587   ,1294 ,0.0628552
74      ,74    ,2020,F,18811   ,1133 ,0.060230716
75      ,75    ,2020,F,17117   ,981  ,0.057311445
76      ,76    ,2020,F,15422   ,846  ,0.054856698
77      ,77    ,2020,F,13775   ,726  ,0.052704174
78      ,78    ,2020,F,12258   ,621  ,0.050660793
79      ,79    ,2020,F,10842   ,529  ,0.048791736
80      ,80    ,2020,F,9419    ,1814 ,0.192589447
0       ,0     ,2021,F,349901  ,797  ,0.002277787
1       ,1     ,2021,F,340397  ,869  ,0.002552901
2       ,2     ,2021,F,326746  ,919  ,0.002812582
3       ,3     ,2021,F,315201  ,1010 ,0.003204305
4       ,4     ,2021,F,305532  ,1164 ,0.003809748
5       ,5     ,2021,F,297506  ,1428 ,0.004799903
6       ,6     ,2021,F,290810  ,1797 ,0.006179292
7       ,7     ,2021,F,285128  ,2298 ,0.008059538
8       ,8     ,2021,F,280648  ,2666 ,0.009499444
9       ,9     ,2021,F,277307  ,2910 ,0.010493785
10      ,10    ,2021,F,274623  ,3193 ,0.011626848
11      ,11    ,2021,F,272414  ,3839 ,0.014092521
12      ,12    ,2021,F,271002  ,3998 ,0.014752659
13      ,13    ,2021,F,267394  ,3927 ,0.014686193
14      ,14    ,2021,F,260169  ,4015 ,0.015432277
15      ,15    ,2021,F,250671  ,4328 ,0.017265659
16      ,16    ,2021,F,241617  ,4898 ,0.020271752
17      ,17    ,2021,F,232408  ,5557 ,0.023910537
18      ,18    ,2021,F,224148  ,6238 ,0.027829827
19      ,19    ,2021,F,217642  ,6996 ,0.032144531
20      ,20    ,2021,F,212276  ,7756 ,0.036537338
21      ,21    ,2021,F,206622  ,8555 ,0.04140411
22      ,22    ,2021,F,200951  ,9344 ,0.046498898
23      ,23    ,2021,F,195330  ,10134,0.051881431
24      ,24    ,2021,F,189644  ,10909,0.05752357
25      ,25    ,2021,F,183950  ,11691,0.063555314
26      ,26    ,2021,F,178354  ,12460,0.069861063
27      ,27    ,2021,F,172753  ,13229,0.076577541
28      ,28    ,2021,F,167381  ,14011,0.083707231
29      ,29    ,2021,F,162338  ,14818,0.09127869
30      ,30    ,2021,F,157446  ,15991,0.101564981
31      ,31    ,2021,F,152568  ,16696,0.109433171
32      ,32    ,2021,F,147902  ,17161,0.116029533
33      ,33    ,2021,F,142387  ,17070,0.11988454
34      ,34    ,2021,F,135538  ,16888,0.124599743
35      ,35    ,2021,F,127916  ,16577,0.129592858
36      ,36    ,2021,F,120500  ,16356,0.13573444
37      ,37    ,2021,F,113012  ,16513,0.146117226
38      ,38    ,2021,F,106444  ,16922,0.158975612
39      ,39    ,2021,F,101359  ,17314,0.170818576
40      ,40    ,2021,F,97268   ,17606,0.181005058
41      ,41    ,2021,F,93140   ,17754,0.190616277
42      ,42    ,2021,F,89220   ,17702,0.198408429
43      ,43    ,2021,F,85151   ,17430,0.204695189
44      ,44    ,2021,F,80664   ,17006,0.210825151
45      ,45    ,2021,F,75990   ,16535,0.21759442
46      ,46    ,2021,F,71615   ,15946,0.22266285
47      ,47    ,2021,F,67430   ,15261,0.226323595
48      ,48    ,2021,F,63573   ,14499,0.22806852
49      ,49    ,2021,F,60159   ,13673,0.227281039
50      ,50    ,2021,F,57094   ,12812,0.224401864
51      ,51    ,2021,F,54155   ,11030,0.203674638
52      ,52    ,2021,F,51372   ,10459,0.203593397
53      ,53    ,2021,F,48785   ,9893 ,0.202787742
54      ,54    ,2021,F,46387   ,9339 ,0.201327958
55      ,55    ,2021,F,44161   ,8793 ,0.199112339
56      ,56    ,2021,F,42082   ,7673 ,0.18233449
57      ,57    ,2021,F,40134   ,6888 ,0.171625056
58      ,58    ,2021,F,38324   ,6195 ,0.161648053
59      ,59    ,2021,F,36643   ,5592 ,0.152607592
60      ,60    ,2021,F,35070   ,5065 ,0.144425435
61      ,61    ,2021,F,33608   ,4592 ,0.136634135
62      ,62    ,2021,F,32281   ,4157 ,0.128775441
63      ,63    ,2021,F,30897   ,3739 ,0.121014985
64      ,64    ,2021,F,29370   ,3336 ,0.113585291
65      ,65    ,2021,F,27790   ,2961 ,0.106549118
66      ,66    ,2021,F,26276   ,2617 ,0.09959659
67      ,67    ,2021,F,24734   ,2322 ,0.093878871
68      ,68    ,2021,F,23538   ,2084 ,0.088537684
69      ,69    ,2021,F,22864   ,1905 ,0.083318754
70      ,70    ,2021,F,22497   ,1766 ,0.078499355
71      ,71    ,2021,F,22085   ,1649 ,0.074666063
72      ,72    ,2021,F,21745   ,1532 ,0.070452978
73      ,73    ,2021,F,21010   ,1401 ,0.066682532
74      ,74    ,2021,F,19625   ,1249 ,0.063643312
75      ,75    ,2021,F,17824   ,1089 ,0.061097397
76      ,76    ,2021,F,16110   ,937  ,0.058162632
77      ,77    ,2021,F,14399   ,803  ,0.055767762
78      ,78    ,2021,F,12754   ,684  ,0.053630234
79      ,79    ,2021,F,11264   ,580  ,0.051491477
80      ,80    ,2021,F,9893    ,2021 ,0.204285859
0       ,0     ,2010,M,297207  ,5061 ,0.017028536
1       ,1     ,2010,M,284655  ,5314 ,0.018668212
2       ,2     ,2010,M,273219  ,5542 ,0.020284094
3       ,3     ,2010,M,262808  ,5629 ,0.021418678
4       ,4     ,2010,M,253325  ,5482 ,0.021640186
5       ,5     ,2010,M,244679  ,5493 ,0.022449822
6       ,6     ,2010,M,236775  ,5470 ,0.023102101
7       ,7     ,2010,M,229520  ,5393 ,0.023496863
8       ,8     ,2010,M,222819  ,5272 ,0.02366046
9       ,9     ,2010,M,216579  ,5130 ,0.023686507
10      ,10    ,2010,M,210804  ,4948 ,0.02347204
11      ,11    ,2010,M,205498  ,4722 ,0.022978326
12      ,12    ,2010,M,200078  ,4444 ,0.022211338
13      ,13    ,2010,M,194256  ,4127 ,0.021245161
14      ,14    ,2010,M,188230  ,3768 ,0.020018063
15      ,15    ,2010,M,182424  ,3172 ,0.017388063
16      ,16    ,2010,M,176678  ,2798 ,0.01583672
17      ,17    ,2010,M,171239  ,2519 ,0.014710434
18      ,18    ,2010,M,166249  ,2415 ,0.014526403
19      ,19    ,2010,M,161507  ,2606 ,0.016135524
20      ,20    ,2010,M,156796  ,2995 ,0.019101253
21      ,21    ,2010,M,152312  ,3591 ,0.023576606
22      ,22    ,2010,M,147100  ,4251 ,0.028898708
23      ,23    ,2010,M,140712  ,4979 ,0.035384331
24      ,24    ,2010,M,133658  ,5683 ,0.042518966
25      ,25    ,2010,M,126800  ,6408 ,0.050536278
26      ,26    ,2010,M,119850  ,7282 ,0.060759282
27      ,27    ,2010,M,113865  ,8298 ,0.072875774
28      ,28    ,2010,M,109423  ,9341 ,0.085365965
29      ,29    ,2010,M,105976  ,10363,0.097786291
30      ,30    ,2010,M,102428  ,11319,0.110506893
31      ,31    ,2010,M,99030   ,12140,0.122589114
32      ,32    ,2010,M,95289   ,12783,0.134149797
33      ,33    ,2010,M,90859   ,13276,0.14611651
34      ,34    ,2010,M,86015   ,13615,0.158286345
35      ,35    ,2010,M,81402   ,13671,0.167944277
36      ,36    ,2010,M,76924   ,13553,0.176186886
37      ,37    ,2010,M,72488   ,13271,0.183078579
38      ,38    ,2010,M,68124   ,12851,0.188641301
39      ,39    ,2010,M,63853   ,12316,0.192880522
40      ,40    ,2010,M,59678   ,10759,0.180284192
41      ,41    ,2010,M,55603   ,10388,0.186824452
42      ,42    ,2010,M,51756   ,9981 ,0.192847206
43      ,43    ,2010,M,48202   ,9550 ,0.198124559
44      ,44    ,2010,M,44907   ,9107 ,0.202796891
45      ,45    ,2010,M,41769   ,8036 ,0.192391487
46      ,46    ,2010,M,38806   ,7303 ,0.188192548
47      ,47    ,2010,M,36081   ,6636 ,0.183919514
48      ,48    ,2010,M,33614   ,6043 ,0.179776284
49      ,49    ,2010,M,31389   ,5511 ,0.17557106
50      ,50    ,2010,M,29364   ,5020 ,0.170957635
51      ,51    ,2010,M,27540   ,4551 ,0.165250545
52      ,52    ,2010,M,25940   ,4092 ,0.157748651
53      ,53    ,2010,M,24569   ,3650 ,0.148561195
54      ,54    ,2010,M,23416   ,3241 ,0.138409634
55      ,55    ,2010,M,22391   ,2878 ,0.128533786
56      ,56    ,2010,M,21427   ,2570 ,0.119942129
57      ,57    ,2010,M,20853   ,2320 ,0.111254975
58      ,58    ,2010,M,20798   ,2123 ,0.102077123
59      ,59    ,2010,M,21057   ,1963 ,0.093223156
60      ,60    ,2010,M,21325   ,1825 ,0.085580305
61      ,61    ,2010,M,21695   ,1691 ,0.077944227
62      ,62    ,2010,M,21668   ,1550 ,0.071534059
63      ,63    ,2010,M,20978   ,1396 ,0.066545905
64      ,64    ,2010,M,19847   ,1238 ,0.062377185
65      ,65    ,2010,M,18783   ,1090 ,0.058031198
66      ,66    ,2010,M,17702   ,957  ,0.054061688
67      ,67    ,2010,M,16592   ,838  ,0.050506268
68      ,68    ,2010,M,15502   ,735  ,0.047413237
69      ,69    ,2010,M,14425   ,643  ,0.04457539
70      ,70    ,2010,M,13302   ,560  ,0.042098932
71      ,71    ,2010,M,12144   ,485  ,0.039937418
72      ,72    ,2010,M,11053   ,419  ,0.03790826
73      ,73    ,2010,M,10073   ,361  ,0.03583838
74      ,74    ,2010,M,9176    ,312  ,0.034001744
75      ,75    ,2010,M,8290    ,268  ,0.032328106
76      ,76    ,2010,M,7435    ,228  ,0.03066577
77      ,77    ,2010,M,6606    ,192  ,0.029064487
78      ,78    ,2010,M,5796    ,160  ,0.027605245
79      ,79    ,2010,M,5017    ,132  ,0.026310544
80      ,80    ,2010,M,4287    ,365  ,0.085141124
0       ,0     ,2011,M,297430  ,4015 ,0.013498975
1       ,1     ,2011,M,293870  ,4965 ,0.016895226
2       ,2     ,2011,M,282625  ,5293 ,0.018727996
3       ,3     ,2011,M,272077  ,5262 ,0.019340113
4       ,4     ,2011,M,262197  ,5338 ,0.020358738
5       ,5     ,2011,M,252957  ,5283 ,0.020884973
6       ,6     ,2011,M,244268  ,5292 ,0.021664729
7       ,7     ,2011,M,236042  ,5255 ,0.022262987
8       ,8     ,2011,M,228551  ,5167 ,0.022607646
9       ,9     ,2011,M,221886  ,5039 ,0.02270986
10      ,10    ,2011,M,215838  ,4898 ,0.022692946
11      ,11    ,2011,M,210113  ,4718 ,0.022454584
12      ,12    ,2011,M,204773  ,4494 ,0.021946253
13      ,13    ,2011,M,199329  ,4223 ,0.021186079
14      ,14    ,2011,M,193508  ,3918 ,0.020247225
15      ,15    ,2011,M,187497  ,3355 ,0.01789362
16      ,16    ,2011,M,181695  ,3001 ,0.01651669
17      ,17    ,2011,M,175946  ,2766 ,0.015720732
18      ,18    ,2011,M,170502  ,2658 ,0.01558926
19      ,19    ,2011,M,165505  ,2760 ,0.016676233
20      ,20    ,2011,M,160755  ,3172 ,0.01973189
21      ,21    ,2011,M,156033  ,3735 ,0.023937244
22      ,22    ,2011,M,151536  ,4442 ,0.029313167
23      ,23    ,2011,M,146313  ,5120 ,0.034993473
24      ,24    ,2011,M,139920  ,5814 ,0.041552316
25      ,25    ,2011,M,132864  ,6458 ,0.048606093
26      ,26    ,2011,M,126002  ,7117 ,0.05648323
27      ,27    ,2011,M,119047  ,7928 ,0.066595546
28      ,28    ,2011,M,113044  ,8879 ,0.078544637
29      ,29    ,2011,M,108562  ,9845 ,0.090685507
30      ,30    ,2011,M,105062  ,10780,0.10260608
31      ,31    ,2011,M,101464  ,11644,0.114759915
32      ,32    ,2011,M,98019   ,12371,0.126210225
33      ,33    ,2011,M,94233   ,12923,0.137138794
34      ,34    ,2011,M,89761   ,13331,0.148516616
35      ,35    ,2011,M,84880   ,13473,0.158729972
36      ,36    ,2011,M,80235   ,13447,0.167595189
37      ,37    ,2011,M,75725   ,13255,0.175041268
38      ,38    ,2011,M,71279   ,12919,0.181245528
39      ,39    ,2011,M,66933   ,12464,0.186216067
40      ,40    ,2011,M,62702   ,11911,0.189962043
41      ,41    ,2011,M,58568   ,10381,0.177246961
42      ,42    ,2011,M,54540   ,10005,0.183443344
43      ,43    ,2011,M,50742   ,9600 ,0.189192385
44      ,44    ,2011,M,47236   ,9175 ,0.194237446
45      ,45    ,2011,M,43988   ,8796 ,0.199963626
46      ,46    ,2011,M,40902   ,7713 ,0.188572686
47      ,47    ,2011,M,37992   ,6985 ,0.183854496
48      ,48    ,2011,M,35319   ,6337 ,0.179421841
49      ,49    ,2011,M,32902   ,5767 ,0.175278099
50      ,50    ,2011,M,30725   ,5260 ,0.171196094
51      ,51    ,2011,M,28744   ,4791 ,0.166678263
52      ,52    ,2011,M,26963   ,4345 ,0.161146757
53      ,53    ,2011,M,25400   ,3908 ,0.153858268
54      ,54    ,2011,M,24058   ,3486 ,0.144899825
55      ,55    ,2011,M,22927   ,3096 ,0.135037292
56      ,56    ,2011,M,21921   ,2749 ,0.125404863
57      ,57    ,2011,M,20973   ,2455 ,0.117055262
58      ,58    ,2011,M,20404   ,2215 ,0.108557146
59      ,59    ,2011,M,20335   ,2026 ,0.099631178
60      ,60    ,2011,M,20569   ,1872 ,0.091010744
61      ,61    ,2011,M,20810   ,1739 ,0.083565593
62      ,62    ,2011,M,21150   ,1610 ,0.076122931
63      ,63    ,2011,M,21098   ,1474 ,0.069864442
64      ,64    ,2011,M,20391   ,1326 ,0.065028689
65      ,65    ,2011,M,19248   ,1174 ,0.06099335
66      ,66    ,2011,M,18171   ,1031 ,0.05673876
67      ,67    ,2011,M,17078   ,904  ,0.052933599
68      ,68    ,2011,M,15956   ,790  ,0.049511156
69      ,69    ,2011,M,14855   ,690  ,0.046449007
70      ,70    ,2011,M,13767   ,603  ,0.043800392
71      ,71    ,2011,M,12635   ,523  ,0.041392956
72      ,72    ,2011,M,11473   ,450  ,0.039222522
73      ,73    ,2011,M,10381   ,387  ,0.037279646
74      ,74    ,2011,M,9405    ,332  ,0.035300372
75      ,75    ,2011,M,8516    ,284  ,0.03334899
76      ,76    ,2011,M,7641    ,242  ,0.031671247
77      ,77    ,2011,M,6799    ,204  ,0.030004412
78      ,78    ,2011,M,5993    ,171  ,0.028533289
79      ,79    ,2011,M,5218    ,141  ,0.027021847
80      ,80    ,2011,M,4483    ,396  ,0.088333705
0       ,0     ,2012,M,294621  ,3393 ,0.011516491
1       ,1     ,2012,M,288494  ,3925 ,0.013605136
2       ,2     ,2012,M,291183  ,4897 ,0.016817603
3       ,3     ,2012,M,281218  ,5055 ,0.017975379
4       ,4     ,2012,M,271532  ,5011 ,0.018454547
5       ,5     ,2012,M,262161  ,5155 ,0.019663489
6       ,6     ,2012,M,253142  ,5099 ,0.020142845
7       ,7     ,2012,M,244391  ,5100 ,0.020868199
8       ,8     ,2012,M,235827  ,5052 ,0.021422483
9       ,9     ,2012,M,228084  ,4955 ,0.021724452
10      ,10    ,2012,M,221440  ,4827 ,0.02179823
11      ,11    ,2012,M,215571  ,4684 ,0.02172834
12      ,12    ,2012,M,209883  ,4504 ,0.021459575
13      ,13    ,2012,M,204498  ,4282 ,0.02093908
14      ,14    ,2012,M,199018  ,4022 ,0.020209227
15      ,15    ,2012,M,193184  ,3508 ,0.018158854
16      ,16    ,2012,M,187176  ,3170 ,0.016935932
17      ,17    ,2012,M,181365  ,2953 ,0.016282083
18      ,18    ,2012,M,175600  ,2876 ,0.016378132
19      ,19    ,2012,M,170139  ,2959 ,0.017391662
20      ,20    ,2012,M,165125  ,3254 ,0.019706283
21      ,21    ,2012,M,160355  ,3843 ,0.023965576
22      ,22    ,2012,M,155613  ,4521 ,0.029052843
23      ,23    ,2012,M,151092  ,5274 ,0.034905885
24      ,24    ,2012,M,145847  ,5925 ,0.040624764
25      ,25    ,2012,M,139436  ,6569 ,0.047111219
26      ,26    ,2012,M,132362  ,7144 ,0.053973195
27      ,27    ,2012,M,125480  ,7728 ,0.061587504
28      ,28    ,2012,M,118507  ,8468 ,0.071455695
29      ,29    ,2012,M,112472  ,9347 ,0.083105128
30      ,30    ,2012,M,107941  ,10234,0.094811054
31      ,31    ,2012,M,104380  ,11087,0.106217666
32      ,32    ,2012,M,100725  ,11866,0.117805907
33      ,33    ,2012,M,97224   ,12510,0.128671933
34      ,34    ,2012,M,93384   ,12983,0.139028099
35      ,35    ,2012,M,88861   ,13214,0.148704156
36      ,36    ,2012,M,83934   ,13276,0.158171897
37      ,37    ,2012,M,79246   ,13176,0.166267067
38      ,38    ,2012,M,74695   ,12930,0.173103956
39      ,39    ,2012,M,70227   ,12559,0.178834351
40      ,40    ,2012,M,65890   ,12083,0.183381393
41      ,41    ,2012,M,61690   ,11522,0.186772573
42      ,42    ,2012,M,57588   ,10023,0.174046676
43      ,43    ,2012,M,53598   ,9648 ,0.180006717
44      ,44    ,2012,M,49840   ,9247 ,0.185533708
45      ,45    ,2012,M,46375   ,8882 ,0.191525606
46      ,46    ,2012,M,43168   ,8468 ,0.196163825
47      ,47    ,2012,M,40126   ,7402 ,0.184468923
48      ,48    ,2012,M,37262   ,6695 ,0.179673662
49      ,49    ,2012,M,34635   ,6070 ,0.175256244
50      ,50    ,2012,M,32263   ,5524 ,0.171217804
51      ,51    ,2012,M,30128   ,5038 ,0.167219862
52      ,52    ,2012,M,28189   ,4590 ,0.162829472
53      ,53    ,2012,M,26446   ,4163 ,0.15741511
54      ,54    ,2012,M,24916   ,3745 ,0.150305025
55      ,55    ,2012,M,23601   ,3340 ,0.141519427
56      ,56    ,2012,M,22489   ,2966 ,0.1318867
57      ,57    ,2012,M,21500   ,2632 ,0.122418605
58      ,58    ,2012,M,20567   ,2350 ,0.114260709
59      ,59    ,2012,M,20000   ,2119 ,0.10595
60      ,60    ,2012,M,19918   ,1937 ,0.09724872
61      ,61    ,2012,M,20127   ,1788 ,0.088835892
62      ,62    ,2012,M,20342   ,1660 ,0.081604562
63      ,63    ,2012,M,20653   ,1535 ,0.074323343
64      ,64    ,2012,M,20575   ,1404 ,0.068238153
65      ,65    ,2012,M,19849   ,1261 ,0.063529649
66      ,66    ,2012,M,18693   ,1115 ,0.059647997
67      ,67    ,2012,M,17601   ,977  ,0.05550821
68      ,68    ,2012,M,16493   ,854  ,0.051779543
69      ,69    ,2012,M,15357   ,745  ,0.048512079
70      ,70    ,2012,M,14241   ,648  ,0.045502423
71      ,71    ,2012,M,13140   ,563  ,0.042846271
72      ,72    ,2012,M,11998   ,486  ,0.040506751
73      ,73    ,2012,M,10829   ,417  ,0.038507711
74      ,74    ,2012,M,9733    ,356  ,0.036576595
75      ,75    ,2012,M,8759    ,304  ,0.034707158
76      ,76    ,2012,M,7875    ,258  ,0.032761905
77      ,77    ,2012,M,7010    ,218  ,0.031098431
78      ,78    ,2012,M,6180    ,182  ,0.029449838
79      ,79    ,2012,M,5394    ,151  ,0.027994067
80      ,80    ,2012,M,4653    ,430  ,0.092413497
0       ,0     ,2013,M,290845  ,2883 ,0.009912496
1       ,1     ,2013,M,289015  ,3404 ,0.011777935
2       ,2     ,2013,M,285831  ,3905 ,0.013661919
3       ,3     ,2013,M,288816  ,4698 ,0.016266412
4       ,4     ,2013,M,280121  ,4856 ,0.017335366
5       ,5     ,2013,M,271287  ,4856 ,0.017899863
6       ,6     ,2013,M,262416  ,4995 ,0.019034663
7       ,7     ,2013,M,253608  ,4932 ,0.019447336
8       ,8     ,2013,M,244787  ,4928 ,0.020131788
9       ,9     ,2013,M,235873  ,4871 ,0.020650944
10      ,10    ,2013,M,227870  ,4774 ,0.020950542
11      ,11    ,2013,M,221240  ,4642 ,0.020981739
12      ,12    ,2013,M,215543  ,4495 ,0.020854307
13      ,13    ,2013,M,209885  ,4315 ,0.020558877
14      ,14    ,2013,M,204449  ,4100 ,0.020053901
15      ,15    ,2013,M,198926  ,3623 ,0.018212803
16      ,16    ,2013,M,193075  ,3332 ,0.017257542
17      ,17    ,2013,M,187062  ,3113 ,0.016641541
18      ,18    ,2013,M,181236  ,3041 ,0.016779227
19      ,19    ,2013,M,175448  ,3138 ,0.017885641
20      ,20    ,2013,M,169965  ,3398 ,0.019992351
21      ,21    ,2013,M,164927  ,3843 ,0.023301218
22      ,22    ,2013,M,160134  ,4560 ,0.028476151
23      ,23    ,2013,M,155365  ,5292 ,0.034061726
24      ,24    ,2013,M,150815  ,6046 ,0.040088851
25      ,25    ,2013,M,145543  ,6658 ,0.045745931
26      ,26    ,2013,M,139106  ,7243 ,0.052068207
27      ,27    ,2013,M,132006  ,7743 ,0.058656425
28      ,28    ,2013,M,125097  ,8245 ,0.065908855
29      ,29    ,2013,M,118097  ,8911 ,0.075454923
30      ,30    ,2013,M,112025  ,9719 ,0.08675742
31      ,31    ,2013,M,107439  ,10533,0.098037026
32      ,32    ,2013,M,103813  ,11311,0.108955526
33      ,33    ,2013,M,100096  ,12017,0.120054747
34      ,34    ,2013,M,96537   ,12590,0.130416317
35      ,35    ,2013,M,92638   ,12912,0.139381247
36      ,36    ,2013,M,88059   ,13067,0.148389148
37      ,37    ,2013,M,83080   ,13061,0.157209918
38      ,38    ,2013,M,78343   ,12909,0.164775411
39      ,39    ,2013,M,73746   ,12627,0.171222846
40      ,40    ,2013,M,69253   ,12233,0.176642167
41      ,41    ,2013,M,64920   ,11745,0.180914972
42      ,42    ,2013,M,60745   ,11180,0.18404807
43      ,43    ,2013,M,56671   ,9713 ,0.171392776
44      ,44    ,2013,M,52714   ,9339 ,0.177163562
45      ,45    ,2013,M,48994   ,8990 ,0.183491856
46      ,46    ,2013,M,45565   ,8598 ,0.188697465
47      ,47    ,2013,M,42395   ,8177 ,0.192876518
48      ,48    ,2013,M,39394   ,7138 ,0.181195106
49      ,49    ,2013,M,36573   ,6452 ,0.176414295
50      ,50    ,2013,M,33989   ,5849 ,0.172085086
51      ,51    ,2013,M,31659   ,5322 ,0.168103857
52      ,52    ,2013,M,29565   ,4854 ,0.164180619
53      ,53    ,2013,M,27664   ,4421 ,0.159810584
54      ,54    ,2013,M,25958   ,4009 ,0.154441791
55      ,55    ,2013,M,24460   ,3606 ,0.147424366
56      ,56    ,2013,M,23169   ,3215 ,0.138763002
57      ,57    ,2013,M,22075   ,2854 ,0.129286523
58      ,58    ,2013,M,21101   ,2532 ,0.119994313
59      ,59    ,2013,M,20182   ,2259 ,0.111931424
60      ,60    ,2013,M,19617   ,2036 ,0.103787531
61      ,61    ,2013,M,19522   ,1860 ,0.095277123
62      ,62    ,2013,M,19707   ,1715 ,0.087024915
63      ,63    ,2013,M,19896   ,1590 ,0.079915561
64      ,64    ,2013,M,20178   ,1469 ,0.072802062
65      ,65    ,2013,M,20074   ,1341 ,0.06680283
66      ,66    ,2013,M,19329   ,1202 ,0.062186352
67      ,67    ,2013,M,18157   ,1061 ,0.058434763
68      ,68    ,2013,M,17049   ,928  ,0.054431345
69      ,69    ,2013,M,15925   ,809  ,0.050800628
70      ,70    ,2013,M,14773   ,703  ,0.047586814
71      ,71    ,2013,M,13642   ,609  ,0.044641548
72      ,72    ,2013,M,12526   ,527  ,0.042072489
73      ,73    ,2013,M,11373   ,453  ,0.039831179
74      ,74    ,2013,M,10196   ,386  ,0.037857984
75      ,75    ,2013,M,9096    ,328  ,0.036059807
76      ,76    ,2013,M,8121    ,277  ,0.0341091
77      ,77    ,2013,M,7243    ,233  ,0.032168991
78      ,78    ,2013,M,6386    ,195  ,0.030535547
79      ,79    ,2013,M,5566    ,161  ,0.02892562
80      ,80    ,2013,M,4801    ,469  ,0.097687982
0       ,0     ,2014,M,289080  ,2624 ,0.009077072
1       ,1     ,2014,M,290389  ,3060 ,0.010537589
2       ,2     ,2014,M,289675  ,3417 ,0.011795978
3       ,3     ,2014,M,287167  ,3773 ,0.013138696
4       ,4     ,2014,M,286357  ,4534 ,0.015833383
5       ,5     ,2014,M,278939  ,4732 ,0.016964283
6       ,6     ,2014,M,270962  ,4724 ,0.017434179
7       ,7     ,2014,M,262593  ,4851 ,0.018473455
8       ,8     ,2014,M,254000  ,4783 ,0.018830709
9       ,9     ,2014,M,245110  ,4775 ,0.019481049
10      ,10    ,2014,M,235849  ,4719 ,0.020008565
11      ,11    ,2014,M,227588  ,4618 ,0.020291052
12      ,12    ,2014,M,220973  ,4482 ,0.020283021
13      ,13    ,2014,M,215451  ,4332 ,0.02010666
14      ,14    ,2014,M,209825  ,4155 ,0.019802216
15      ,15    ,2014,M,204339  ,3718 ,0.018195254
16      ,16    ,2014,M,198776  ,3453 ,0.017371312
17      ,17    ,2014,M,192907  ,3273 ,0.016966725
18      ,18    ,2014,M,186893  ,3189 ,0.017063239
19      ,19    ,2014,M,181052  ,3278 ,0.018105296
20      ,20    ,2014,M,175244  ,3538 ,0.020188994
21      ,21    ,2014,M,169740  ,3936 ,0.023188406
22      ,22    ,2014,M,164680  ,4485 ,0.027234637
23      ,23    ,2014,M,159864  ,5275 ,0.032996797
24      ,24    ,2014,M,155071  ,6020 ,0.038820927
25      ,25    ,2014,M,150493  ,6765 ,0.044952257
26      ,26    ,2014,M,145194  ,7325 ,0.050449743
27      ,27    ,2014,M,138733  ,7843 ,0.056533053
28      ,28    ,2014,M,131610  ,8260 ,0.062761188
29      ,29    ,2014,M,124676  ,8680 ,0.069620456
30      ,30    ,2014,M,117651  ,9273 ,0.07881786
31      ,31    ,2014,M,111543  ,10014,0.089777037
32      ,32    ,2014,M,106903  ,10761,0.100661347
33      ,33    ,2014,M,103214  ,11474,0.11116709
34      ,34    ,2014,M,99436   ,12115,0.121837162
35      ,35    ,2014,M,95819   ,12553,0.13100742
36      ,36    ,2014,M,91863   ,12802,0.139359699
37      ,37    ,2014,M,87229   ,12893,0.147806349
38      ,38    ,2014,M,82199   ,12836,0.156157617
39      ,39    ,2014,M,77416   ,12648,0.16337708
40      ,40    ,2014,M,72772   ,12341,0.169584456
41      ,41    ,2014,M,68255   ,11930,0.17478573
42      ,42    ,2014,M,63928   ,11435,0.178873107
43      ,43    ,2014,M,59780   ,10871,0.181850117
44      ,44    ,2014,M,55736   ,9433 ,0.169244295
45      ,45    ,2014,M,51813   ,9110 ,0.1758246
46      ,46    ,2014,M,48131   ,8737 ,0.18152542
47      ,47    ,2014,M,44739   ,8338 ,0.186369834
48      ,48    ,2014,M,41608   ,7920 ,0.19034801
49      ,49    ,2014,M,38648   ,6910 ,0.178793211
50      ,50    ,2014,M,35871   ,6244 ,0.174068189
51      ,51    ,2014,M,33331   ,5659 ,0.169781885
52      ,52    ,2014,M,31044   ,5148 ,0.165829146
53      ,53    ,2014,M,28991   ,4693 ,0.161877824
54      ,54    ,2014,M,27130   ,4274 ,0.157537781
55      ,55    ,2014,M,25461   ,3874 ,0.152154275
56      ,56    ,2014,M,23995   ,3483 ,0.145155241
57      ,57    ,2014,M,22729   ,3104 ,0.136565621
58      ,58    ,2014,M,21654   ,2754 ,0.127182045
59      ,59    ,2014,M,20696   ,2442 ,0.117993815
60      ,60    ,2014,M,19791   ,2177 ,0.109999495
61      ,61    ,2014,M,19228   ,1960 ,0.101934679
62      ,62    ,2014,M,19119   ,1789 ,0.09357184
63      ,63    ,2014,M,19280   ,1648 ,0.085477178
64      ,64    ,2014,M,19443   ,1526 ,0.07848583
65      ,65    ,2014,M,19696   ,1408 ,0.071486596
66      ,66    ,2014,M,19566   ,1283 ,0.065572933
67      ,67    ,2014,M,18801   ,1148 ,0.061060582
68      ,68    ,2014,M,17615   ,1011 ,0.057394266
69      ,69    ,2014,M,16491   ,881  ,0.053423079
70      ,70    ,2014,M,15352   ,766  ,0.049895779
71      ,71    ,2014,M,14185   ,662  ,0.046669017
72      ,72    ,2014,M,13038   ,572  ,0.043871759
73      ,73    ,2014,M,11908   ,493  ,0.041400739
74      ,74    ,2014,M,10744   ,421  ,0.039184661
75      ,75    ,2014,M,9558    ,356  ,0.037246286
76      ,76    ,2014,M,8454    ,300  ,0.03548616
77      ,77    ,2014,M,7480    ,251  ,0.03355615
78      ,78    ,2014,M,6607    ,210  ,0.031784471
79      ,79    ,2014,M,5758    ,173  ,0.030045155
80      ,80    ,2014,M,4950    ,512  ,0.103434343
0       ,0     ,2015,M,291506  ,1912 ,0.006559042
1       ,1     ,2015,M,293751  ,2619 ,0.008915714
2       ,2     ,2015,M,293854  ,3058 ,0.010406528
3       ,3     ,2015,M,292049  ,3320 ,0.011367955
4       ,4     ,2015,M,288568  ,3653 ,0.012659061
5       ,5     ,2015,M,283644  ,4425 ,0.015600542
6       ,6     ,2015,M,277509  ,4616 ,0.016633695
7       ,7     ,2015,M,270396  ,4590 ,0.016975103
8       ,8     ,2015,M,262538  ,4706 ,0.017925024
9       ,9     ,2015,M,254167  ,4636 ,0.018239976
10      ,10    ,2015,M,245216  ,4633 ,0.018893547
11      ,11    ,2015,M,235617  ,4573 ,0.019408617
12      ,12    ,2015,M,227104  ,4465 ,0.019660596
13      ,13    ,2015,M,220510  ,4324 ,0.019609088
14      ,14    ,2015,M,215168  ,4175 ,0.019403443
15      ,15    ,2015,M,209579  ,3786 ,0.018064787
16      ,16    ,2015,M,204049  ,3546 ,0.017378179
17      ,17    ,2015,M,198450  ,3385 ,0.017057193
18      ,18    ,2015,M,192570  ,3332 ,0.017302799
19      ,19    ,2015,M,186558  ,3402 ,0.018235616
20      ,20    ,2015,M,180708  ,3641 ,0.020148527
21      ,21    ,2015,M,174885  ,4027 ,0.02302656
22      ,22    ,2015,M,169365  ,4521 ,0.026693827
23      ,23    ,2015,M,164288  ,5122 ,0.031176958
24      ,24    ,2015,M,159453  ,5945 ,0.037283714
25      ,25    ,2015,M,154639  ,6696 ,0.043300849
26      ,26    ,2015,M,150038  ,7415 ,0.049420813
27      ,27    ,2015,M,144717  ,7913 ,0.054679132
28      ,28    ,2015,M,138238  ,8355 ,0.060439242
29      ,29    ,2015,M,131098  ,8688 ,0.066271034
30      ,30    ,2015,M,124144  ,9028 ,0.072722
31      ,31    ,2015,M,117101  ,9552 ,0.08157061
32      ,32    ,2015,M,110962  ,10231,0.092202736
33      ,33    ,2015,M,106273  ,10918,0.102735408
34      ,34    ,2015,M,102523  ,11572,0.112872234
35      ,35    ,2015,M,98688   ,12094,0.122547827
36      ,36    ,2015,M,95015   ,12463,0.131168763
37      ,37    ,2015,M,91006   ,12649,0.138990836
38      ,38    ,2015,M,86321   ,12690,0.147009418
39      ,39    ,2015,M,81245   ,12598,0.15506185
40      ,40    ,2015,M,76418   ,12383,0.162042974
41      ,41    ,2015,M,71734   ,12058,0.168093233
42      ,42    ,2015,M,67197   ,11638,0.173192256
43      ,43    ,2015,M,62879   ,11140,0.177165667
44      ,44    ,2015,M,58761   ,10578,0.180017358
45      ,45    ,2015,M,54750   ,9218 ,0.168365297
46      ,46    ,2015,M,50866   ,8873 ,0.174438721
47      ,47    ,2015,M,47224   ,8493 ,0.179844994
48      ,48    ,2015,M,43873   ,8096 ,0.184532628
49      ,49    ,2015,M,40783   ,7687 ,0.188485398
50      ,50    ,2015,M,37868   ,6704 ,0.17703602
51      ,51    ,2015,M,35138   ,6055 ,0.172320565
52      ,52    ,2015,M,32644   ,5486 ,0.168055385
53      ,53    ,2015,M,30402   ,4988 ,0.164068153
54      ,54    ,2015,M,28392   ,4545 ,0.160080304
55      ,55    ,2015,M,26572   ,4137 ,0.1556902
56      ,56    ,2015,M,24941   ,3748 ,0.150274648
57      ,57    ,2015,M,23508   ,3368 ,0.143270376
58      ,58    ,2015,M,22269   ,3000 ,0.134716422
59      ,59    ,2015,M,21214   ,2660 ,0.125388894
60      ,60    ,2015,M,20272   ,2356 ,0.116219416
61      ,61    ,2015,M,19382   ,2099 ,0.108296357
62      ,62    ,2015,M,18822   ,1889 ,0.100361279
63      ,63    ,2015,M,18699   ,1722 ,0.092090486
64      ,64    ,2015,M,18835   ,1584 ,0.084098752
65      ,65    ,2015,M,18973   ,1465 ,0.07721499
66      ,66    ,2015,M,19197   ,1349 ,0.070271397
67      ,67    ,2015,M,19041   ,1227 ,0.064439893
68      ,68    ,2015,M,18257   ,1095 ,0.059976995
69      ,69    ,2015,M,17057   ,962  ,0.056399132
70      ,70    ,2015,M,15918   ,836  ,0.052519161
71      ,71    ,2015,M,14764   ,723  ,0.048970469
72      ,72    ,2015,M,13583   ,623  ,0.045866156
73      ,73    ,2015,M,12422   ,535  ,0.043068749
74      ,74    ,2015,M,11279   ,459  ,0.040695097
75      ,75    ,2015,M,10105   ,389  ,0.038495794
76      ,76    ,2015,M,8912    ,327  ,0.036692101
77      ,77    ,2015,M,7805    ,273  ,0.034977578
78      ,78    ,2015,M,6832    ,226  ,0.033079625
79      ,79    ,2015,M,5965    ,187  ,0.031349539
80      ,80    ,2015,M,5125    ,560  ,0.109268293
0       ,0     ,2016,M,299850  ,1514 ,0.005049191
1       ,1     ,2016,M,293135  ,1993 ,0.006798915
2       ,2     ,2016,M,293836  ,2605 ,0.00886549
3       ,3     ,2016,M,293024  ,2980 ,0.010169815
4       ,4     ,2016,M,290821  ,3237 ,0.011130558
5       ,5     ,2016,M,287353  ,3573 ,0.012434184
6       ,6     ,2016,M,282856  ,4319 ,0.015269254
7       ,7     ,2016,M,277568  ,4496 ,0.016197833
8       ,8     ,2016,M,271045  ,4454 ,0.016432696
9       ,9     ,2016,M,263184  ,4562 ,0.01733388
10      ,10    ,2016,M,254449  ,4501 ,0.017689203
11      ,11    ,2016,M,245340  ,4497 ,0.018329665
12      ,12    ,2016,M,235679  ,4430 ,0.018796753
13      ,13    ,2016,M,227107  ,4316 ,0.019004258
14      ,14    ,2016,M,220472  ,4174 ,0.018932109
15      ,15    ,2016,M,215097  ,3819 ,0.01775478
16      ,16    ,2016,M,209467  ,3618 ,0.01727241
17      ,17    ,2016,M,203890  ,3473 ,0.017033695
18      ,18    ,2016,M,198250  ,3432 ,0.017311475
19      ,19    ,2016,M,192338  ,3523 ,0.018316713
20      ,20    ,2016,M,186301  ,3737 ,0.020058937
21      ,21    ,2016,M,180425  ,4095 ,0.022696411
22      ,22    ,2016,M,174575  ,4566 ,0.026154948
23      ,23    ,2016,M,169031  ,5109 ,0.030225225
24      ,24    ,2016,M,163934  ,5727 ,0.034934791
25      ,25    ,2016,M,159082  ,6579 ,0.04135603
26      ,26    ,2016,M,154250  ,7315 ,0.047423015
27      ,27    ,2016,M,149631  ,7996 ,0.053438124
28      ,28    ,2016,M,144287  ,8424 ,0.058383638
29      ,29    ,2016,M,137776  ,8786 ,0.063770178
30      ,30    ,2016,M,130597  ,9037 ,0.069197608
31      ,31    ,2016,M,123606  ,9302 ,0.075255247
32      ,32    ,2016,M,116529  ,9762 ,0.083773138
33      ,33    ,2016,M,110348  ,10385,0.094111357
34      ,34    ,2016,M,105606  ,11018,0.104331193
35      ,35    ,2016,M,101798  ,11564,0.113597517
36      ,36    ,2016,M,97908   ,12021,0.122778527
37      ,37    ,2016,M,94182   ,12329,0.130906118
38      ,38    ,2016,M,90136   ,12465,0.138291027
39      ,39    ,2016,M,85440   ,12470,0.145950375
40      ,40    ,2016,M,80373   ,12350,0.153658567
41      ,41    ,2016,M,75557   ,12115,0.160342523
42      ,42    ,2016,M,70887   ,11777,0.166137656
43      ,43    ,2016,M,66367   ,11351,0.171033797
44      ,44    ,2016,M,62067   ,10853,0.174859426
45      ,45    ,2016,M,57969   ,10353,0.178595456
46      ,46    ,2016,M,53981   ,8992 ,0.166577129
47      ,47    ,2016,M,50124   ,8640 ,0.172372516
48      ,48    ,2016,M,46510   ,8260 ,0.177596216
49      ,49    ,2016,M,43189   ,7871 ,0.182245479
50      ,50    ,2016,M,40129   ,7470 ,0.186149667
51      ,51    ,2016,M,37244   ,6512 ,0.174846955
52      ,52    ,2016,M,34544   ,5879 ,0.170188745
53      ,53    ,2016,M,32079   ,5323 ,0.1659341
54      ,54    ,2016,M,29864   ,4838 ,0.162001072
55      ,55    ,2016,M,27878   ,4406 ,0.158045771
56      ,56    ,2016,M,26080   ,4008 ,0.153680982
57      ,57    ,2016,M,24469   ,3629 ,0.148310107
58      ,58    ,2016,M,23052   ,3258 ,0.141332639
59      ,59    ,2016,M,21826   ,2900 ,0.132869055
60      ,60    ,2016,M,20781   ,2569 ,0.12362254
61      ,61    ,2016,M,19846   ,2274 ,0.114582284
62      ,62    ,2016,M,18961   ,2024 ,0.106745425
63      ,63    ,2016,M,18392   ,1819 ,0.098901696
64      ,64    ,2016,M,18240   ,1656 ,0.090789474
65      ,65    ,2016,M,18333   ,1521 ,0.082965145
66      ,66    ,2016,M,18429   ,1405 ,0.076238537
67      ,67    ,2016,M,18610   ,1291 ,0.069371306
68      ,68    ,2016,M,18414   ,1172 ,0.063647225
69      ,69    ,2016,M,17597   ,1043 ,0.059271467
70      ,70    ,2016,M,16370   ,913  ,0.055772755
71      ,71    ,2016,M,15205   ,790  ,0.051956593
72      ,72    ,2016,M,14027   ,681  ,0.048549226
73      ,73    ,2016,M,12831   ,584  ,0.045514769
74      ,74    ,2016,M,11669   ,499  ,0.042762876
75      ,75    ,2016,M,10536   ,424  ,0.040242976
76      ,76    ,2016,M,9376    ,357  ,0.038075939
77      ,77    ,2016,M,8201    ,297  ,0.036215096
78      ,78    ,2016,M,7120    ,246  ,0.034550562
79      ,79    ,2016,M,6183    ,202  ,0.032670225
80      ,80    ,2016,M,5360    ,611  ,0.113992537
0       ,0     ,2017,M,312131  ,1232 ,0.003947061
1       ,1     ,2017,M,308606  ,1568 ,0.005080912
2       ,2     ,2017,M,294261  ,1997 ,0.006786492
3       ,3     ,2017,M,293416  ,2538 ,0.008649835
4       ,4     ,2017,M,291688  ,2915 ,0.009993555
5       ,5     ,2017,M,289092  ,3181 ,0.011003418
6       ,6     ,2017,M,285642  ,3502 ,0.012260102
7       ,7     ,2017,M,281581  ,4218 ,0.014979704
8       ,8     ,2017,M,277150  ,4383 ,0.015814541
9       ,9     ,2017,M,271228  ,4327 ,0.015953368
10      ,10    ,2017,M,263377  ,4438 ,0.01685037
11      ,11    ,2017,M,254293  ,4375 ,0.017204563
12      ,12    ,2017,M,245043  ,4365 ,0.0178132
13      ,13    ,2017,M,235335  ,4291 ,0.018233582
14      ,14    ,2017,M,226720  ,4174 ,0.018410374
15      ,15    ,2017,M,220054  ,3850 ,0.017495706
16      ,16    ,2017,M,214656  ,3652 ,0.017013268
17      ,17    ,2017,M,208994  ,3539 ,0.0169335
18      ,18    ,2017,M,203380  ,3504 ,0.017228833
19      ,19    ,2017,M,197708  ,3596 ,0.01818844
20      ,20    ,2017,M,191775  ,3822 ,0.019929605
21      ,21    ,2017,M,185723  ,4149 ,0.022339721
22      ,22    ,2017,M,179831  ,4585 ,0.02549616
23      ,23    ,2017,M,173965  ,5098 ,0.029304745
24      ,24    ,2017,M,168406  ,5656 ,0.033585502
25      ,25    ,2017,M,163299  ,6292 ,0.038530548
26      ,26    ,2017,M,158437  ,7150 ,0.045128348
27      ,27    ,2017,M,153595  ,7860 ,0.051173541
28      ,28    ,2017,M,148967  ,8492 ,0.057005914
29      ,29    ,2017,M,143609  ,8846 ,0.061597811
30      ,30    ,2017,M,137076  ,9132 ,0.066619977
31      ,31    ,2017,M,129870  ,9308 ,0.071671672
32      ,32    ,2017,M,122855  ,9507 ,0.077383908
33      ,33    ,2017,M,115755  ,9911 ,0.085620492
34      ,34    ,2017,M,109543  ,10483,0.09569758
35      ,35    ,2017,M,104757  ,11021,0.10520538
36      ,36    ,2017,M,100897  ,11508,0.11405691
37      ,37    ,2017,M,96959   ,11910,0.122835425
38      ,38    ,2017,M,93185   ,12170,0.130600419
39      ,39    ,2017,M,89109   ,12269,0.137685307
40      ,40    ,2017,M,84412   ,12244,0.145050467
41      ,41    ,2017,M,79362   ,12102,0.152491117
42      ,42    ,2017,M,74564   ,11853,0.158964111
43      ,43    ,2017,M,69916   ,11506,0.164568911
44      ,44    ,2017,M,65421   ,11077,0.16931872
45      ,45    ,2017,M,61147   ,10638,0.173974193
46      ,46    ,2017,M,57075   ,10121,0.177328077
47      ,47    ,2017,M,53119   ,8775 ,0.165195128
48      ,48    ,2017,M,49294   ,8422 ,0.170852436
49      ,49    ,2017,M,45715   ,8047 ,0.176025375
50      ,50    ,2017,M,42430   ,7663 ,0.180603347
51      ,51    ,2017,M,39405   ,7270 ,0.184494354
52      ,52    ,2017,M,36556   ,6334 ,0.17326841
53      ,53    ,2017,M,33890   ,5715 ,0.168633815
54      ,54    ,2017,M,31459   ,5171 ,0.164372676
55      ,55    ,2017,M,29274   ,4697 ,0.160449546
56      ,56    ,2017,M,27317   ,4274 ,0.156459348
57      ,57    ,2017,M,25544   ,3885 ,0.15209051
58      ,58    ,2017,M,23954   ,3515 ,0.146739584
59      ,59    ,2017,M,22555   ,3154 ,0.139835957
60      ,60    ,2017,M,21345   ,2805 ,0.131412509
61      ,61    ,2017,M,20311   ,2483 ,0.122249028
62      ,62    ,2017,M,19384   ,2195 ,0.113237722
63      ,63    ,2017,M,18507   ,1952 ,0.105473605
64      ,64    ,2017,M,17930   ,1752 ,0.09771333
65      ,65    ,2017,M,17748   ,1593 ,0.089756592
66      ,66    ,2017,M,17799   ,1461 ,0.082083263
67      ,67    ,2017,M,17852   ,1346 ,0.075397715
68      ,68    ,2017,M,17990   ,1234 ,0.068593663
69      ,69    ,2017,M,17755   ,1117 ,0.062911856
70      ,70    ,2017,M,16907   ,992  ,0.058673922
71      ,71    ,2017,M,15654   ,864  ,0.055193561
72      ,72    ,2017,M,14464   ,745  ,0.05150719
73      ,73    ,2017,M,13264   ,639  ,0.048175513
74      ,74    ,2017,M,12056   ,545  ,0.045205707
75      ,75    ,2017,M,10896   ,462  ,0.042400881
76      ,76    ,2017,M,9774    ,390  ,0.03990178
77      ,77    ,2017,M,8630    ,325  ,0.037659328
78      ,78    ,2017,M,7475    ,268  ,0.035852843
79      ,79    ,2017,M,6422    ,220  ,0.034257241
80      ,80    ,2017,M,5523    ,668  ,0.12094876
0       ,0     ,2018,M,326443  ,988  ,0.003026562
1       ,1     ,2018,M,317915  ,1255 ,0.003947596
2       ,2     ,2018,M,310266  ,1569 ,0.005056951
3       ,3     ,2018,M,295144  ,1954 ,0.006620497
4       ,4     ,2018,M,292755  ,2482 ,0.008478079
5       ,5     ,2018,M,290113  ,2870 ,0.009892697
6       ,6     ,2018,M,287126  ,3130 ,0.010901137
7       ,7     ,2018,M,283698  ,3433 ,0.012100896
8       ,8     ,2018,M,280076  ,4122 ,0.014717434
9       ,9     ,2018,M,276503  ,4278 ,0.015471803
10      ,10    ,2018,M,271188  ,4221 ,0.015564848
11      ,11    ,2018,M,263354  ,4325 ,0.016422762
12      ,12    ,2018,M,253927  ,4256 ,0.016760723
13      ,13    ,2018,M,244544  ,4240 ,0.017338393
14      ,14    ,2018,M,234798  ,4162 ,0.017725875
15      ,15    ,2018,M,226147  ,3860 ,0.017068544
16      ,16    ,2018,M,219455  ,3695 ,0.016837165
17      ,17    ,2018,M,214038  ,3574 ,0.01669797
18      ,18    ,2018,M,208350  ,3566 ,0.017115431
19      ,19    ,2018,M,202703  ,3661 ,0.018060907
20      ,20    ,2018,M,197004  ,3886 ,0.019725488
21      ,21    ,2018,M,191055  ,4222 ,0.022098349
22      ,22    ,2018,M,184993  ,4630 ,0.025027974
23      ,23    ,2018,M,179090  ,5107 ,0.028516388
24      ,24    ,2018,M,173211  ,5631 ,0.032509483
25      ,25    ,2018,M,167643  ,6206 ,0.037019142
26      ,26    ,2018,M,162529  ,6835 ,0.042054033
27      ,27    ,2018,M,157662  ,7687 ,0.0487562
28      ,28    ,2018,M,152815  ,8357 ,0.05468704
29      ,29    ,2018,M,148180  ,8933 ,0.060284789
30      ,30    ,2018,M,142813  ,9212 ,0.064503932
31      ,31    ,2018,M,136264  ,9424 ,0.069159866
32      ,32    ,2018,M,129038  ,9529 ,0.073846464
33      ,33    ,2018,M,122003  ,9665 ,0.079219363
34      ,34    ,2018,M,114887  ,10016,0.087181317
35      ,35    ,2018,M,108649  ,10491,0.096558643
36      ,36    ,2018,M,103822  ,10972,0.105680877
37      ,37    ,2018,M,99914   ,11403,0.11412815
38      ,38    ,2018,M,95931   ,11755,0.122535989
39      ,39    ,2018,M,92113   ,11974,0.129992509
40      ,40    ,2018,M,88010   ,12040,0.136802636
41      ,41    ,2018,M,83315   ,11991,0.143923663
42      ,42    ,2018,M,78287   ,11831,0.15112343
43      ,43    ,2018,M,73511   ,11570,0.157391411
44      ,44    ,2018,M,68889   ,11217,0.162827157
45      ,45    ,2018,M,64423   ,10855,0.168495724
46      ,46    ,2018,M,60178   ,10394,0.172720928
47      ,47    ,2018,M,56136   ,9870 ,0.175823001
48      ,48    ,2018,M,52213   ,8547 ,0.163694865
49      ,49    ,2018,M,48425   ,8197 ,0.16927207
50      ,50    ,2018,M,44884   ,7828 ,0.174405133
51      ,51    ,2018,M,41636   ,7451 ,0.178955711
52      ,52    ,2018,M,38650   ,7065 ,0.182794308
53      ,53    ,2018,M,35838   ,6151 ,0.171633462
54      ,54    ,2018,M,33209   ,5546 ,0.167002921
55      ,55    ,2018,M,30813   ,5015 ,0.16275598
56      ,56    ,2018,M,28661   ,4551 ,0.158787202
57      ,57    ,2018,M,26733   ,4138 ,0.15478996
58      ,58    ,2018,M,24987   ,3758 ,0.150398207
59      ,59    ,2018,M,23419   ,3397 ,0.145053162
60      ,60    ,2018,M,22041   ,3045 ,0.138151627
61      ,61    ,2018,M,20847   ,2706 ,0.129802849
62      ,62    ,2018,M,19825   ,2393 ,0.120706179
63      ,63    ,2018,M,18907   ,2113 ,0.11175755
64      ,64    ,2018,M,18037   ,1876 ,0.104008427
65      ,65    ,2018,M,17453   ,1682 ,0.096373116
66      ,66    ,2018,M,17242   ,1527 ,0.088562812
67      ,67    ,2018,M,17250   ,1398 ,0.081043478
68      ,68    ,2018,M,17262   ,1285 ,0.074440969
69      ,69    ,2018,M,17357   ,1175 ,0.06769603
70      ,70    ,2018,M,17082   ,1060 ,0.062053624
71      ,71    ,2018,M,16202   ,937  ,0.057832366
72      ,72    ,2018,M,14926   ,813  ,0.054468712
73      ,73    ,2018,M,13713   ,698  ,0.050900605
74      ,74    ,2018,M,12491   ,595  ,0.047634297
75      ,75    ,2018,M,11272   ,504  ,0.044712562
76      ,76    ,2018,M,10114   ,424  ,0.041922088
77      ,77    ,2018,M,9005    ,355  ,0.039422543
78      ,78    ,2018,M,7877    ,293  ,0.037196902
79      ,79    ,2018,M,6743    ,240  ,0.035592466
80      ,80    ,2018,M,5720    ,729  ,0.127447552
0       ,0     ,2019,M,340028  ,846  ,0.00248803
1       ,1     ,2019,M,327206  ,1056 ,0.003227325
2       ,2     ,2019,M,316383  ,1256 ,0.003969872
3       ,3     ,2019,M,307305  ,1534 ,0.004991783
4       ,4     ,2019,M,296140  ,1915 ,0.006466536
5       ,5     ,2019,M,292208  ,2442 ,0.008357061
6       ,6     ,2019,M,288654  ,2826 ,0.009790268
7       ,7     ,2019,M,285274  ,3079 ,0.010793132
8       ,8     ,2019,M,281867  ,3366 ,0.011941802
9       ,9     ,2019,M,278681  ,4030 ,0.014460979
10      ,10    ,2019,M,275965  ,4189 ,0.015179461
11      ,11    ,2019,M,271252  ,4121 ,0.015192515
12      ,12    ,2019,M,263432  ,4214 ,0.015996538
13      ,13    ,2019,M,253660  ,4138 ,0.016313175
14      ,14    ,2019,M,244140  ,4119 ,0.016871467
15      ,15    ,2019,M,234353  ,3892 ,0.016607426
16      ,16    ,2019,M,225662  ,3692 ,0.016360752
17      ,17    ,2019,M,218942  ,3609 ,0.016483818
18      ,18    ,2019,M,213504  ,3589 ,0.01680999
19      ,19    ,2019,M,207787  ,3706 ,0.017835572
20      ,20    ,2019,M,202105  ,3927 ,0.019430494
21      ,21    ,2019,M,196378  ,4258 ,0.021682673
22      ,22    ,2019,M,190410  ,4673 ,0.024541778
23      ,23    ,2019,M,184335  ,5122 ,0.027786367
24      ,24    ,2019,M,178419  ,5610 ,0.03144284
25      ,25    ,2019,M,172526  ,6150 ,0.035646801
26      ,26    ,2019,M,166946  ,6718 ,0.040240557
27      ,27    ,2019,M,161824  ,7329 ,0.045289945
28      ,28    ,2019,M,156949  ,8161 ,0.051997783
29      ,29    ,2019,M,152094  ,8784 ,0.057753758
30      ,30    ,2019,M,147453  ,9300 ,0.063070945
31      ,31    ,2019,M,142073  ,9508 ,0.066923342
32      ,32    ,2019,M,135506  ,9650 ,0.071214559
33      ,33    ,2019,M,128256  ,9691 ,0.075559818
34      ,34    ,2019,M,121199  ,9771 ,0.080619477
35      ,35    ,2019,M,114065  ,10030,0.087932319
36      ,36    ,2019,M,107798  ,10452,0.096959127
37      ,37    ,2019,M,102928  ,10879,0.105695243
38      ,38    ,2019,M,98971   ,11263,0.113801012
39      ,39    ,2019,M,94942   ,11575,0.121916539
40      ,40    ,2019,M,91077   ,11760,0.129121513
41      ,41    ,2019,M,86947   ,11799,0.13570336
42      ,42    ,2019,M,82252   ,11729,0.142598356
43      ,43    ,2019,M,77244   ,11555,0.149590907
44      ,44    ,2019,M,72489   ,11285,0.155678793
45      ,45    ,2019,M,67890   ,10996,0.161967889
46      ,46    ,2019,M,63451   ,10610,0.167215647
47      ,47    ,2019,M,59233   ,10140,0.171188358
48      ,48    ,2019,M,55220   ,9618 ,0.174176023
49      ,49    ,2019,M,51329   ,8321 ,0.162111087
50      ,50    ,2019,M,47576   ,7976 ,0.167647553
51      ,51    ,2019,M,44071   ,7612 ,0.172721291
52      ,52    ,2019,M,40860   ,7242 ,0.177239354
53      ,53    ,2019,M,37910   ,6862 ,0.18100765
54      ,54    ,2019,M,35135   ,5970 ,0.169916038
55      ,55    ,2019,M,32542   ,5380 ,0.165324811
56      ,56    ,2019,M,30180   ,4860 ,0.161033797
57      ,57    ,2019,M,28059   ,4407 ,0.157061905
58      ,58    ,2019,M,26160   ,4004 ,0.153058104
59      ,59    ,2019,M,24440   ,3633 ,0.148649755
60      ,60    ,2019,M,22895   ,3280 ,0.143262721
61      ,61    ,2019,M,21535   ,2938 ,0.136429069
62      ,62    ,2019,M,20358   ,2608 ,0.128106887
63      ,63    ,2019,M,19348   ,2303 ,0.119030391
64      ,64    ,2019,M,18439   ,2032 ,0.110201204
65      ,65    ,2019,M,17576   ,1801 ,0.102469276
66      ,66    ,2019,M,16984   ,1612 ,0.094912859
67      ,67    ,2019,M,16744   ,1461 ,0.087255136
68      ,68    ,2019,M,16709   ,1334 ,0.079837213
69      ,69    ,2019,M,16679   ,1223 ,0.073325739
70      ,70    ,2019,M,16731   ,1115 ,0.066642759
71      ,71    ,2019,M,16417   ,1002 ,0.061034294
72      ,72    ,2019,M,15506   ,882  ,0.056881207
73      ,73    ,2019,M,14204   ,762  ,0.05364686
74      ,74    ,2019,M,12968   ,650  ,0.050123381
75      ,75    ,2019,M,11725   ,551  ,0.046993603
76      ,76    ,2019,M,10494   ,463  ,0.04412045
77      ,77    ,2019,M,9337    ,386  ,0.041340902
78      ,78    ,2019,M,8241    ,320  ,0.038830239
79      ,79    ,2019,M,7129    ,262  ,0.036751298
80      ,80    ,2019,M,6016    ,797  ,0.132480053
0       ,0     ,2020,M,350815  ,799  ,0.002277554
1       ,1     ,2020,M,335610  ,936  ,0.002788951
2       ,2     ,2020,M,322976  ,1072 ,0.003319132
3       ,3     ,2020,M,312600  ,1232 ,0.003941139
4       ,4     ,2020,M,304169  ,1504 ,0.00494462
5       ,5     ,2020,M,297371  ,1887 ,0.006345609
6       ,6     ,2020,M,291893  ,2405 ,0.008239321
7       ,7     ,2020,M,287424  ,2784 ,0.009686039
8       ,8     ,2020,M,283651  ,3029 ,0.010678616
9       ,9     ,2020,M,280261  ,3302 ,0.011781875
10      ,10    ,2020,M,277508  ,3955 ,0.014251841
11      ,11    ,2020,M,275647  ,4106 ,0.014895863
12      ,12    ,2020,M,271532  ,4022 ,0.01481225
13      ,13    ,2020,M,263720  ,4101 ,0.015550584
14      ,14    ,2020,M,253596  ,4024 ,0.015867758
15      ,15    ,2020,M,243930  ,3896 ,0.015971795
16      ,16    ,2020,M,234094  ,3750 ,0.016019206
17      ,17    ,2020,M,225357  ,3610 ,0.016019028
18      ,18    ,2020,M,218604  ,3617 ,0.0165459
19      ,19    ,2020,M,213141  ,3714 ,0.017425085
20      ,20    ,2020,M,207389  ,3950 ,0.019046333
21      ,21    ,2020,M,201669  ,4272 ,0.021183226
22      ,22    ,2020,M,195908  ,4678 ,0.023878555
23      ,23    ,2020,M,189916  ,5132 ,0.027022473
24      ,24    ,2020,M,183825  ,5594 ,0.030431117
25      ,25    ,2020,M,177890  ,6100 ,0.034290854
26      ,26    ,2020,M,171978  ,6632 ,0.038563072
27      ,27    ,2020,M,166382  ,7183 ,0.043171737
28      ,28    ,2020,M,161247  ,7766 ,0.048162136
29      ,29    ,2020,M,156362  ,8569 ,0.054802318
30      ,30    ,2020,M,151495  ,9142 ,0.060345226
31      ,31    ,2020,M,146842  ,9601 ,0.065383201
32      ,32    ,2020,M,141446  ,9743 ,0.068881411
33      ,33    ,2020,M,134856  ,9823 ,0.07284066
34      ,34    ,2020,M,127577  ,9808 ,0.076879061
35      ,35    ,2020,M,120493  ,9799 ,0.081324226
36      ,36    ,2020,M,113334  ,10008,0.088305363
37      ,37    ,2020,M,107034  ,10382,0.096997216
38      ,38    ,2020,M,102117  ,10766,0.105428087
39      ,39    ,2020,M,98107   ,11112,0.113264089
40      ,40    ,2020,M,94029   ,11390,0.121132842
41      ,41    ,2020,M,90115   ,11546,0.128125173
42      ,42    ,2020,M,85954   ,11563,0.134525444
43      ,43    ,2020,M,81256   ,11476,0.141232647
44      ,44    ,2020,M,76263   ,11290,0.148040334
45      ,45    ,2020,M,71524   ,11080,0.154913036
46      ,46    ,2020,M,66946   ,10767,0.160831118
47      ,47    ,2020,M,62530   ,10371,0.165856389
48      ,48    ,2020,M,58336   ,9901 ,0.16972367
49      ,49    ,2020,M,54348   ,9384 ,0.172665047
50      ,50    ,2020,M,50487   ,8112 ,0.160675025
51      ,51    ,2020,M,46765   ,7770 ,0.166149898
52      ,52    ,2020,M,43293   ,7411 ,0.171182408
53      ,53    ,2020,M,40116   ,7046 ,0.175640642
54      ,54    ,2020,M,37201   ,6672 ,0.179350017
55      ,55    ,2020,M,34460   ,5800 ,0.168311085
56      ,56    ,2020,M,31901   ,5222 ,0.163693928
57      ,57    ,2020,M,29571   ,4713 ,0.159379121
58      ,58    ,2020,M,27481   ,4270 ,0.155380081
59      ,59    ,2020,M,25609   ,3875 ,0.151313991
60      ,60    ,2020,M,23913   ,3512 ,0.146865722
61      ,61    ,2020,M,22389   ,3169 ,0.141542722
62      ,62    ,2020,M,21047   ,2835 ,0.134698532
63      ,63    ,2020,M,19885   ,2513 ,0.126376666
64      ,64    ,2020,M,18886   ,2217 ,0.117388542
65      ,65    ,2020,M,17985   ,1953 ,0.108590492
66      ,66    ,2020,M,17129   ,1728 ,0.100881546
67      ,67    ,2020,M,16528   ,1544 ,0.093417231
68      ,68    ,2020,M,16260   ,1396 ,0.085854859
69      ,69    ,2020,M,16182   ,1272 ,0.078605858
70      ,70    ,2020,M,16109   ,1162 ,0.07213359
71      ,71    ,2020,M,16118   ,1056 ,0.065516814
72      ,72    ,2020,M,15765   ,945  ,0.059942912
73      ,73    ,2020,M,14822   ,828  ,0.055862906
74      ,74    ,2020,M,13495   ,711  ,0.05268618
75      ,75    ,2020,M,12233   ,603  ,0.049292896
76      ,76    ,2020,M,10968   ,507  ,0.046225383
77      ,77    ,2020,M,9725    ,422  ,0.043393316
78      ,78    ,2020,M,8569    ,349  ,0.040728206
79      ,79    ,2020,M,7484    ,286  ,0.038214858
80      ,80    ,2020,M,6387    ,874  ,0.136840457
0       ,0     ,2021,M,357290  ,831  ,0.002325842
1       ,1     ,2021,M,347548  ,911  ,0.002621221
2       ,2     ,2021,M,333908  ,962  ,0.002881033
3       ,3     ,2021,M,322307  ,1057 ,0.003279482
4       ,4     ,2021,M,312516  ,1214 ,0.003884601
5       ,5     ,2021,M,304308  ,1486 ,0.00488321
6       ,6     ,2021,M,297376  ,1864 ,0.006268159
7       ,7     ,2021,M,291411  ,2373 ,0.008143138
8       ,8     ,2021,M,286581  ,2747 ,0.009585423
9       ,9     ,2021,M,282814  ,2988 ,0.010565248
10      ,10    ,2021,M,279646  ,3258 ,0.011650444
11      ,11    ,2021,M,276936  ,3893 ,0.0140574
12      ,12    ,2021,M,275019  ,4032 ,0.014660805
13      ,13    ,2021,M,270856  ,3932 ,0.014516939
14      ,14    ,2021,M,263016  ,4006 ,0.015231013
15      ,15    ,2021,M,252878  ,3851 ,0.015228687
16      ,16    ,2021,M,243189  ,3771 ,0.015506458
17      ,17    ,2021,M,233324  ,3675 ,0.01575063
18      ,18    ,2021,M,224563  ,3619 ,0.016115745
19      ,19    ,2021,M,217793  ,3731 ,0.017130945
20      ,20    ,2021,M,212318  ,3940 ,0.01855707
21      ,21    ,2021,M,206554  ,4270 ,0.02067256
22      ,22    ,2021,M,200820  ,4663 ,0.023219799
23      ,23    ,2021,M,195053  ,5106 ,0.0261775
24      ,24    ,2021,M,189062  ,5572 ,0.029471813
25      ,25    ,2021,M,182976  ,6058 ,0.033108167
26      ,26    ,2021,M,177047  ,6555 ,0.037024067
27      ,27    ,2021,M,171142  ,7070 ,0.041310724
28      ,28    ,2021,M,165545  ,7595 ,0.045878764
29      ,29    ,2021,M,160394  ,8144 ,0.050774967
30      ,30    ,2021,M,155484  ,8914 ,0.057330658
31      ,31    ,2021,M,150595  ,9439 ,0.062678044
32      ,32    ,2021,M,145919  ,9844 ,0.067462085
33      ,33    ,2021,M,140501  ,9927 ,0.070654301
34      ,34    ,2021,M,133888  ,9953 ,0.074338253
35      ,35    ,2021,M,126589  ,9854 ,0.077842467
36      ,36    ,2021,M,119485  ,9797 ,0.081993556
37      ,37    ,2021,M,112306  ,9961 ,0.088695172
38      ,38    ,2021,M,105992  ,10297,0.097148841
39      ,39    ,2021,M,101070  ,10645,0.105323043
40      ,40    ,2021,M,97059   ,10959,0.112910704
41      ,41    ,2021,M,92983   ,11208,0.120538163
42      ,42    ,2021,M,89072   ,11340,0.127312736
43      ,43    ,2021,M,84918   ,11337,0.133505264
44      ,44    ,2021,M,80230   ,11236,0.140047364
45      ,45    ,2021,M,75251   ,11106,0.147586079
46      ,46    ,2021,M,70527   ,10872,0.154153728
47      ,47    ,2021,M,65967   ,10548,0.159898131
48      ,48    ,2021,M,61573   ,10149,0.16482874
49      ,49    ,2021,M,57405   ,9680 ,0.168626426
50      ,50    ,2021,M,53447   ,9167 ,0.171515707
51      ,51    ,2021,M,49616   ,7918 ,0.159585618
52      ,52    ,2021,M,45926   ,7579 ,0.165026347
53      ,53    ,2021,M,42485   ,7224 ,0.170036483
54      ,54    ,2021,M,39340   ,6862 ,0.174428063
55      ,55    ,2021,M,36457   ,6493 ,0.178100228
56      ,56    ,2021,M,33747   ,5639 ,0.167096334
57      ,57    ,2021,M,31218   ,5072 ,0.16247037
58      ,58    ,2021,M,28915   ,4574 ,0.158187792
59      ,59    ,2021,M,26851   ,4139 ,0.154146959
60      ,60    ,2021,M,25003   ,3752 ,0.150061993
61      ,61    ,2021,M,23327   ,3397 ,0.145625241
62      ,62    ,2021,M,21818   ,3061 ,0.140297002
63      ,63    ,2021,M,20488   ,2735 ,0.133492776
64      ,64    ,2021,M,19331   ,2422 ,0.125290983
65      ,65    ,2021,M,18332   ,2133 ,0.116353917
66      ,66    ,2021,M,17428   ,1876 ,0.107642874
67      ,67    ,2021,M,16572   ,1658 ,0.100048274
68      ,68    ,2021,M,15950   ,1477 ,0.092601881
69      ,69    ,2021,M,15631   ,1332 ,0.085215277
70      ,70    ,2021,M,15485   ,1210 ,0.078140136
71      ,71    ,2021,M,15348   ,1102 ,0.071800886
72      ,72    ,2021,M,15294   ,997  ,0.065188963
73      ,73    ,2021,M,14894   ,888  ,0.059621324
74      ,74    ,2021,M,13931   ,774  ,0.055559543
75      ,75    ,2021,M,12605   ,660  ,0.052360175
76      ,76    ,2021,M,11346   ,555  ,0.048915918
77      ,77    ,2021,M,10086   ,463  ,0.045905215
78      ,78    ,2021,M,8865    ,382  ,0.043090807
79      ,79    ,2021,M,7753    ,313  ,0.040371469
80      ,80    ,2021,M,6728    ,960  ,0.142687277
