Officer_Category,L0_factor,L1a_factor,L1b_factor,L2_factor,L3_factor,L4_factor,L5_factor
Clinical,1.536932742,1.536932742,1.536932742,1.536932742,1.536932742,1.536932742,1.536932742
DCSA,1,1,1,1,1,1,1
Dental,1,1,1,1,1,1,1
Laboratory,1,1,1,1,1,1,1
Mental,1,1,1,1,1,1,1
Nursing_and_Midwifery,1.455369535,1.455369535,1.455369535,1.455369535,1.455369535,1.455369535,1.455369535
Nutrition,1,1,1,1,1,1,1
Pharmacy,1.855698791,1.855698791,1.855698791,1.855698791,1.855698791,1.855698791,1.855698791
Radiography,1,1,1,1,1,1,1
