Facility_Level,Officer_Type_Code,Minute_Salary_USD,Facility_ID
0,Clinical,0.0,0
0,Clinical,0.0,4
0,Clinical,0.0,8
0,Clinical,0.0,12
0,Clinical,0.0,16
0,Clinical,0.0,20
0,Clinical,0.0,24
0,Clinical,0.0,28
0,Clinical,0.0,32
0,Clinical,0.0,36
0,Clinical,0.0,40
0,Clinical,0.0,44
0,Clinical,0.0,48
0,Clinical,0.0,52
0,Clinical,0.0,56
0,Clinical,0.0,60
0,Clinical,0.0,64
0,Clinical,0.0,68
0,Clinical,0.0,72
0,Clinical,0.0,76
0,Clinical,0.0,80
0,Clinical,0.0,84
0,Clinical,0.0,88
0,Clinical,0.0,92
0,Clinical,0.0,96
0,Clinical,0.0,100
0,Clinical,0.0,104
0,Clinical,0.0,108
0,Clinical,0.0,112
0,Clinical,0.0,116
0,Clinical,0.0,120
0,Clinical,0.0,124
0,DCSA,0.11578495447237816,0
0,DCSA,0.11578495447237816,4
0,DCSA,0.11578495447237816,8
0,DCSA,0.11578495447237816,12
0,DCSA,0.11578495447237816,16
0,DCSA,0.11578495447237816,20
0,DCSA,0.11578495447237816,24
0,DCSA,0.11578495447237816,28
0,DCSA,0.11578495447237816,32
0,DCSA,0.11578495447237816,36
0,DCSA,0.11578495447237816,40
0,DCSA,0.11578495447237816,44
0,DCSA,0.11578495447237816,48
0,DCSA,0.11578495447237816,52
0,DCSA,0.11578495447237816,56
0,DCSA,0.11578495447237816,60
0,DCSA,0.11578495447237816,64
0,DCSA,0.11578495447237816,68
0,DCSA,0.11578495447237816,72
0,DCSA,0.11578495447237816,76
0,DCSA,0.11578495447237816,80
0,DCSA,0.11578495447237816,84
0,DCSA,0.11578495447237816,88
0,DCSA,0.11578495447237816,92
0,DCSA,0.11578495447237816,96
0,DCSA,0.11578495447237816,100
0,DCSA,0.11578495447237816,104
0,DCSA,0.11578495447237816,108
0,DCSA,0.11578495447237816,112
0,DCSA,0.11578495447237816,116
0,DCSA,0.11578495447237816,120
0,DCSA,0.11578495447237816,124
0,Dental,0.0,0
0,Dental,0.0,4
0,Dental,0.0,8
0,Dental,0.0,12
0,Dental,0.0,16
0,Dental,0.0,20
0,Dental,0.0,24
0,Dental,0.0,28
0,Dental,0.0,32
0,Dental,0.0,36
0,Dental,0.0,40
0,Dental,0.0,44
0,Dental,0.0,48
0,Dental,0.0,52
0,Dental,0.0,56
0,Dental,0.0,60
0,Dental,0.0,64
0,Dental,0.0,68
0,Dental,0.0,72
0,Dental,0.0,76
0,Dental,0.0,80
0,Dental,0.0,84
0,Dental,0.0,88
0,Dental,0.0,92
0,Dental,0.0,96
0,Dental,0.0,100
0,Dental,0.0,104
0,Dental,0.0,108
0,Dental,0.0,112
0,Dental,0.0,116
0,Dental,0.0,120
0,Dental,0.0,124
0,Laboratory,0.0,0
0,Laboratory,0.0,4
0,Laboratory,0.0,8
0,Laboratory,0.0,12
0,Laboratory,0.0,16
0,Laboratory,0.0,20
0,Laboratory,0.0,24
0,Laboratory,0.0,28
0,Laboratory,0.0,32
0,Laboratory,0.0,36
0,Laboratory,0.0,40
0,Laboratory,0.0,44
0,Laboratory,0.0,48
0,Laboratory,0.0,52
0,Laboratory,0.0,56
0,Laboratory,0.0,60
0,Laboratory,0.0,64
0,Laboratory,0.0,68
0,Laboratory,0.0,72
0,Laboratory,0.0,76
0,Laboratory,0.0,80
0,Laboratory,0.0,84
0,Laboratory,0.0,88
0,Laboratory,0.0,92
0,Laboratory,0.0,96
0,Laboratory,0.0,100
0,Laboratory,0.0,104
0,Laboratory,0.0,108
0,Laboratory,0.0,112
0,Laboratory,0.0,116
0,Laboratory,0.0,120
0,Laboratory,0.0,124
0,Mental,0.0,0
0,Mental,0.0,4
0,Mental,0.0,8
0,Mental,0.0,12
0,Mental,0.0,16
0,Mental,0.0,20
0,Mental,0.0,24
0,Mental,0.0,28
0,Mental,0.0,32
0,Mental,0.0,36
0,Mental,0.0,40
0,Mental,0.0,44
0,Mental,0.0,48
0,Mental,0.0,52
0,Mental,0.0,56
0,Mental,0.0,60
0,Mental,0.0,64
0,Mental,0.0,68
0,Mental,0.0,72
0,Mental,0.0,76
0,Mental,0.0,80
0,Mental,0.0,84
0,Mental,0.0,88
0,Mental,0.0,92
0,Mental,0.0,96
0,Mental,0.0,100
0,Mental,0.0,104
0,Mental,0.0,108
0,Mental,0.0,112
0,Mental,0.0,116
0,Mental,0.0,120
0,Mental,0.0,124
0,Nursing_and_Midwifery,0.0,0
0,Nursing_and_Midwifery,0.0,4
0,Nursing_and_Midwifery,0.0,8
0,Nursing_and_Midwifery,0.0,12
0,Nursing_and_Midwifery,0.0,16
0,Nursing_and_Midwifery,0.0,20
0,Nursing_and_Midwifery,0.0,24
0,Nursing_and_Midwifery,0.0,28
0,Nursing_and_Midwifery,0.0,32
0,Nursing_and_Midwifery,0.0,36
0,Nursing_and_Midwifery,0.0,40
0,Nursing_and_Midwifery,0.0,44
0,Nursing_and_Midwifery,0.0,48
0,Nursing_and_Midwifery,0.0,52
0,Nursing_and_Midwifery,0.0,56
0,Nursing_and_Midwifery,0.0,60
0,Nursing_and_Midwifery,0.0,64
0,Nursing_and_Midwifery,0.0,68
0,Nursing_and_Midwifery,0.0,72
0,Nursing_and_Midwifery,0.0,76
0,Nursing_and_Midwifery,0.0,80
0,Nursing_and_Midwifery,0.0,84
0,Nursing_and_Midwifery,0.0,88
0,Nursing_and_Midwifery,0.0,92
0,Nursing_and_Midwifery,0.0,96
0,Nursing_and_Midwifery,0.0,100
0,Nursing_and_Midwifery,0.0,104
0,Nursing_and_Midwifery,0.0,108
0,Nursing_and_Midwifery,0.0,112
0,Nursing_and_Midwifery,0.0,116
0,Nursing_and_Midwifery,0.0,120
0,Nursing_and_Midwifery,0.0,124
0,Nutrition,0.0,0
0,Nutrition,0.0,4
0,Nutrition,0.0,8
0,Nutrition,0.0,12
0,Nutrition,0.0,16
0,Nutrition,0.0,20
0,Nutrition,0.0,24
0,Nutrition,0.0,28
0,Nutrition,0.0,32
0,Nutrition,0.0,36
0,Nutrition,0.0,40
0,Nutrition,0.0,44
0,Nutrition,0.0,48
0,Nutrition,0.0,52
0,Nutrition,0.0,56
0,Nutrition,0.0,60
0,Nutrition,0.0,64
0,Nutrition,0.0,68
0,Nutrition,0.0,72
0,Nutrition,0.0,76
0,Nutrition,0.0,80
0,Nutrition,0.0,84
0,Nutrition,0.0,88
0,Nutrition,0.0,92
0,Nutrition,0.0,96
0,Nutrition,0.0,100
0,Nutrition,0.0,104
0,Nutrition,0.0,108
0,Nutrition,0.0,112
0,Nutrition,0.0,116
0,Nutrition,0.0,120
0,Nutrition,0.0,124
0,Pharmacy,0.0,0
0,Pharmacy,0.0,4
0,Pharmacy,0.0,8
0,Pharmacy,0.0,12
0,Pharmacy,0.0,16
0,Pharmacy,0.0,20
0,Pharmacy,0.0,24
0,Pharmacy,0.0,28
0,Pharmacy,0.0,32
0,Pharmacy,0.0,36
0,Pharmacy,0.0,40
0,Pharmacy,0.0,44
0,Pharmacy,0.0,48
0,Pharmacy,0.0,52
0,Pharmacy,0.0,56
0,Pharmacy,0.0,60
0,Pharmacy,0.0,64
0,Pharmacy,0.0,68
0,Pharmacy,0.0,72
0,Pharmacy,0.0,76
0,Pharmacy,0.0,80
0,Pharmacy,0.0,84
0,Pharmacy,0.0,88
0,Pharmacy,0.0,92
0,Pharmacy,0.0,96
0,Pharmacy,0.0,100
0,Pharmacy,0.0,104
0,Pharmacy,0.0,108
0,Pharmacy,0.0,112
0,Pharmacy,0.0,116
0,Pharmacy,0.0,120
0,Pharmacy,0.0,124
0,Radiography,0.0,0
0,Radiography,0.0,4
0,Radiography,0.0,8
0,Radiography,0.0,12
0,Radiography,0.0,16
0,Radiography,0.0,20
0,Radiography,0.0,24
0,Radiography,0.0,28
0,Radiography,0.0,32
0,Radiography,0.0,36
0,Radiography,0.0,40
0,Radiography,0.0,44
0,Radiography,0.0,48
0,Radiography,0.0,52
0,Radiography,0.0,56
0,Radiography,0.0,60
0,Radiography,0.0,64
0,Radiography,0.0,68
0,Radiography,0.0,72
0,Radiography,0.0,76
0,Radiography,0.0,80
0,Radiography,0.0,84
0,Radiography,0.0,88
0,Radiography,0.0,92
0,Radiography,0.0,96
0,Radiography,0.0,100
0,Radiography,0.0,104
0,Radiography,0.0,108
0,Radiography,0.0,112
0,Radiography,0.0,116
0,Radiography,0.0,120
0,Radiography,0.0,124
1a,Clinical,0.07821949136135514,1
1a,Clinical,0.07821949136135514,5
1a,Clinical,0.07821949136135514,9
1a,Clinical,0.07821949136135514,13
1a,Clinical,0.07821949136135514,17
1a,Clinical,0.07821949136135514,21
1a,Clinical,0.07821949136135514,25
1a,Clinical,0.07821949136135514,29
1a,Clinical,0.07821949136135514,33
1a,Clinical,0.07821949136135514,37
1a,Clinical,0.07821949136135514,41
1a,Clinical,0.07821949136135514,45
1a,Clinical,0.07821949136135514,49
1a,Clinical,0.07821949136135514,53
1a,Clinical,0.07821949136135514,57
1a,Clinical,0.07821949136135514,61
1a,Clinical,0.07821949136135514,65
1a,Clinical,0.07821949136135514,69
1a,Clinical,0.07821949136135514,73
1a,Clinical,0.07821949136135514,77
1a,Clinical,0.07821949136135514,81
1a,Clinical,0.07821949136135514,85
1a,Clinical,0.07821949136135514,89
1a,Clinical,0.07821949136135514,93
1a,Clinical,0.07821949136135514,97
1a,Clinical,0.07821949136135514,101
1a,Clinical,0.07821949136135514,105
1a,Clinical,0.07821949136135514,109
1a,Clinical,0.07821949136135514,113
1a,Clinical,0.07821949136135514,117
1a,Clinical,0.07821949136135514,121
1a,Clinical,0.07821949136135514,125
1a,DCSA,0.0,1
1a,DCSA,0.0,5
1a,DCSA,0.0,9
1a,DCSA,0.0,13
1a,DCSA,0.0,17
1a,DCSA,0.0,21
1a,DCSA,0.0,25
1a,DCSA,0.0,29
1a,DCSA,0.0,33
1a,DCSA,0.0,37
1a,DCSA,0.0,41
1a,DCSA,0.0,45
1a,DCSA,0.0,49
1a,DCSA,0.0,53
1a,DCSA,0.0,57
1a,DCSA,0.0,61
1a,DCSA,0.0,65
1a,DCSA,0.0,69
1a,DCSA,0.0,73
1a,DCSA,0.0,77
1a,DCSA,0.0,81
1a,DCSA,0.0,85
1a,DCSA,0.0,89
1a,DCSA,0.0,93
1a,DCSA,0.0,97
1a,DCSA,0.0,101
1a,DCSA,0.0,105
1a,DCSA,0.0,109
1a,DCSA,0.0,113
1a,DCSA,0.0,117
1a,DCSA,0.0,121
1a,DCSA,0.0,125
1a,Dental,0.07829874543389978,1
1a,Dental,0.07829874543389978,5
1a,Dental,0.07829874543389978,9
1a,Dental,0.07829874543389978,13
1a,Dental,0.07829874543389978,17
1a,Dental,0.07829874543389978,21
1a,Dental,0.07829874543389978,25
1a,Dental,0.07829874543389978,29
1a,Dental,0.07829874543389978,33
1a,Dental,0.07829874543389978,37
1a,Dental,0.07829874543389978,41
1a,Dental,0.07829874543389978,45
1a,Dental,0.07829874543389978,49
1a,Dental,0.07829874543389978,53
1a,Dental,0.07829874543389978,57
1a,Dental,0.07829874543389978,61
1a,Dental,0.07829874543389978,65
1a,Dental,0.07829874543389978,69
1a,Dental,0.07829874543389978,73
1a,Dental,0.07829874543389978,77
1a,Dental,0.07829874543389978,81
1a,Dental,0.07829874543389978,85
1a,Dental,0.07829874543389978,89
1a,Dental,0.07829874543389978,93
1a,Dental,0.07829874543389978,97
1a,Dental,0.07829874543389978,101
1a,Dental,0.07829874543389978,105
1a,Dental,0.07829874543389978,109
1a,Dental,0.07829874543389978,113
1a,Dental,0.07829874543389978,117
1a,Dental,0.07829874543389978,121
1a,Dental,0.07829874543389978,125
1a,Laboratory,0.07846168148629579,1
1a,Laboratory,0.07846168148629579,5
1a,Laboratory,0.07846168148629579,9
1a,Laboratory,0.07846168148629579,13
1a,Laboratory,0.07846168148629579,17
1a,Laboratory,0.07846168148629579,21
1a,Laboratory,0.07846168148629579,25
1a,Laboratory,0.07846168148629579,29
1a,Laboratory,0.07846168148629579,33
1a,Laboratory,0.07846168148629579,37
1a,Laboratory,0.07846168148629579,41
1a,Laboratory,0.07846168148629579,45
1a,Laboratory,0.07846168148629579,49
1a,Laboratory,0.07846168148629579,53
1a,Laboratory,0.07846168148629579,57
1a,Laboratory,0.07846168148629579,61
1a,Laboratory,0.07846168148629579,65
1a,Laboratory,0.07846168148629579,69
1a,Laboratory,0.07846168148629579,73
1a,Laboratory,0.07846168148629579,77
1a,Laboratory,0.07846168148629579,81
1a,Laboratory,0.07846168148629579,85
1a,Laboratory,0.07846168148629579,89
1a,Laboratory,0.07846168148629579,93
1a,Laboratory,0.07846168148629579,97
1a,Laboratory,0.07846168148629579,101
1a,Laboratory,0.07846168148629579,105
1a,Laboratory,0.07846168148629579,109
1a,Laboratory,0.07846168148629579,113
1a,Laboratory,0.07846168148629579,117
1a,Laboratory,0.07846168148629579,121
1a,Laboratory,0.07846168148629579,125
1a,Mental,0.10685937629466333,1
1a,Mental,0.10685937629466333,5
1a,Mental,0.10685937629466333,9
1a,Mental,0.10685937629466333,13
1a,Mental,0.10685937629466333,17
1a,Mental,0.10685937629466333,21
1a,Mental,0.10685937629466333,25
1a,Mental,0.10685937629466333,29
1a,Mental,0.10685937629466333,33
1a,Mental,0.10685937629466333,37
1a,Mental,0.10685937629466333,41
1a,Mental,0.10685937629466333,45
1a,Mental,0.10685937629466333,49
1a,Mental,0.10685937629466333,53
1a,Mental,0.10685937629466333,57
1a,Mental,0.10685937629466333,61
1a,Mental,0.10685937629466333,65
1a,Mental,0.10685937629466333,69
1a,Mental,0.10685937629466333,73
1a,Mental,0.10685937629466333,77
1a,Mental,0.10685937629466333,81
1a,Mental,0.10685937629466333,85
1a,Mental,0.10685937629466333,89
1a,Mental,0.10685937629466333,93
1a,Mental,0.10685937629466333,97
1a,Mental,0.10685937629466333,101
1a,Mental,0.10685937629466333,105
1a,Mental,0.10685937629466333,109
1a,Mental,0.10685937629466333,113
1a,Mental,0.10685937629466333,117
1a,Mental,0.10685937629466333,121
1a,Mental,0.10685937629466333,125
1a,Nursing_and_Midwifery,0.07892770288117427,1
1a,Nursing_and_Midwifery,0.07892770288117427,5
1a,Nursing_and_Midwifery,0.07892770288117427,9
1a,Nursing_and_Midwifery,0.07892770288117427,13
1a,Nursing_and_Midwifery,0.07892770288117427,17
1a,Nursing_and_Midwifery,0.07892770288117427,21
1a,Nursing_and_Midwifery,0.07892770288117427,25
1a,Nursing_and_Midwifery,0.07892770288117427,29
1a,Nursing_and_Midwifery,0.07892770288117427,33
1a,Nursing_and_Midwifery,0.07892770288117427,37
1a,Nursing_and_Midwifery,0.07892770288117427,41
1a,Nursing_and_Midwifery,0.07892770288117427,45
1a,Nursing_and_Midwifery,0.07892770288117427,49
1a,Nursing_and_Midwifery,0.07892770288117427,53
1a,Nursing_and_Midwifery,0.07892770288117427,57
1a,Nursing_and_Midwifery,0.07892770288117427,61
1a,Nursing_and_Midwifery,0.07892770288117427,65
1a,Nursing_and_Midwifery,0.07892770288117427,69
1a,Nursing_and_Midwifery,0.07892770288117427,73
1a,Nursing_and_Midwifery,0.07892770288117427,77
1a,Nursing_and_Midwifery,0.07892770288117427,81
1a,Nursing_and_Midwifery,0.07892770288117427,85
1a,Nursing_and_Midwifery,0.07892770288117427,89
1a,Nursing_and_Midwifery,0.07892770288117427,93
1a,Nursing_and_Midwifery,0.07892770288117427,97
1a,Nursing_and_Midwifery,0.07892770288117427,101
1a,Nursing_and_Midwifery,0.07892770288117427,105
1a,Nursing_and_Midwifery,0.07892770288117427,109
1a,Nursing_and_Midwifery,0.07892770288117427,113
1a,Nursing_and_Midwifery,0.07892770288117427,117
1a,Nursing_and_Midwifery,0.07892770288117427,121
1a,Nursing_and_Midwifery,0.07892770288117427,125
1a,Nutrition,0.0639284345009262,1
1a,Nutrition,0.0639284345009262,5
1a,Nutrition,0.0639284345009262,9
1a,Nutrition,0.0639284345009262,13
1a,Nutrition,0.0639284345009262,17
1a,Nutrition,0.0639284345009262,21
1a,Nutrition,0.0639284345009262,25
1a,Nutrition,0.0639284345009262,29
1a,Nutrition,0.0639284345009262,33
1a,Nutrition,0.0639284345009262,37
1a,Nutrition,0.0639284345009262,41
1a,Nutrition,0.0639284345009262,45
1a,Nutrition,0.0639284345009262,49
1a,Nutrition,0.0639284345009262,53
1a,Nutrition,0.0639284345009262,57
1a,Nutrition,0.0639284345009262,61
1a,Nutrition,0.0639284345009262,65
1a,Nutrition,0.0639284345009262,69
1a,Nutrition,0.0639284345009262,73
1a,Nutrition,0.0639284345009262,77
1a,Nutrition,0.0639284345009262,81
1a,Nutrition,0.0639284345009262,85
1a,Nutrition,0.0639284345009262,89
1a,Nutrition,0.0639284345009262,93
1a,Nutrition,0.0639284345009262,97
1a,Nutrition,0.0639284345009262,101
1a,Nutrition,0.0639284345009262,105
1a,Nutrition,0.0639284345009262,109
1a,Nutrition,0.0639284345009262,113
1a,Nutrition,0.0639284345009262,117
1a,Nutrition,0.0639284345009262,121
1a,Nutrition,0.0639284345009262,125
1a,Pharmacy,0.06948847292837491,1
1a,Pharmacy,0.06948847292837491,5
1a,Pharmacy,0.06948847292837491,9
1a,Pharmacy,0.06948847292837491,13
1a,Pharmacy,0.06948847292837491,17
1a,Pharmacy,0.06948847292837491,21
1a,Pharmacy,0.06948847292837491,25
1a,Pharmacy,0.06948847292837491,29
1a,Pharmacy,0.06948847292837491,33
1a,Pharmacy,0.06948847292837491,37
1a,Pharmacy,0.06948847292837491,41
1a,Pharmacy,0.06948847292837491,45
1a,Pharmacy,0.06948847292837491,49
1a,Pharmacy,0.06948847292837491,53
1a,Pharmacy,0.06948847292837491,57
1a,Pharmacy,0.06948847292837491,61
1a,Pharmacy,0.06948847292837491,65
1a,Pharmacy,0.06948847292837491,69
1a,Pharmacy,0.06948847292837491,73
1a,Pharmacy,0.06948847292837491,77
1a,Pharmacy,0.06948847292837491,81
1a,Pharmacy,0.06948847292837491,85
1a,Pharmacy,0.06948847292837491,89
1a,Pharmacy,0.06948847292837491,93
1a,Pharmacy,0.06948847292837491,97
1a,Pharmacy,0.06948847292837491,101
1a,Pharmacy,0.06948847292837491,105
1a,Pharmacy,0.06948847292837491,109
1a,Pharmacy,0.06948847292837491,113
1a,Pharmacy,0.06948847292837491,117
1a,Pharmacy,0.06948847292837491,121
1a,Pharmacy,0.06948847292837491,125
1a,Radiography,0.08571077482388902,1
1a,Radiography,0.08571077482388902,5
1a,Radiography,0.08571077482388902,9
1a,Radiography,0.08571077482388902,13
1a,Radiography,0.08571077482388902,17
1a,Radiography,0.08571077482388902,21
1a,Radiography,0.08571077482388902,25
1a,Radiography,0.08571077482388902,29
1a,Radiography,0.08571077482388902,33
1a,Radiography,0.08571077482388902,37
1a,Radiography,0.08571077482388902,41
1a,Radiography,0.08571077482388902,45
1a,Radiography,0.08571077482388902,49
1a,Radiography,0.08571077482388902,53
1a,Radiography,0.08571077482388902,57
1a,Radiography,0.08571077482388902,61
1a,Radiography,0.08571077482388902,65
1a,Radiography,0.08571077482388902,69
1a,Radiography,0.08571077482388902,73
1a,Radiography,0.08571077482388902,77
1a,Radiography,0.08571077482388902,81
1a,Radiography,0.08571077482388902,85
1a,Radiography,0.08571077482388902,89
1a,Radiography,0.08571077482388902,93
1a,Radiography,0.08571077482388902,97
1a,Radiography,0.08571077482388902,101
1a,Radiography,0.08571077482388902,105
1a,Radiography,0.08571077482388902,109
1a,Radiography,0.08571077482388902,113
1a,Radiography,0.08571077482388902,117
1a,Radiography,0.08571077482388902,121
1a,Radiography,0.08571077482388902,125
1b,Clinical,0.08425025640663661,2
1b,Clinical,0.08425025640663661,6
1b,Clinical,0.08425025640663661,10
1b,Clinical,0.08425025640663661,14
1b,Clinical,0.08425025640663661,18
1b,Clinical,0.08425025640663661,22
1b,Clinical,0.08425025640663661,26
1b,Clinical,0.08425025640663661,30
1b,Clinical,0.08425025640663661,34
1b,Clinical,0.08425025640663661,38
1b,Clinical,0.08425025640663661,42
1b,Clinical,0.08425025640663661,46
1b,Clinical,0.08425025640663661,50
1b,Clinical,0.08425025640663661,54
1b,Clinical,0.08425025640663661,58
1b,Clinical,0.08425025640663661,62
1b,Clinical,0.08425025640663661,66
1b,Clinical,0.08425025640663661,70
1b,Clinical,0.08425025640663661,74
1b,Clinical,0.08425025640663661,78
1b,Clinical,0.08425025640663661,82
1b,Clinical,0.08425025640663661,86
1b,Clinical,0.08425025640663661,90
1b,Clinical,0.08425025640663661,94
1b,Clinical,0.08425025640663661,98
1b,Clinical,0.08425025640663661,102
1b,Clinical,0.08425025640663661,106
1b,Clinical,0.08425025640663661,110
1b,Clinical,0.08425025640663661,114
1b,Clinical,0.08425025640663661,118
1b,Clinical,0.08425025640663661,122
1b,Clinical,0.08425025640663661,126
1b,DCSA,0.0,2
1b,DCSA,0.0,6
1b,DCSA,0.0,10
1b,DCSA,0.0,14
1b,DCSA,0.0,18
1b,DCSA,0.0,22
1b,DCSA,0.0,26
1b,DCSA,0.0,30
1b,DCSA,0.0,34
1b,DCSA,0.0,38
1b,DCSA,0.0,42
1b,DCSA,0.0,46
1b,DCSA,0.0,50
1b,DCSA,0.0,54
1b,DCSA,0.0,58
1b,DCSA,0.0,62
1b,DCSA,0.0,66
1b,DCSA,0.0,70
1b,DCSA,0.0,74
1b,DCSA,0.0,78
1b,DCSA,0.0,82
1b,DCSA,0.0,86
1b,DCSA,0.0,90
1b,DCSA,0.0,94
1b,DCSA,0.0,98
1b,DCSA,0.0,102
1b,DCSA,0.0,106
1b,DCSA,0.0,110
1b,DCSA,0.0,114
1b,DCSA,0.0,118
1b,DCSA,0.0,122
1b,DCSA,0.0,126
1b,Dental,0.07829874543389978,2
1b,Dental,0.07829874543389978,6
1b,Dental,0.07829874543389978,10
1b,Dental,0.07829874543389978,14
1b,Dental,0.07829874543389978,18
1b,Dental,0.07829874543389978,22
1b,Dental,0.07829874543389978,26
1b,Dental,0.07829874543389978,30
1b,Dental,0.07829874543389978,34
1b,Dental,0.07829874543389978,38
1b,Dental,0.07829874543389978,42
1b,Dental,0.07829874543389978,46
1b,Dental,0.07829874543389978,50
1b,Dental,0.07829874543389978,54
1b,Dental,0.07829874543389978,58
1b,Dental,0.07829874543389978,62
1b,Dental,0.07829874543389978,66
1b,Dental,0.07829874543389978,70
1b,Dental,0.07829874543389978,74
1b,Dental,0.07829874543389978,78
1b,Dental,0.07829874543389978,82
1b,Dental,0.07829874543389978,86
1b,Dental,0.07829874543389978,90
1b,Dental,0.07829874543389978,94
1b,Dental,0.07829874543389978,98
1b,Dental,0.07829874543389978,102
1b,Dental,0.07829874543389978,106
1b,Dental,0.07829874543389978,110
1b,Dental,0.07829874543389978,114
1b,Dental,0.07829874543389978,118
1b,Dental,0.07829874543389978,122
1b,Dental,0.07829874543389978,126
1b,Laboratory,0.07011174614698786,2
1b,Laboratory,0.07011174614698786,6
1b,Laboratory,0.07011174614698786,10
1b,Laboratory,0.07011174614698786,14
1b,Laboratory,0.07011174614698786,18
1b,Laboratory,0.07011174614698786,22
1b,Laboratory,0.07011174614698786,26
1b,Laboratory,0.07011174614698786,30
1b,Laboratory,0.07011174614698786,34
1b,Laboratory,0.07011174614698786,38
1b,Laboratory,0.07011174614698786,42
1b,Laboratory,0.07011174614698786,46
1b,Laboratory,0.07011174614698786,50
1b,Laboratory,0.07011174614698786,54
1b,Laboratory,0.07011174614698786,58
1b,Laboratory,0.07011174614698786,62
1b,Laboratory,0.07011174614698786,66
1b,Laboratory,0.07011174614698786,70
1b,Laboratory,0.07011174614698786,74
1b,Laboratory,0.07011174614698786,78
1b,Laboratory,0.07011174614698786,82
1b,Laboratory,0.07011174614698786,86
1b,Laboratory,0.07011174614698786,90
1b,Laboratory,0.07011174614698786,94
1b,Laboratory,0.07011174614698786,98
1b,Laboratory,0.07011174614698786,102
1b,Laboratory,0.07011174614698786,106
1b,Laboratory,0.07011174614698786,110
1b,Laboratory,0.07011174614698786,114
1b,Laboratory,0.07011174614698786,118
1b,Laboratory,0.07011174614698786,122
1b,Laboratory,0.07011174614698786,126
1b,Mental,0.10685937629466333,2
1b,Mental,0.10685937629466333,6
1b,Mental,0.10685937629466333,10
1b,Mental,0.10685937629466333,14
1b,Mental,0.10685937629466333,18
1b,Mental,0.10685937629466333,22
1b,Mental,0.10685937629466333,26
1b,Mental,0.10685937629466333,30
1b,Mental,0.10685937629466333,34
1b,Mental,0.10685937629466333,38
1b,Mental,0.10685937629466333,42
1b,Mental,0.10685937629466333,46
1b,Mental,0.10685937629466333,50
1b,Mental,0.10685937629466333,54
1b,Mental,0.10685937629466333,58
1b,Mental,0.10685937629466333,62
1b,Mental,0.10685937629466333,66
1b,Mental,0.10685937629466333,70
1b,Mental,0.10685937629466333,74
1b,Mental,0.10685937629466333,78
1b,Mental,0.10685937629466333,82
1b,Mental,0.10685937629466333,86
1b,Mental,0.10685937629466333,90
1b,Mental,0.10685937629466333,94
1b,Mental,0.10685937629466333,98
1b,Mental,0.10685937629466333,102
1b,Mental,0.10685937629466333,106
1b,Mental,0.10685937629466333,110
1b,Mental,0.10685937629466333,114
1b,Mental,0.10685937629466333,118
1b,Mental,0.10685937629466333,122
1b,Mental,0.10685937629466333,126
1b,Nursing_and_Midwifery,0.08303644727374786,2
1b,Nursing_and_Midwifery,0.08303644727374786,6
1b,Nursing_and_Midwifery,0.08303644727374786,10
1b,Nursing_and_Midwifery,0.08303644727374786,14
1b,Nursing_and_Midwifery,0.08303644727374786,18
1b,Nursing_and_Midwifery,0.08303644727374786,22
1b,Nursing_and_Midwifery,0.08303644727374786,26
1b,Nursing_and_Midwifery,0.08303644727374786,30
1b,Nursing_and_Midwifery,0.08303644727374786,34
1b,Nursing_and_Midwifery,0.08303644727374786,38
1b,Nursing_and_Midwifery,0.08303644727374786,42
1b,Nursing_and_Midwifery,0.08303644727374786,46
1b,Nursing_and_Midwifery,0.08303644727374786,50
1b,Nursing_and_Midwifery,0.08303644727374786,54
1b,Nursing_and_Midwifery,0.08303644727374786,58
1b,Nursing_and_Midwifery,0.08303644727374786,62
1b,Nursing_and_Midwifery,0.08303644727374786,66
1b,Nursing_and_Midwifery,0.08303644727374786,70
1b,Nursing_and_Midwifery,0.08303644727374786,74
1b,Nursing_and_Midwifery,0.08303644727374786,78
1b,Nursing_and_Midwifery,0.08303644727374786,82
1b,Nursing_and_Midwifery,0.08303644727374786,86
1b,Nursing_and_Midwifery,0.08303644727374786,90
1b,Nursing_and_Midwifery,0.08303644727374786,94
1b,Nursing_and_Midwifery,0.08303644727374786,98
1b,Nursing_and_Midwifery,0.08303644727374786,102
1b,Nursing_and_Midwifery,0.08303644727374786,106
1b,Nursing_and_Midwifery,0.08303644727374786,110
1b,Nursing_and_Midwifery,0.08303644727374786,114
1b,Nursing_and_Midwifery,0.08303644727374786,118
1b,Nursing_and_Midwifery,0.08303644727374786,122
1b,Nursing_and_Midwifery,0.08303644727374786,126
1b,Nutrition,0.0639284345009262,2
1b,Nutrition,0.0639284345009262,6
1b,Nutrition,0.0639284345009262,10
1b,Nutrition,0.0639284345009262,14
1b,Nutrition,0.0639284345009262,18
1b,Nutrition,0.0639284345009262,22
1b,Nutrition,0.0639284345009262,26
1b,Nutrition,0.0639284345009262,30
1b,Nutrition,0.0639284345009262,34
1b,Nutrition,0.0639284345009262,38
1b,Nutrition,0.0639284345009262,42
1b,Nutrition,0.0639284345009262,46
1b,Nutrition,0.0639284345009262,50
1b,Nutrition,0.0639284345009262,54
1b,Nutrition,0.0639284345009262,58
1b,Nutrition,0.0639284345009262,62
1b,Nutrition,0.0639284345009262,66
1b,Nutrition,0.0639284345009262,70
1b,Nutrition,0.0639284345009262,74
1b,Nutrition,0.0639284345009262,78
1b,Nutrition,0.0639284345009262,82
1b,Nutrition,0.0639284345009262,86
1b,Nutrition,0.0639284345009262,90
1b,Nutrition,0.0639284345009262,94
1b,Nutrition,0.0639284345009262,98
1b,Nutrition,0.0639284345009262,102
1b,Nutrition,0.0639284345009262,106
1b,Nutrition,0.0639284345009262,110
1b,Nutrition,0.0639284345009262,114
1b,Nutrition,0.0639284345009262,118
1b,Nutrition,0.0639284345009262,122
1b,Nutrition,0.0639284345009262,126
1b,Pharmacy,0.06547484875642307,2
1b,Pharmacy,0.06547484875642307,6
1b,Pharmacy,0.06547484875642307,10
1b,Pharmacy,0.06547484875642307,14
1b,Pharmacy,0.06547484875642307,18
1b,Pharmacy,0.06547484875642307,22
1b,Pharmacy,0.06547484875642307,26
1b,Pharmacy,0.06547484875642307,30
1b,Pharmacy,0.06547484875642307,34
1b,Pharmacy,0.06547484875642307,38
1b,Pharmacy,0.06547484875642307,42
1b,Pharmacy,0.06547484875642307,46
1b,Pharmacy,0.06547484875642307,50
1b,Pharmacy,0.06547484875642307,54
1b,Pharmacy,0.06547484875642307,58
1b,Pharmacy,0.06547484875642307,62
1b,Pharmacy,0.06547484875642307,66
1b,Pharmacy,0.06547484875642307,70
1b,Pharmacy,0.06547484875642307,74
1b,Pharmacy,0.06547484875642307,78
1b,Pharmacy,0.06547484875642307,82
1b,Pharmacy,0.06547484875642307,86
1b,Pharmacy,0.06547484875642307,90
1b,Pharmacy,0.06547484875642307,94
1b,Pharmacy,0.06547484875642307,98
1b,Pharmacy,0.06547484875642307,102
1b,Pharmacy,0.06547484875642307,106
1b,Pharmacy,0.06547484875642307,110
1b,Pharmacy,0.06547484875642307,114
1b,Pharmacy,0.06547484875642307,118
1b,Pharmacy,0.06547484875642307,122
1b,Pharmacy,0.06547484875642307,126
1b,Radiography,0.08371257486853223,2
1b,Radiography,0.08371257486853223,6
1b,Radiography,0.08371257486853223,10
1b,Radiography,0.08371257486853223,14
1b,Radiography,0.08371257486853223,18
1b,Radiography,0.08371257486853223,22
1b,Radiography,0.08371257486853223,26
1b,Radiography,0.08371257486853223,30
1b,Radiography,0.08371257486853223,34
1b,Radiography,0.08371257486853223,38
1b,Radiography,0.08371257486853223,42
1b,Radiography,0.08371257486853223,46
1b,Radiography,0.08371257486853223,50
1b,Radiography,0.08371257486853223,54
1b,Radiography,0.08371257486853223,58
1b,Radiography,0.08371257486853223,62
1b,Radiography,0.08371257486853223,66
1b,Radiography,0.08371257486853223,70
1b,Radiography,0.08371257486853223,74
1b,Radiography,0.08371257486853223,78
1b,Radiography,0.08371257486853223,82
1b,Radiography,0.08371257486853223,86
1b,Radiography,0.08371257486853223,90
1b,Radiography,0.08371257486853223,94
1b,Radiography,0.08371257486853223,98
1b,Radiography,0.08371257486853223,102
1b,Radiography,0.08371257486853223,106
1b,Radiography,0.08371257486853223,110
1b,Radiography,0.08371257486853223,114
1b,Radiography,0.08371257486853223,118
1b,Radiography,0.08371257486853223,122
1b,Radiography,0.08371257486853223,126
2,Clinical,0.09007068625805861,3
2,Clinical,0.09007068625805861,7
2,Clinical,0.09007068625805861,11
2,Clinical,0.09007068625805861,15
2,Clinical,0.09007068625805861,19
2,Clinical,0.09007068625805861,23
2,Clinical,0.09007068625805861,27
2,Clinical,0.09007068625805861,31
2,Clinical,0.09007068625805861,35
2,Clinical,0.09007068625805861,39
2,Clinical,0.09007068625805861,43
2,Clinical,0.09007068625805861,47
2,Clinical,0.09007068625805861,51
2,Clinical,0.09007068625805861,55
2,Clinical,0.09007068625805861,59
2,Clinical,0.09007068625805861,63
2,Clinical,0.09007068625805861,67
2,Clinical,0.09007068625805861,71
2,Clinical,0.09007068625805861,75
2,Clinical,0.09007068625805861,79
2,Clinical,0.09007068625805861,83
2,Clinical,0.09007068625805861,87
2,Clinical,0.09007068625805861,91
2,Clinical,0.09007068625805861,95
2,Clinical,0.09007068625805861,99
2,Clinical,0.09007068625805861,103
2,Clinical,0.09007068625805861,107
2,Clinical,0.09007068625805861,111
2,Clinical,0.09007068625805861,115
2,Clinical,0.09007068625805861,119
2,Clinical,0.09007068625805861,123
2,Clinical,0.09007068625805861,127
2,DCSA,0.0,3
2,DCSA,0.0,7
2,DCSA,0.0,11
2,DCSA,0.0,15
2,DCSA,0.0,19
2,DCSA,0.0,23
2,DCSA,0.0,27
2,DCSA,0.0,31
2,DCSA,0.0,35
2,DCSA,0.0,39
2,DCSA,0.0,43
2,DCSA,0.0,47
2,DCSA,0.0,51
2,DCSA,0.0,55
2,DCSA,0.0,59
2,DCSA,0.0,63
2,DCSA,0.0,67
2,DCSA,0.0,71
2,DCSA,0.0,75
2,DCSA,0.0,79
2,DCSA,0.0,83
2,DCSA,0.0,87
2,DCSA,0.0,91
2,DCSA,0.0,95
2,DCSA,0.0,99
2,DCSA,0.0,103
2,DCSA,0.0,107
2,DCSA,0.0,111
2,DCSA,0.0,115
2,DCSA,0.0,119
2,DCSA,0.0,123
2,DCSA,0.0,127
2,Dental,0.07829874543389978,3
2,Dental,0.07829874543389978,7
2,Dental,0.07829874543389978,11
2,Dental,0.07829874543389978,15
2,Dental,0.07829874543389978,19
2,Dental,0.07829874543389978,23
2,Dental,0.07829874543389978,27
2,Dental,0.07829874543389978,31
2,Dental,0.07829874543389978,35
2,Dental,0.07829874543389978,39
2,Dental,0.07829874543389978,43
2,Dental,0.07829874543389978,47
2,Dental,0.07829874543389978,51
2,Dental,0.07829874543389978,55
2,Dental,0.07829874543389978,59
2,Dental,0.07829874543389978,63
2,Dental,0.07829874543389978,67
2,Dental,0.07829874543389978,71
2,Dental,0.07829874543389978,75
2,Dental,0.07829874543389978,79
2,Dental,0.07829874543389978,83
2,Dental,0.07829874543389978,87
2,Dental,0.07829874543389978,91
2,Dental,0.07829874543389978,95
2,Dental,0.07829874543389978,99
2,Dental,0.07829874543389978,103
2,Dental,0.07829874543389978,107
2,Dental,0.07829874543389978,111
2,Dental,0.07829874543389978,115
2,Dental,0.07829874543389978,119
2,Dental,0.07829874543389978,123
2,Dental,0.07829874543389978,127
2,Laboratory,0.07387026493555247,3
2,Laboratory,0.07387026493555247,7
2,Laboratory,0.07387026493555247,11
2,Laboratory,0.07387026493555247,15
2,Laboratory,0.07387026493555247,19
2,Laboratory,0.07387026493555247,23
2,Laboratory,0.07387026493555247,27
2,Laboratory,0.07387026493555247,31
2,Laboratory,0.07387026493555247,35
2,Laboratory,0.07387026493555247,39
2,Laboratory,0.07387026493555247,43
2,Laboratory,0.07387026493555247,47
2,Laboratory,0.07387026493555247,51
2,Laboratory,0.07387026493555247,55
2,Laboratory,0.07387026493555247,59
2,Laboratory,0.07387026493555247,63
2,Laboratory,0.07387026493555247,67
2,Laboratory,0.07387026493555247,71
2,Laboratory,0.07387026493555247,75
2,Laboratory,0.07387026493555247,79
2,Laboratory,0.07387026493555247,83
2,Laboratory,0.07387026493555247,87
2,Laboratory,0.07387026493555247,91
2,Laboratory,0.07387026493555247,95
2,Laboratory,0.07387026493555247,99
2,Laboratory,0.07387026493555247,103
2,Laboratory,0.07387026493555247,107
2,Laboratory,0.07387026493555247,111
2,Laboratory,0.07387026493555247,115
2,Laboratory,0.07387026493555247,119
2,Laboratory,0.07387026493555247,123
2,Laboratory,0.07387026493555247,127
2,Mental,0.10685937629466331,3
2,Mental,0.10685937629466331,7
2,Mental,0.10685937629466331,11
2,Mental,0.10685937629466331,15
2,Mental,0.10685937629466331,19
2,Mental,0.10685937629466331,23
2,Mental,0.10685937629466331,27
2,Mental,0.10685937629466331,31
2,Mental,0.10685937629466331,35
2,Mental,0.10685937629466331,39
2,Mental,0.10685937629466331,43
2,Mental,0.10685937629466331,47
2,Mental,0.10685937629466331,51
2,Mental,0.10685937629466331,55
2,Mental,0.10685937629466331,59
2,Mental,0.10685937629466331,63
2,Mental,0.10685937629466331,67
2,Mental,0.10685937629466331,71
2,Mental,0.10685937629466331,75
2,Mental,0.10685937629466331,79
2,Mental,0.10685937629466331,83
2,Mental,0.10685937629466331,87
2,Mental,0.10685937629466331,91
2,Mental,0.10685937629466331,95
2,Mental,0.10685937629466331,99
2,Mental,0.10685937629466331,103
2,Mental,0.10685937629466331,107
2,Mental,0.10685937629466331,111
2,Mental,0.10685937629466331,115
2,Mental,0.10685937629466331,119
2,Mental,0.10685937629466331,123
2,Mental,0.10685937629466331,127
2,Nursing_and_Midwifery,0.0807874215347857,3
2,Nursing_and_Midwifery,0.0807874215347857,7
2,Nursing_and_Midwifery,0.0807874215347857,11
2,Nursing_and_Midwifery,0.0807874215347857,15
2,Nursing_and_Midwifery,0.0807874215347857,19
2,Nursing_and_Midwifery,0.0807874215347857,23
2,Nursing_and_Midwifery,0.0807874215347857,27
2,Nursing_and_Midwifery,0.0807874215347857,31
2,Nursing_and_Midwifery,0.0807874215347857,35
2,Nursing_and_Midwifery,0.0807874215347857,39
2,Nursing_and_Midwifery,0.0807874215347857,43
2,Nursing_and_Midwifery,0.0807874215347857,47
2,Nursing_and_Midwifery,0.0807874215347857,51
2,Nursing_and_Midwifery,0.0807874215347857,55
2,Nursing_and_Midwifery,0.0807874215347857,59
2,Nursing_and_Midwifery,0.0807874215347857,63
2,Nursing_and_Midwifery,0.0807874215347857,67
2,Nursing_and_Midwifery,0.0807874215347857,71
2,Nursing_and_Midwifery,0.0807874215347857,75
2,Nursing_and_Midwifery,0.0807874215347857,79
2,Nursing_and_Midwifery,0.0807874215347857,83
2,Nursing_and_Midwifery,0.0807874215347857,87
2,Nursing_and_Midwifery,0.0807874215347857,91
2,Nursing_and_Midwifery,0.0807874215347857,95
2,Nursing_and_Midwifery,0.0807874215347857,99
2,Nursing_and_Midwifery,0.0807874215347857,103
2,Nursing_and_Midwifery,0.0807874215347857,107
2,Nursing_and_Midwifery,0.0807874215347857,111
2,Nursing_and_Midwifery,0.0807874215347857,115
2,Nursing_and_Midwifery,0.0807874215347857,119
2,Nursing_and_Midwifery,0.0807874215347857,123
2,Nursing_and_Midwifery,0.0807874215347857,127
2,Nutrition,0.0639284345009262,3
2,Nutrition,0.0639284345009262,7
2,Nutrition,0.0639284345009262,11
2,Nutrition,0.0639284345009262,15
2,Nutrition,0.0639284345009262,19
2,Nutrition,0.0639284345009262,23
2,Nutrition,0.0639284345009262,27
2,Nutrition,0.0639284345009262,31
2,Nutrition,0.0639284345009262,35
2,Nutrition,0.0639284345009262,39
2,Nutrition,0.0639284345009262,43
2,Nutrition,0.0639284345009262,47
2,Nutrition,0.0639284345009262,51
2,Nutrition,0.0639284345009262,55
2,Nutrition,0.0639284345009262,59
2,Nutrition,0.0639284345009262,63
2,Nutrition,0.0639284345009262,67
2,Nutrition,0.0639284345009262,71
2,Nutrition,0.0639284345009262,75
2,Nutrition,0.0639284345009262,79
2,Nutrition,0.0639284345009262,83
2,Nutrition,0.0639284345009262,87
2,Nutrition,0.0639284345009262,91
2,Nutrition,0.0639284345009262,95
2,Nutrition,0.0639284345009262,99
2,Nutrition,0.0639284345009262,103
2,Nutrition,0.0639284345009262,107
2,Nutrition,0.0639284345009262,111
2,Nutrition,0.0639284345009262,115
2,Nutrition,0.0639284345009262,119
2,Nutrition,0.0639284345009262,123
2,Nutrition,0.0639284345009262,127
2,Pharmacy,0.07361036959357388,3
2,Pharmacy,0.07361036959357388,7
2,Pharmacy,0.07361036959357388,11
2,Pharmacy,0.07361036959357388,15
2,Pharmacy,0.07361036959357388,19
2,Pharmacy,0.07361036959357388,23
2,Pharmacy,0.07361036959357388,27
2,Pharmacy,0.07361036959357388,31
2,Pharmacy,0.07361036959357388,35
2,Pharmacy,0.07361036959357388,39
2,Pharmacy,0.07361036959357388,43
2,Pharmacy,0.07361036959357388,47
2,Pharmacy,0.07361036959357388,51
2,Pharmacy,0.07361036959357388,55
2,Pharmacy,0.07361036959357388,59
2,Pharmacy,0.07361036959357388,63
2,Pharmacy,0.07361036959357388,67
2,Pharmacy,0.07361036959357388,71
2,Pharmacy,0.07361036959357388,75
2,Pharmacy,0.07361036959357388,79
2,Pharmacy,0.07361036959357388,83
2,Pharmacy,0.07361036959357388,87
2,Pharmacy,0.07361036959357388,91
2,Pharmacy,0.07361036959357388,95
2,Pharmacy,0.07361036959357388,99
2,Pharmacy,0.07361036959357388,103
2,Pharmacy,0.07361036959357388,107
2,Pharmacy,0.07361036959357388,111
2,Pharmacy,0.07361036959357388,115
2,Pharmacy,0.07361036959357388,119
2,Pharmacy,0.07361036959357388,123
2,Pharmacy,0.07361036959357388,127
2,Radiography,0.08494872731157552,3
2,Radiography,0.08494872731157552,7
2,Radiography,0.08494872731157552,11
2,Radiography,0.08494872731157552,15
2,Radiography,0.08494872731157552,19
2,Radiography,0.08494872731157552,23
2,Radiography,0.08494872731157552,27
2,Radiography,0.08494872731157552,31
2,Radiography,0.08494872731157552,35
2,Radiography,0.08494872731157552,39
2,Radiography,0.08494872731157552,43
2,Radiography,0.08494872731157552,47
2,Radiography,0.08494872731157552,51
2,Radiography,0.08494872731157552,55
2,Radiography,0.08494872731157552,59
2,Radiography,0.08494872731157552,63
2,Radiography,0.08494872731157552,67
2,Radiography,0.08494872731157552,71
2,Radiography,0.08494872731157552,75
2,Radiography,0.08494872731157552,79
2,Radiography,0.08494872731157552,83
2,Radiography,0.08494872731157552,87
2,Radiography,0.08494872731157552,91
2,Radiography,0.08494872731157552,95
2,Radiography,0.08494872731157552,99
2,Radiography,0.08494872731157552,103
2,Radiography,0.08494872731157552,107
2,Radiography,0.08494872731157552,111
2,Radiography,0.08494872731157552,115
2,Radiography,0.08494872731157552,119
2,Radiography,0.08494872731157552,123
2,Radiography,0.08494872731157552,127
3,Clinical,0.10529866543952451,128
3,Clinical,0.10529866543952451,129
3,Clinical,0.10529866543952451,130
3,DCSA,0.0,128
3,DCSA,0.0,129
3,DCSA,0.0,130
3,Dental,0.07829874543389978,128
3,Dental,0.07829874543389978,129
3,Dental,0.07829874543389978,130
3,Laboratory,0.0738347576509901,128
3,Laboratory,0.0738347576509901,129
3,Laboratory,0.0738347576509901,130
3,Mental,0.10685937629466333,128
3,Mental,0.10685937629466333,129
3,Mental,0.10685937629466333,130
3,Nursing_and_Midwifery,0.08186628595521346,128
3,Nursing_and_Midwifery,0.08186628595521346,129
3,Nursing_and_Midwifery,0.08186628595521346,130
3,Nutrition,0.0639284345009262,128
3,Nutrition,0.0639284345009262,129
3,Nutrition,0.0639284345009262,130
3,Pharmacy,0.07357821789389614,128
3,Pharmacy,0.07357821789389614,129
3,Pharmacy,0.07357821789389614,130
3,Radiography,0.08448172509117155,128
3,Radiography,0.08448172509117155,129
3,Radiography,0.08448172509117155,130
4,Clinical,0.09878735968086705,131
4,DCSA,0.0,131
4,Dental,0.0,131
4,Laboratory,0.0,131
4,Mental,0.10685937629466331,131
4,Nursing_and_Midwifery,0.0811022714277672,131
4,Nutrition,0.0,131
4,Pharmacy,0.07364430296692356,131
4,Radiography,0.0,131
5,Clinical,0.10583786289783911,132
5,DCSA,0.0,132
5,Dental,0.0,132
5,Laboratory,0.07383396219479044,132
5,Mental,0.0,132
5,Nursing_and_Midwifery,0.09092392823473701,132
5,Nutrition,0.0639284345009262,132
5,Pharmacy,0.07358379192020066,132
5,Radiography,0.08207874817927362,132
