Facility_ID,Officer_Type_Code,GenericClinic,CancerClinic,CardiometabolicClinic,ChronicRespiratoryClinic,NeurologicalMentalHealthClinic
0.0,Clinical,0.8,0.03,0.1,0.02,0.05
0.0,DCSA,0.8,0.03,0.1,0.02,0.05
0.0,Dental,0.8,0.03,0.1,0.02,0.05
0.0,Laboratory,0.8,0.03,0.1,0.02,0.05
0.0,Mental,0.8,0.03,0.1,0.02,0.05
0.0,Nursing_and_Midwifery,0.8,0.03,0.1,0.02,0.05
0.0,Nutrition,0.8,0.03,0.1,0.02,0.05
0.0,Pharmacy,0.8,0.03,0.1,0.02,0.05
0.0,Radiography,0.8,0.03,0.1,0.02,0.05
1.0,Clinical,0.8,0.03,0.1,0.02,0.05
1.0,DCSA,0.8,0.03,0.1,0.02,0.05
1.0,Dental,0.8,0.03,0.1,0.02,0.05
1.0,Laboratory,0.8,0.03,0.1,0.02,0.05
1.0,Mental,0.8,0.03,0.1,0.02,0.05
1.0,Nursing_and_Midwifery,0.8,0.03,0.1,0.02,0.05
1.0,Nutrition,0.8,0.03,0.1,0.02,0.05
1.0,Pharmacy,0.8,0.03,0.1,0.02,0.05
1.0,Radiography,0.8,0.03,0.1,0.02,0.05
2.0,Clinical,0.8,0.03,0.1,0.02,0.05
2.0,DCSA,0.8,0.03,0.1,0.02,0.05
2.0,Dental,0.8,0.03,0.1,0.02,0.05
2.0,Laboratory,0.8,0.03,0.1,0.02,0.05
2.0,Mental,0.8,0.03,0.1,0.02,0.05
2.0,Nursing_and_Midwifery,0.8,0.03,0.1,0.02,0.05
2.0,Nutrition,0.8,0.03,0.1,0.02,0.05
2.0,Pharmacy,0.8,0.03,0.1,0.02,0.05
2.0,Radiography,0.8,0.03,0.1,0.02,0.05
3.0,Clinical,0.8,0.03,0.1,0.02,0.05
3.0,DCSA,0.8,0.03,0.1,0.02,0.05
3.0,Dental,0.8,0.03,0.1,0.02,0.05
3.0,Laboratory,0.8,0.03,0.1,0.02,0.05
3.0,Mental,0.8,0.03,0.1,0.02,0.05
3.0,Nursing_and_Midwifery,0.8,0.03,0.1,0.02,0.05
3.0,Nutrition,0.8,0.03,0.1,0.02,0.05
3.0,Pharmacy,0.8,0.03,0.1,0.02,0.05
3.0,Radiography,0.8,0.03,0.1,0.02,0.05
4.0,Clinical,0.8,0.03,0.1,0.02,0.05
4.0,DCSA,0.8,0.03,0.1,0.02,0.05
4.0,Dental,0.8,0.03,0.1,0.02,0.05
4.0,Laboratory,0.8,0.03,0.1,0.02,0.05
4.0,Mental,0.8,0.03,0.1,0.02,0.05
4.0,Nursing_and_Midwifery,0.8,0.03,0.1,0.02,0.05
4.0,Nutrition,0.8,0.03,0.1,0.02,0.05
4.0,Pharmacy,0.8,0.03,0.1,0.02,0.05
4.0,Radiography,0.8,0.03,0.1,0.02,0.05
5.0,Clinical,0.8,0.03,0.1,0.02,0.05
5.0,DCSA,0.8,0.03,0.1,0.02,0.05
5.0,Dental,0.8,0.03,0.1,0.02,0.05
5.0,Laboratory,0.8,0.03,0.1,0.02,0.05
5.0,Mental,0.8,0.03,0.1,0.02,0.05
5.0,Nursing_and_Midwifery,0.8,0.03,0.1,0.02,0.05
5.0,Nutrition,0.8,0.03,0.1,0.02,0.05
5.0,Pharmacy,0.8,0.03,0.1,0.02,0.05
5.0,Radiography,0.8,0.03,0.1,0.02,0.05
6.0,Clinical,0.8,0.03,0.1,0.02,0.05
6.0,DCSA,0.8,0.03,0.1,0.02,0.05
6.0,Dental,0.8,0.03,0.1,0.02,0.05
6.0,Laboratory,0.8,0.03,0.1,0.02,0.05
6.0,Mental,0.8,0.03,0.1,0.02,0.05
6.0,Nursing_and_Midwifery,0.8,0.03,0.1,0.02,0.05
6.0,Nutrition,0.8,0.03,0.1,0.02,0.05
6.0,Pharmacy,0.8,0.03,0.1,0.02,0.05
6.0,Radiography,0.8,0.03,0.1,0.02,0.05
7.0,Clinical,0.8,0.03,0.1,0.02,0.05
7.0,DCSA,0.8,0.03,0.1,0.02,0.05
7.0,Dental,0.8,0.03,0.1,0.02,0.05
7.0,Laboratory,0.8,0.03,0.1,0.02,0.05
7.0,Mental,0.8,0.03,0.1,0.02,0.05
7.0,Nursing_and_Midwifery,0.8,0.03,0.1,0.02,0.05
7.0,Nutrition,0.8,0.03,0.1,0.02,0.05
7.0,Pharmacy,0.8,0.03,0.1,0.02,0.05
7.0,Radiography,0.8,0.03,0.1,0.02,0.05
8.0,Clinical,0.8,0.03,0.1,0.02,0.05
8.0,DCSA,0.8,0.03,0.1,0.02,0.05
8.0,Dental,0.8,0.03,0.1,0.02,0.05
8.0,Laboratory,0.8,0.03,0.1,0.02,0.05
8.0,Mental,0.8,0.03,0.1,0.02,0.05
8.0,Nursing_and_Midwifery,0.8,0.03,0.1,0.02,0.05
8.0,Nutrition,0.8,0.03,0.1,0.02,0.05
8.0,Pharmacy,0.8,0.03,0.1,0.02,0.05
8.0,Radiography,0.8,0.03,0.1,0.02,0.05
9.0,Clinical,0.8,0.03,0.1,0.02,0.05
9.0,DCSA,0.8,0.03,0.1,0.02,0.05
9.0,Dental,0.8,0.03,0.1,0.02,0.05
9.0,Laboratory,0.8,0.03,0.1,0.02,0.05
9.0,Mental,0.8,0.03,0.1,0.02,0.05
9.0,Nursing_and_Midwifery,0.8,0.03,0.1,0.02,0.05
9.0,Nutrition,0.8,0.03,0.1,0.02,0.05
9.0,Pharmacy,0.8,0.03,0.1,0.02,0.05
9.0,Radiography,0.8,0.03,0.1,0.02,0.05
10.0,Clinical,0.8,0.03,0.1,0.02,0.05
10.0,DCSA,0.8,0.03,0.1,0.02,0.05
10.0,Dental,0.8,0.03,0.1,0.02,0.05
10.0,Laboratory,0.8,0.03,0.1,0.02,0.05
10.0,Mental,0.8,0.03,0.1,0.02,0.05
10.0,Nursing_and_Midwifery,0.8,0.03,0.1,0.02,0.05
10.0,Nutrition,0.8,0.03,0.1,0.02,0.05
10.0,Pharmacy,0.8,0.03,0.1,0.02,0.05
10.0,Radiography,0.8,0.03,0.1,0.02,0.05
11.0,Clinical,0.8,0.03,0.1,0.02,0.05
11.0,DCSA,0.8,0.03,0.1,0.02,0.05
11.0,Dental,0.8,0.03,0.1,0.02,0.05
11.0,Laboratory,0.8,0.03,0.1,0.02,0.05
11.0,Mental,0.8,0.03,0.1,0.02,0.05
11.0,Nursing_and_Midwifery,0.8,0.03,0.1,0.02,0.05
11.0,Nutrition,0.8,0.03,0.1,0.02,0.05
11.0,Pharmacy,0.8,0.03,0.1,0.02,0.05
11.0,Radiography,0.8,0.03,0.1,0.02,0.05
12.0,Clinical,0.8,0.03,0.1,0.02,0.05
12.0,DCSA,0.8,0.03,0.1,0.02,0.05
12.0,Dental,0.8,0.03,0.1,0.02,0.05
12.0,Laboratory,0.8,0.03,0.1,0.02,0.05
12.0,Mental,0.8,0.03,0.1,0.02,0.05
12.0,Nursing_and_Midwifery,0.8,0.03,0.1,0.02,0.05
12.0,Nutrition,0.8,0.03,0.1,0.02,0.05
12.0,Pharmacy,0.8,0.03,0.1,0.02,0.05
12.0,Radiography,0.8,0.03,0.1,0.02,0.05
13.0,Clinical,0.8,0.03,0.1,0.02,0.05
13.0,DCSA,0.8,0.03,0.1,0.02,0.05
13.0,Dental,0.8,0.03,0.1,0.02,0.05
13.0,Laboratory,0.8,0.03,0.1,0.02,0.05
13.0,Mental,0.8,0.03,0.1,0.02,0.05
13.0,Nursing_and_Midwifery,0.8,0.03,0.1,0.02,0.05
13.0,Nutrition,0.8,0.03,0.1,0.02,0.05
13.0,Pharmacy,0.8,0.03,0.1,0.02,0.05
13.0,Radiography,0.8,0.03,0.1,0.02,0.05
14.0,Clinical,0.8,0.03,0.1,0.02,0.05
14.0,DCSA,0.8,0.03,0.1,0.02,0.05
14.0,Dental,0.8,0.03,0.1,0.02,0.05
14.0,Laboratory,0.8,0.03,0.1,0.02,0.05
14.0,Mental,0.8,0.03,0.1,0.02,0.05
14.0,Nursing_and_Midwifery,0.8,0.03,0.1,0.02,0.05
14.0,Nutrition,0.8,0.03,0.1,0.02,0.05
14.0,Pharmacy,0.8,0.03,0.1,0.02,0.05
14.0,Radiography,0.8,0.03,0.1,0.02,0.05
15.0,Clinical,0.8,0.03,0.1,0.02,0.05
15.0,DCSA,0.8,0.03,0.1,0.02,0.05
15.0,Dental,0.8,0.03,0.1,0.02,0.05
15.0,Laboratory,0.8,0.03,0.1,0.02,0.05
15.0,Mental,0.8,0.03,0.1,0.02,0.05
15.0,Nursing_and_Midwifery,0.8,0.03,0.1,0.02,0.05
15.0,Nutrition,0.8,0.03,0.1,0.02,0.05
15.0,Pharmacy,0.8,0.03,0.1,0.02,0.05
15.0,Radiography,0.8,0.03,0.1,0.02,0.05
16.0,Clinical,0.8,0.03,0.1,0.02,0.05
16.0,DCSA,0.8,0.03,0.1,0.02,0.05
16.0,Dental,0.8,0.03,0.1,0.02,0.05
16.0,Laboratory,0.8,0.03,0.1,0.02,0.05
16.0,Mental,0.8,0.03,0.1,0.02,0.05
16.0,Nursing_and_Midwifery,0.8,0.03,0.1,0.02,0.05
16.0,Nutrition,0.8,0.03,0.1,0.02,0.05
16.0,Pharmacy,0.8,0.03,0.1,0.02,0.05
16.0,Radiography,0.8,0.03,0.1,0.02,0.05
17.0,Clinical,0.8,0.03,0.1,0.02,0.05
17.0,DCSA,0.8,0.03,0.1,0.02,0.05
17.0,Dental,0.8,0.03,0.1,0.02,0.05
17.0,Laboratory,0.8,0.03,0.1,0.02,0.05
17.0,Mental,0.8,0.03,0.1,0.02,0.05
17.0,Nursing_and_Midwifery,0.8,0.03,0.1,0.02,0.05
17.0,Nutrition,0.8,0.03,0.1,0.02,0.05
17.0,Pharmacy,0.8,0.03,0.1,0.02,0.05
17.0,Radiography,0.8,0.03,0.1,0.02,0.05
18.0,Clinical,0.8,0.03,0.1,0.02,0.05
18.0,DCSA,0.8,0.03,0.1,0.02,0.05
18.0,Dental,0.8,0.03,0.1,0.02,0.05
18.0,Laboratory,0.8,0.03,0.1,0.02,0.05
18.0,Mental,0.8,0.03,0.1,0.02,0.05
18.0,Nursing_and_Midwifery,0.8,0.03,0.1,0.02,0.05
18.0,Nutrition,0.8,0.03,0.1,0.02,0.05
18.0,Pharmacy,0.8,0.03,0.1,0.02,0.05
18.0,Radiography,0.8,0.03,0.1,0.02,0.05
19.0,Clinical,0.8,0.03,0.1,0.02,0.05
19.0,DCSA,0.8,0.03,0.1,0.02,0.05
19.0,Dental,0.8,0.03,0.1,0.02,0.05
19.0,Laboratory,0.8,0.03,0.1,0.02,0.05
19.0,Mental,0.8,0.03,0.1,0.02,0.05
19.0,Nursing_and_Midwifery,0.8,0.03,0.1,0.02,0.05
19.0,Nutrition,0.8,0.03,0.1,0.02,0.05
19.0,Pharmacy,0.8,0.03,0.1,0.02,0.05
19.0,Radiography,0.8,0.03,0.1,0.02,0.05
20.0,Clinical,0.8,0.03,0.1,0.02,0.05
20.0,DCSA,0.8,0.03,0.1,0.02,0.05
20.0,Dental,0.8,0.03,0.1,0.02,0.05
20.0,Laboratory,0.8,0.03,0.1,0.02,0.05
20.0,Mental,0.8,0.03,0.1,0.02,0.05
20.0,Nursing_and_Midwifery,0.8,0.03,0.1,0.02,0.05
20.0,Nutrition,0.8,0.03,0.1,0.02,0.05
20.0,Pharmacy,0.8,0.03,0.1,0.02,0.05
20.0,Radiography,0.8,0.03,0.1,0.02,0.05
21.0,Clinical,0.8,0.03,0.1,0.02,0.05
21.0,DCSA,0.8,0.03,0.1,0.02,0.05
21.0,Dental,0.8,0.03,0.1,0.02,0.05
21.0,Laboratory,0.8,0.03,0.1,0.02,0.05
21.0,Mental,0.8,0.03,0.1,0.02,0.05
21.0,Nursing_and_Midwifery,0.8,0.03,0.1,0.02,0.05
21.0,Nutrition,0.8,0.03,0.1,0.02,0.05
21.0,Pharmacy,0.8,0.03,0.1,0.02,0.05
21.0,Radiography,0.8,0.03,0.1,0.02,0.05
22.0,Clinical,0.8,0.03,0.1,0.02,0.05
22.0,DCSA,0.8,0.03,0.1,0.02,0.05
22.0,Dental,0.8,0.03,0.1,0.02,0.05
22.0,Laboratory,0.8,0.03,0.1,0.02,0.05
22.0,Mental,0.8,0.03,0.1,0.02,0.05
22.0,Nursing_and_Midwifery,0.8,0.03,0.1,0.02,0.05
22.0,Nutrition,0.8,0.03,0.1,0.02,0.05
22.0,Pharmacy,0.8,0.03,0.1,0.02,0.05
22.0,Radiography,0.8,0.03,0.1,0.02,0.05
23.0,Clinical,0.8,0.03,0.1,0.02,0.05
23.0,DCSA,0.8,0.03,0.1,0.02,0.05
23.0,Dental,0.8,0.03,0.1,0.02,0.05
23.0,Laboratory,0.8,0.03,0.1,0.02,0.05
23.0,Mental,0.8,0.03,0.1,0.02,0.05
23.0,Nursing_and_Midwifery,0.8,0.03,0.1,0.02,0.05
23.0,Nutrition,0.8,0.03,0.1,0.02,0.05
23.0,Pharmacy,0.8,0.03,0.1,0.02,0.05
23.0,Radiography,0.8,0.03,0.1,0.02,0.05
24.0,Clinical,0.8,0.03,0.1,0.02,0.05
24.0,DCSA,0.8,0.03,0.1,0.02,0.05
24.0,Dental,0.8,0.03,0.1,0.02,0.05
24.0,Laboratory,0.8,0.03,0.1,0.02,0.05
24.0,Mental,0.8,0.03,0.1,0.02,0.05
24.0,Nursing_and_Midwifery,0.8,0.03,0.1,0.02,0.05
24.0,Nutrition,0.8,0.03,0.1,0.02,0.05
24.0,Pharmacy,0.8,0.03,0.1,0.02,0.05
24.0,Radiography,0.8,0.03,0.1,0.02,0.05
25.0,Clinical,0.8,0.03,0.1,0.02,0.05
25.0,DCSA,0.8,0.03,0.1,0.02,0.05
25.0,Dental,0.8,0.03,0.1,0.02,0.05
25.0,Laboratory,0.8,0.03,0.1,0.02,0.05
25.0,Mental,0.8,0.03,0.1,0.02,0.05
25.0,Nursing_and_Midwifery,0.8,0.03,0.1,0.02,0.05
25.0,Nutrition,0.8,0.03,0.1,0.02,0.05
25.0,Pharmacy,0.8,0.03,0.1,0.02,0.05
25.0,Radiography,0.8,0.03,0.1,0.02,0.05
26.0,Clinical,0.8,0.03,0.1,0.02,0.05
26.0,DCSA,0.8,0.03,0.1,0.02,0.05
26.0,Dental,0.8,0.03,0.1,0.02,0.05
26.0,Laboratory,0.8,0.03,0.1,0.02,0.05
26.0,Mental,0.8,0.03,0.1,0.02,0.05
26.0,Nursing_and_Midwifery,0.8,0.03,0.1,0.02,0.05
26.0,Nutrition,0.8,0.03,0.1,0.02,0.05
26.0,Pharmacy,0.8,0.03,0.1,0.02,0.05
26.0,Radiography,0.8,0.03,0.1,0.02,0.05
27.0,Clinical,0.8,0.03,0.1,0.02,0.05
27.0,DCSA,0.8,0.03,0.1,0.02,0.05
27.0,Dental,0.8,0.03,0.1,0.02,0.05
27.0,Laboratory,0.8,0.03,0.1,0.02,0.05
27.0,Mental,0.8,0.03,0.1,0.02,0.05
27.0,Nursing_and_Midwifery,0.8,0.03,0.1,0.02,0.05
27.0,Nutrition,0.8,0.03,0.1,0.02,0.05
27.0,Pharmacy,0.8,0.03,0.1,0.02,0.05
27.0,Radiography,0.8,0.03,0.1,0.02,0.05
28.0,Clinical,0.8,0.03,0.1,0.02,0.05
28.0,DCSA,0.8,0.03,0.1,0.02,0.05
28.0,Dental,0.8,0.03,0.1,0.02,0.05
28.0,Laboratory,0.8,0.03,0.1,0.02,0.05
28.0,Mental,0.8,0.03,0.1,0.02,0.05
28.0,Nursing_and_Midwifery,0.8,0.03,0.1,0.02,0.05
28.0,Nutrition,0.8,0.03,0.1,0.02,0.05
28.0,Pharmacy,0.8,0.03,0.1,0.02,0.05
28.0,Radiography,0.8,0.03,0.1,0.02,0.05
29.0,Clinical,0.8,0.03,0.1,0.02,0.05
29.0,DCSA,0.8,0.03,0.1,0.02,0.05
29.0,Dental,0.8,0.03,0.1,0.02,0.05
29.0,Laboratory,0.8,0.03,0.1,0.02,0.05
29.0,Mental,0.8,0.03,0.1,0.02,0.05
29.0,Nursing_and_Midwifery,0.8,0.03,0.1,0.02,0.05
29.0,Nutrition,0.8,0.03,0.1,0.02,0.05
29.0,Pharmacy,0.8,0.03,0.1,0.02,0.05
29.0,Radiography,0.8,0.03,0.1,0.02,0.05
30.0,Clinical,0.8,0.03,0.1,0.02,0.05
30.0,DCSA,0.8,0.03,0.1,0.02,0.05
30.0,Dental,0.8,0.03,0.1,0.02,0.05
30.0,Laboratory,0.8,0.03,0.1,0.02,0.05
30.0,Mental,0.8,0.03,0.1,0.02,0.05
30.0,Nursing_and_Midwifery,0.8,0.03,0.1,0.02,0.05
30.0,Nutrition,0.8,0.03,0.1,0.02,0.05
30.0,Pharmacy,0.8,0.03,0.1,0.02,0.05
30.0,Radiography,0.8,0.03,0.1,0.02,0.05
31.0,Clinical,0.8,0.03,0.1,0.02,0.05
31.0,DCSA,0.8,0.03,0.1,0.02,0.05
31.0,Dental,0.8,0.03,0.1,0.02,0.05
31.0,Laboratory,0.8,0.03,0.1,0.02,0.05
31.0,Mental,0.8,0.03,0.1,0.02,0.05
31.0,Nursing_and_Midwifery,0.8,0.03,0.1,0.02,0.05
31.0,Nutrition,0.8,0.03,0.1,0.02,0.05
31.0,Pharmacy,0.8,0.03,0.1,0.02,0.05
31.0,Radiography,0.8,0.03,0.1,0.02,0.05
32.0,Clinical,0.8,0.03,0.1,0.02,0.05
32.0,DCSA,0.8,0.03,0.1,0.02,0.05
32.0,Dental,0.8,0.03,0.1,0.02,0.05
32.0,Laboratory,0.8,0.03,0.1,0.02,0.05
32.0,Mental,0.8,0.03,0.1,0.02,0.05
32.0,Nursing_and_Midwifery,0.8,0.03,0.1,0.02,0.05
32.0,Nutrition,0.8,0.03,0.1,0.02,0.05
32.0,Pharmacy,0.8,0.03,0.1,0.02,0.05
32.0,Radiography,0.8,0.03,0.1,0.02,0.05
33.0,Clinical,0.8,0.03,0.1,0.02,0.05
33.0,DCSA,0.8,0.03,0.1,0.02,0.05
33.0,Dental,0.8,0.03,0.1,0.02,0.05
33.0,Laboratory,0.8,0.03,0.1,0.02,0.05
33.0,Mental,0.8,0.03,0.1,0.02,0.05
33.0,Nursing_and_Midwifery,0.8,0.03,0.1,0.02,0.05
33.0,Nutrition,0.8,0.03,0.1,0.02,0.05
33.0,Pharmacy,0.8,0.03,0.1,0.02,0.05
33.0,Radiography,0.8,0.03,0.1,0.02,0.05
34.0,Clinical,0.8,0.03,0.1,0.02,0.05
34.0,DCSA,0.8,0.03,0.1,0.02,0.05
34.0,Dental,0.8,0.03,0.1,0.02,0.05
34.0,Laboratory,0.8,0.03,0.1,0.02,0.05
34.0,Mental,0.8,0.03,0.1,0.02,0.05
34.0,Nursing_and_Midwifery,0.8,0.03,0.1,0.02,0.05
34.0,Nutrition,0.8,0.03,0.1,0.02,0.05
34.0,Pharmacy,0.8,0.03,0.1,0.02,0.05
34.0,Radiography,0.8,0.03,0.1,0.02,0.05
35.0,Clinical,0.8,0.03,0.1,0.02,0.05
35.0,DCSA,0.8,0.03,0.1,0.02,0.05
35.0,Dental,0.8,0.03,0.1,0.02,0.05
35.0,Laboratory,0.8,0.03,0.1,0.02,0.05
35.0,Mental,0.8,0.03,0.1,0.02,0.05
35.0,Nursing_and_Midwifery,0.8,0.03,0.1,0.02,0.05
35.0,Nutrition,0.8,0.03,0.1,0.02,0.05
35.0,Pharmacy,0.8,0.03,0.1,0.02,0.05
35.0,Radiography,0.8,0.03,0.1,0.02,0.05
36.0,Clinical,0.8,0.03,0.1,0.02,0.05
36.0,DCSA,0.8,0.03,0.1,0.02,0.05
36.0,Dental,0.8,0.03,0.1,0.02,0.05
36.0,Laboratory,0.8,0.03,0.1,0.02,0.05
36.0,Mental,0.8,0.03,0.1,0.02,0.05
36.0,Nursing_and_Midwifery,0.8,0.03,0.1,0.02,0.05
36.0,Nutrition,0.8,0.03,0.1,0.02,0.05
36.0,Pharmacy,0.8,0.03,0.1,0.02,0.05
36.0,Radiography,0.8,0.03,0.1,0.02,0.05
37.0,Clinical,0.8,0.03,0.1,0.02,0.05
37.0,DCSA,0.8,0.03,0.1,0.02,0.05
37.0,Dental,0.8,0.03,0.1,0.02,0.05
37.0,Laboratory,0.8,0.03,0.1,0.02,0.05
37.0,Mental,0.8,0.03,0.1,0.02,0.05
37.0,Nursing_and_Midwifery,0.8,0.03,0.1,0.02,0.05
37.0,Nutrition,0.8,0.03,0.1,0.02,0.05
37.0,Pharmacy,0.8,0.03,0.1,0.02,0.05
37.0,Radiography,0.8,0.03,0.1,0.02,0.05
38.0,Clinical,0.8,0.03,0.1,0.02,0.05
38.0,DCSA,0.8,0.03,0.1,0.02,0.05
38.0,Dental,0.8,0.03,0.1,0.02,0.05
38.0,Laboratory,0.8,0.03,0.1,0.02,0.05
38.0,Mental,0.8,0.03,0.1,0.02,0.05
38.0,Nursing_and_Midwifery,0.8,0.03,0.1,0.02,0.05
38.0,Nutrition,0.8,0.03,0.1,0.02,0.05
38.0,Pharmacy,0.8,0.03,0.1,0.02,0.05
38.0,Radiography,0.8,0.03,0.1,0.02,0.05
39.0,Clinical,0.8,0.03,0.1,0.02,0.05
39.0,DCSA,0.8,0.03,0.1,0.02,0.05
39.0,Dental,0.8,0.03,0.1,0.02,0.05
39.0,Laboratory,0.8,0.03,0.1,0.02,0.05
39.0,Mental,0.8,0.03,0.1,0.02,0.05
39.0,Nursing_and_Midwifery,0.8,0.03,0.1,0.02,0.05
39.0,Nutrition,0.8,0.03,0.1,0.02,0.05
39.0,Pharmacy,0.8,0.03,0.1,0.02,0.05
39.0,Radiography,0.8,0.03,0.1,0.02,0.05
40.0,Clinical,0.8,0.03,0.1,0.02,0.05
40.0,DCSA,0.8,0.03,0.1,0.02,0.05
40.0,Dental,0.8,0.03,0.1,0.02,0.05
40.0,Laboratory,0.8,0.03,0.1,0.02,0.05
40.0,Mental,0.8,0.03,0.1,0.02,0.05
40.0,Nursing_and_Midwifery,0.8,0.03,0.1,0.02,0.05
40.0,Nutrition,0.8,0.03,0.1,0.02,0.05
40.0,Pharmacy,0.8,0.03,0.1,0.02,0.05
40.0,Radiography,0.8,0.03,0.1,0.02,0.05
41.0,Clinical,0.8,0.03,0.1,0.02,0.05
41.0,DCSA,0.8,0.03,0.1,0.02,0.05
41.0,Dental,0.8,0.03,0.1,0.02,0.05
41.0,Laboratory,0.8,0.03,0.1,0.02,0.05
41.0,Mental,0.8,0.03,0.1,0.02,0.05
41.0,Nursing_and_Midwifery,0.8,0.03,0.1,0.02,0.05
41.0,Nutrition,0.8,0.03,0.1,0.02,0.05
41.0,Pharmacy,0.8,0.03,0.1,0.02,0.05
41.0,Radiography,0.8,0.03,0.1,0.02,0.05
42.0,Clinical,0.8,0.03,0.1,0.02,0.05
42.0,DCSA,0.8,0.03,0.1,0.02,0.05
42.0,Dental,0.8,0.03,0.1,0.02,0.05
42.0,Laboratory,0.8,0.03,0.1,0.02,0.05
42.0,Mental,0.8,0.03,0.1,0.02,0.05
42.0,Nursing_and_Midwifery,0.8,0.03,0.1,0.02,0.05
42.0,Nutrition,0.8,0.03,0.1,0.02,0.05
42.0,Pharmacy,0.8,0.03,0.1,0.02,0.05
42.0,Radiography,0.8,0.03,0.1,0.02,0.05
43.0,Clinical,0.8,0.03,0.1,0.02,0.05
43.0,DCSA,0.8,0.03,0.1,0.02,0.05
43.0,Dental,0.8,0.03,0.1,0.02,0.05
43.0,Laboratory,0.8,0.03,0.1,0.02,0.05
43.0,Mental,0.8,0.03,0.1,0.02,0.05
43.0,Nursing_and_Midwifery,0.8,0.03,0.1,0.02,0.05
43.0,Nutrition,0.8,0.03,0.1,0.02,0.05
43.0,Pharmacy,0.8,0.03,0.1,0.02,0.05
43.0,Radiography,0.8,0.03,0.1,0.02,0.05
44.0,Clinical,0.8,0.03,0.1,0.02,0.05
44.0,DCSA,0.8,0.03,0.1,0.02,0.05
44.0,Dental,0.8,0.03,0.1,0.02,0.05
44.0,Laboratory,0.8,0.03,0.1,0.02,0.05
44.0,Mental,0.8,0.03,0.1,0.02,0.05
44.0,Nursing_and_Midwifery,0.8,0.03,0.1,0.02,0.05
44.0,Nutrition,0.8,0.03,0.1,0.02,0.05
44.0,Pharmacy,0.8,0.03,0.1,0.02,0.05
44.0,Radiography,0.8,0.03,0.1,0.02,0.05
45.0,Clinical,0.8,0.03,0.1,0.02,0.05
45.0,DCSA,0.8,0.03,0.1,0.02,0.05
45.0,Dental,0.8,0.03,0.1,0.02,0.05
45.0,Laboratory,0.8,0.03,0.1,0.02,0.05
45.0,Mental,0.8,0.03,0.1,0.02,0.05
45.0,Nursing_and_Midwifery,0.8,0.03,0.1,0.02,0.05
45.0,Nutrition,0.8,0.03,0.1,0.02,0.05
45.0,Pharmacy,0.8,0.03,0.1,0.02,0.05
45.0,Radiography,0.8,0.03,0.1,0.02,0.05
46.0,Clinical,0.8,0.03,0.1,0.02,0.05
46.0,DCSA,0.8,0.03,0.1,0.02,0.05
46.0,Dental,0.8,0.03,0.1,0.02,0.05
46.0,Laboratory,0.8,0.03,0.1,0.02,0.05
46.0,Mental,0.8,0.03,0.1,0.02,0.05
46.0,Nursing_and_Midwifery,0.8,0.03,0.1,0.02,0.05
46.0,Nutrition,0.8,0.03,0.1,0.02,0.05
46.0,Pharmacy,0.8,0.03,0.1,0.02,0.05
46.0,Radiography,0.8,0.03,0.1,0.02,0.05
47.0,Clinical,0.8,0.03,0.1,0.02,0.05
47.0,DCSA,0.8,0.03,0.1,0.02,0.05
47.0,Dental,0.8,0.03,0.1,0.02,0.05
47.0,Laboratory,0.8,0.03,0.1,0.02,0.05
47.0,Mental,0.8,0.03,0.1,0.02,0.05
47.0,Nursing_and_Midwifery,0.8,0.03,0.1,0.02,0.05
47.0,Nutrition,0.8,0.03,0.1,0.02,0.05
47.0,Pharmacy,0.8,0.03,0.1,0.02,0.05
47.0,Radiography,0.8,0.03,0.1,0.02,0.05
48.0,Clinical,0.8,0.03,0.1,0.02,0.05
48.0,DCSA,0.8,0.03,0.1,0.02,0.05
48.0,Dental,0.8,0.03,0.1,0.02,0.05
48.0,Laboratory,0.8,0.03,0.1,0.02,0.05
48.0,Mental,0.8,0.03,0.1,0.02,0.05
48.0,Nursing_and_Midwifery,0.8,0.03,0.1,0.02,0.05
48.0,Nutrition,0.8,0.03,0.1,0.02,0.05
48.0,Pharmacy,0.8,0.03,0.1,0.02,0.05
48.0,Radiography,0.8,0.03,0.1,0.02,0.05
49.0,Clinical,0.8,0.03,0.1,0.02,0.05
49.0,DCSA,0.8,0.03,0.1,0.02,0.05
49.0,Dental,0.8,0.03,0.1,0.02,0.05
49.0,Laboratory,0.8,0.03,0.1,0.02,0.05
49.0,Mental,0.8,0.03,0.1,0.02,0.05
49.0,Nursing_and_Midwifery,0.8,0.03,0.1,0.02,0.05
49.0,Nutrition,0.8,0.03,0.1,0.02,0.05
49.0,Pharmacy,0.8,0.03,0.1,0.02,0.05
49.0,Radiography,0.8,0.03,0.1,0.02,0.05
50.0,Clinical,0.8,0.03,0.1,0.02,0.05
50.0,DCSA,0.8,0.03,0.1,0.02,0.05
50.0,Dental,0.8,0.03,0.1,0.02,0.05
50.0,Laboratory,0.8,0.03,0.1,0.02,0.05
50.0,Mental,0.8,0.03,0.1,0.02,0.05
50.0,Nursing_and_Midwifery,0.8,0.03,0.1,0.02,0.05
50.0,Nutrition,0.8,0.03,0.1,0.02,0.05
50.0,Pharmacy,0.8,0.03,0.1,0.02,0.05
50.0,Radiography,0.8,0.03,0.1,0.02,0.05
51.0,Clinical,0.8,0.03,0.1,0.02,0.05
51.0,DCSA,0.8,0.03,0.1,0.02,0.05
51.0,Dental,0.8,0.03,0.1,0.02,0.05
51.0,Laboratory,0.8,0.03,0.1,0.02,0.05
51.0,Mental,0.8,0.03,0.1,0.02,0.05
51.0,Nursing_and_Midwifery,0.8,0.03,0.1,0.02,0.05
51.0,Nutrition,0.8,0.03,0.1,0.02,0.05
51.0,Pharmacy,0.8,0.03,0.1,0.02,0.05
51.0,Radiography,0.8,0.03,0.1,0.02,0.05
52.0,Clinical,0.8,0.03,0.1,0.02,0.05
52.0,DCSA,0.8,0.03,0.1,0.02,0.05
52.0,Dental,0.8,0.03,0.1,0.02,0.05
52.0,Laboratory,0.8,0.03,0.1,0.02,0.05
52.0,Mental,0.8,0.03,0.1,0.02,0.05
52.0,Nursing_and_Midwifery,0.8,0.03,0.1,0.02,0.05
52.0,Nutrition,0.8,0.03,0.1,0.02,0.05
52.0,Pharmacy,0.8,0.03,0.1,0.02,0.05
52.0,Radiography,0.8,0.03,0.1,0.02,0.05
53.0,Clinical,0.8,0.03,0.1,0.02,0.05
53.0,DCSA,0.8,0.03,0.1,0.02,0.05
53.0,Dental,0.8,0.03,0.1,0.02,0.05
53.0,Laboratory,0.8,0.03,0.1,0.02,0.05
53.0,Mental,0.8,0.03,0.1,0.02,0.05
53.0,Nursing_and_Midwifery,0.8,0.03,0.1,0.02,0.05
53.0,Nutrition,0.8,0.03,0.1,0.02,0.05
53.0,Pharmacy,0.8,0.03,0.1,0.02,0.05
53.0,Radiography,0.8,0.03,0.1,0.02,0.05
54.0,Clinical,0.8,0.03,0.1,0.02,0.05
54.0,DCSA,0.8,0.03,0.1,0.02,0.05
54.0,Dental,0.8,0.03,0.1,0.02,0.05
54.0,Laboratory,0.8,0.03,0.1,0.02,0.05
54.0,Mental,0.8,0.03,0.1,0.02,0.05
54.0,Nursing_and_Midwifery,0.8,0.03,0.1,0.02,0.05
54.0,Nutrition,0.8,0.03,0.1,0.02,0.05
54.0,Pharmacy,0.8,0.03,0.1,0.02,0.05
54.0,Radiography,0.8,0.03,0.1,0.02,0.05
55.0,Clinical,0.8,0.03,0.1,0.02,0.05
55.0,DCSA,0.8,0.03,0.1,0.02,0.05
55.0,Dental,0.8,0.03,0.1,0.02,0.05
55.0,Laboratory,0.8,0.03,0.1,0.02,0.05
55.0,Mental,0.8,0.03,0.1,0.02,0.05
55.0,Nursing_and_Midwifery,0.8,0.03,0.1,0.02,0.05
55.0,Nutrition,0.8,0.03,0.1,0.02,0.05
55.0,Pharmacy,0.8,0.03,0.1,0.02,0.05
55.0,Radiography,0.8,0.03,0.1,0.02,0.05
56.0,Clinical,0.8,0.03,0.1,0.02,0.05
56.0,DCSA,0.8,0.03,0.1,0.02,0.05
56.0,Dental,0.8,0.03,0.1,0.02,0.05
56.0,Laboratory,0.8,0.03,0.1,0.02,0.05
56.0,Mental,0.8,0.03,0.1,0.02,0.05
56.0,Nursing_and_Midwifery,0.8,0.03,0.1,0.02,0.05
56.0,Nutrition,0.8,0.03,0.1,0.02,0.05
56.0,Pharmacy,0.8,0.03,0.1,0.02,0.05
56.0,Radiography,0.8,0.03,0.1,0.02,0.05
57.0,Clinical,0.8,0.03,0.1,0.02,0.05
57.0,DCSA,0.8,0.03,0.1,0.02,0.05
57.0,Dental,0.8,0.03,0.1,0.02,0.05
57.0,Laboratory,0.8,0.03,0.1,0.02,0.05
57.0,Mental,0.8,0.03,0.1,0.02,0.05
57.0,Nursing_and_Midwifery,0.8,0.03,0.1,0.02,0.05
57.0,Nutrition,0.8,0.03,0.1,0.02,0.05
57.0,Pharmacy,0.8,0.03,0.1,0.02,0.05
57.0,Radiography,0.8,0.03,0.1,0.02,0.05
58.0,Clinical,0.8,0.03,0.1,0.02,0.05
58.0,DCSA,0.8,0.03,0.1,0.02,0.05
58.0,Dental,0.8,0.03,0.1,0.02,0.05
58.0,Laboratory,0.8,0.03,0.1,0.02,0.05
58.0,Mental,0.8,0.03,0.1,0.02,0.05
58.0,Nursing_and_Midwifery,0.8,0.03,0.1,0.02,0.05
58.0,Nutrition,0.8,0.03,0.1,0.02,0.05
58.0,Pharmacy,0.8,0.03,0.1,0.02,0.05
58.0,Radiography,0.8,0.03,0.1,0.02,0.05
59.0,Clinical,0.8,0.03,0.1,0.02,0.05
59.0,DCSA,0.8,0.03,0.1,0.02,0.05
59.0,Dental,0.8,0.03,0.1,0.02,0.05
59.0,Laboratory,0.8,0.03,0.1,0.02,0.05
59.0,Mental,0.8,0.03,0.1,0.02,0.05
59.0,Nursing_and_Midwifery,0.8,0.03,0.1,0.02,0.05
59.0,Nutrition,0.8,0.03,0.1,0.02,0.05
59.0,Pharmacy,0.8,0.03,0.1,0.02,0.05
59.0,Radiography,0.8,0.03,0.1,0.02,0.05
60.0,Clinical,0.8,0.03,0.1,0.02,0.05
60.0,DCSA,0.8,0.03,0.1,0.02,0.05
60.0,Dental,0.8,0.03,0.1,0.02,0.05
60.0,Laboratory,0.8,0.03,0.1,0.02,0.05
60.0,Mental,0.8,0.03,0.1,0.02,0.05
60.0,Nursing_and_Midwifery,0.8,0.03,0.1,0.02,0.05
60.0,Nutrition,0.8,0.03,0.1,0.02,0.05
60.0,Pharmacy,0.8,0.03,0.1,0.02,0.05
60.0,Radiography,0.8,0.03,0.1,0.02,0.05
61.0,Clinical,0.8,0.03,0.1,0.02,0.05
61.0,DCSA,0.8,0.03,0.1,0.02,0.05
61.0,Dental,0.8,0.03,0.1,0.02,0.05
61.0,Laboratory,0.8,0.03,0.1,0.02,0.05
61.0,Mental,0.8,0.03,0.1,0.02,0.05
61.0,Nursing_and_Midwifery,0.8,0.03,0.1,0.02,0.05
61.0,Nutrition,0.8,0.03,0.1,0.02,0.05
61.0,Pharmacy,0.8,0.03,0.1,0.02,0.05
61.0,Radiography,0.8,0.03,0.1,0.02,0.05
62.0,Clinical,0.8,0.03,0.1,0.02,0.05
62.0,DCSA,0.8,0.03,0.1,0.02,0.05
62.0,Dental,0.8,0.03,0.1,0.02,0.05
62.0,Laboratory,0.8,0.03,0.1,0.02,0.05
62.0,Mental,0.8,0.03,0.1,0.02,0.05
62.0,Nursing_and_Midwifery,0.8,0.03,0.1,0.02,0.05
62.0,Nutrition,0.8,0.03,0.1,0.02,0.05
62.0,Pharmacy,0.8,0.03,0.1,0.02,0.05
62.0,Radiography,0.8,0.03,0.1,0.02,0.05
63.0,Clinical,0.8,0.03,0.1,0.02,0.05
63.0,DCSA,0.8,0.03,0.1,0.02,0.05
63.0,Dental,0.8,0.03,0.1,0.02,0.05
63.0,Laboratory,0.8,0.03,0.1,0.02,0.05
63.0,Mental,0.8,0.03,0.1,0.02,0.05
63.0,Nursing_and_Midwifery,0.8,0.03,0.1,0.02,0.05
63.0,Nutrition,0.8,0.03,0.1,0.02,0.05
63.0,Pharmacy,0.8,0.03,0.1,0.02,0.05
63.0,Radiography,0.8,0.03,0.1,0.02,0.05
64.0,Clinical,0.8,0.03,0.1,0.02,0.05
64.0,DCSA,0.8,0.03,0.1,0.02,0.05
64.0,Dental,0.8,0.03,0.1,0.02,0.05
64.0,Laboratory,0.8,0.03,0.1,0.02,0.05
64.0,Mental,0.8,0.03,0.1,0.02,0.05
64.0,Nursing_and_Midwifery,0.8,0.03,0.1,0.02,0.05
64.0,Nutrition,0.8,0.03,0.1,0.02,0.05
64.0,Pharmacy,0.8,0.03,0.1,0.02,0.05
64.0,Radiography,0.8,0.03,0.1,0.02,0.05
65.0,Clinical,0.8,0.03,0.1,0.02,0.05
65.0,DCSA,0.8,0.03,0.1,0.02,0.05
65.0,Dental,0.8,0.03,0.1,0.02,0.05
65.0,Laboratory,0.8,0.03,0.1,0.02,0.05
65.0,Mental,0.8,0.03,0.1,0.02,0.05
65.0,Nursing_and_Midwifery,0.8,0.03,0.1,0.02,0.05
65.0,Nutrition,0.8,0.03,0.1,0.02,0.05
65.0,Pharmacy,0.8,0.03,0.1,0.02,0.05
65.0,Radiography,0.8,0.03,0.1,0.02,0.05
66.0,Clinical,0.8,0.03,0.1,0.02,0.05
66.0,DCSA,0.8,0.03,0.1,0.02,0.05
66.0,Dental,0.8,0.03,0.1,0.02,0.05
66.0,Laboratory,0.8,0.03,0.1,0.02,0.05
66.0,Mental,0.8,0.03,0.1,0.02,0.05
66.0,Nursing_and_Midwifery,0.8,0.03,0.1,0.02,0.05
66.0,Nutrition,0.8,0.03,0.1,0.02,0.05
66.0,Pharmacy,0.8,0.03,0.1,0.02,0.05
66.0,Radiography,0.8,0.03,0.1,0.02,0.05
67.0,Clinical,0.8,0.03,0.1,0.02,0.05
67.0,DCSA,0.8,0.03,0.1,0.02,0.05
67.0,Dental,0.8,0.03,0.1,0.02,0.05
67.0,Laboratory,0.8,0.03,0.1,0.02,0.05
67.0,Mental,0.8,0.03,0.1,0.02,0.05
67.0,Nursing_and_Midwifery,0.8,0.03,0.1,0.02,0.05
67.0,Nutrition,0.8,0.03,0.1,0.02,0.05
67.0,Pharmacy,0.8,0.03,0.1,0.02,0.05
67.0,Radiography,0.8,0.03,0.1,0.02,0.05
68.0,Clinical,0.8,0.03,0.1,0.02,0.05
68.0,DCSA,0.8,0.03,0.1,0.02,0.05
68.0,Dental,0.8,0.03,0.1,0.02,0.05
68.0,Laboratory,0.8,0.03,0.1,0.02,0.05
68.0,Mental,0.8,0.03,0.1,0.02,0.05
68.0,Nursing_and_Midwifery,0.8,0.03,0.1,0.02,0.05
68.0,Nutrition,0.8,0.03,0.1,0.02,0.05
68.0,Pharmacy,0.8,0.03,0.1,0.02,0.05
68.0,Radiography,0.8,0.03,0.1,0.02,0.05
69.0,Clinical,0.8,0.03,0.1,0.02,0.05
69.0,DCSA,0.8,0.03,0.1,0.02,0.05
69.0,Dental,0.8,0.03,0.1,0.02,0.05
69.0,Laboratory,0.8,0.03,0.1,0.02,0.05
69.0,Mental,0.8,0.03,0.1,0.02,0.05
69.0,Nursing_and_Midwifery,0.8,0.03,0.1,0.02,0.05
69.0,Nutrition,0.8,0.03,0.1,0.02,0.05
69.0,Pharmacy,0.8,0.03,0.1,0.02,0.05
69.0,Radiography,0.8,0.03,0.1,0.02,0.05
70.0,Clinical,0.8,0.03,0.1,0.02,0.05
70.0,DCSA,0.8,0.03,0.1,0.02,0.05
70.0,Dental,0.8,0.03,0.1,0.02,0.05
70.0,Laboratory,0.8,0.03,0.1,0.02,0.05
70.0,Mental,0.8,0.03,0.1,0.02,0.05
70.0,Nursing_and_Midwifery,0.8,0.03,0.1,0.02,0.05
70.0,Nutrition,0.8,0.03,0.1,0.02,0.05
70.0,Pharmacy,0.8,0.03,0.1,0.02,0.05
70.0,Radiography,0.8,0.03,0.1,0.02,0.05
71.0,Clinical,0.8,0.03,0.1,0.02,0.05
71.0,DCSA,0.8,0.03,0.1,0.02,0.05
71.0,Dental,0.8,0.03,0.1,0.02,0.05
71.0,Laboratory,0.8,0.03,0.1,0.02,0.05
71.0,Mental,0.8,0.03,0.1,0.02,0.05
71.0,Nursing_and_Midwifery,0.8,0.03,0.1,0.02,0.05
71.0,Nutrition,0.8,0.03,0.1,0.02,0.05
71.0,Pharmacy,0.8,0.03,0.1,0.02,0.05
71.0,Radiography,0.8,0.03,0.1,0.02,0.05
72.0,Clinical,0.8,0.03,0.1,0.02,0.05
72.0,DCSA,0.8,0.03,0.1,0.02,0.05
72.0,Dental,0.8,0.03,0.1,0.02,0.05
72.0,Laboratory,0.8,0.03,0.1,0.02,0.05
72.0,Mental,0.8,0.03,0.1,0.02,0.05
72.0,Nursing_and_Midwifery,0.8,0.03,0.1,0.02,0.05
72.0,Nutrition,0.8,0.03,0.1,0.02,0.05
72.0,Pharmacy,0.8,0.03,0.1,0.02,0.05
72.0,Radiography,0.8,0.03,0.1,0.02,0.05
73.0,Clinical,0.8,0.03,0.1,0.02,0.05
73.0,DCSA,0.8,0.03,0.1,0.02,0.05
73.0,Dental,0.8,0.03,0.1,0.02,0.05
73.0,Laboratory,0.8,0.03,0.1,0.02,0.05
73.0,Mental,0.8,0.03,0.1,0.02,0.05
73.0,Nursing_and_Midwifery,0.8,0.03,0.1,0.02,0.05
73.0,Nutrition,0.8,0.03,0.1,0.02,0.05
73.0,Pharmacy,0.8,0.03,0.1,0.02,0.05
73.0,Radiography,0.8,0.03,0.1,0.02,0.05
74.0,Clinical,0.8,0.03,0.1,0.02,0.05
74.0,DCSA,0.8,0.03,0.1,0.02,0.05
74.0,Dental,0.8,0.03,0.1,0.02,0.05
74.0,Laboratory,0.8,0.03,0.1,0.02,0.05
74.0,Mental,0.8,0.03,0.1,0.02,0.05
74.0,Nursing_and_Midwifery,0.8,0.03,0.1,0.02,0.05
74.0,Nutrition,0.8,0.03,0.1,0.02,0.05
74.0,Pharmacy,0.8,0.03,0.1,0.02,0.05
74.0,Radiography,0.8,0.03,0.1,0.02,0.05
75.0,Clinical,0.8,0.03,0.1,0.02,0.05
75.0,DCSA,0.8,0.03,0.1,0.02,0.05
75.0,Dental,0.8,0.03,0.1,0.02,0.05
75.0,Laboratory,0.8,0.03,0.1,0.02,0.05
75.0,Mental,0.8,0.03,0.1,0.02,0.05
75.0,Nursing_and_Midwifery,0.8,0.03,0.1,0.02,0.05
75.0,Nutrition,0.8,0.03,0.1,0.02,0.05
75.0,Pharmacy,0.8,0.03,0.1,0.02,0.05
75.0,Radiography,0.8,0.03,0.1,0.02,0.05
76.0,Clinical,0.8,0.03,0.1,0.02,0.05
76.0,DCSA,0.8,0.03,0.1,0.02,0.05
76.0,Dental,0.8,0.03,0.1,0.02,0.05
76.0,Laboratory,0.8,0.03,0.1,0.02,0.05
76.0,Mental,0.8,0.03,0.1,0.02,0.05
76.0,Nursing_and_Midwifery,0.8,0.03,0.1,0.02,0.05
76.0,Nutrition,0.8,0.03,0.1,0.02,0.05
76.0,Pharmacy,0.8,0.03,0.1,0.02,0.05
76.0,Radiography,0.8,0.03,0.1,0.02,0.05
77.0,Clinical,0.8,0.03,0.1,0.02,0.05
77.0,DCSA,0.8,0.03,0.1,0.02,0.05
77.0,Dental,0.8,0.03,0.1,0.02,0.05
77.0,Laboratory,0.8,0.03,0.1,0.02,0.05
77.0,Mental,0.8,0.03,0.1,0.02,0.05
77.0,Nursing_and_Midwifery,0.8,0.03,0.1,0.02,0.05
77.0,Nutrition,0.8,0.03,0.1,0.02,0.05
77.0,Pharmacy,0.8,0.03,0.1,0.02,0.05
77.0,Radiography,0.8,0.03,0.1,0.02,0.05
78.0,Clinical,0.8,0.03,0.1,0.02,0.05
78.0,DCSA,0.8,0.03,0.1,0.02,0.05
78.0,Dental,0.8,0.03,0.1,0.02,0.05
78.0,Laboratory,0.8,0.03,0.1,0.02,0.05
78.0,Mental,0.8,0.03,0.1,0.02,0.05
78.0,Nursing_and_Midwifery,0.8,0.03,0.1,0.02,0.05
78.0,Nutrition,0.8,0.03,0.1,0.02,0.05
78.0,Pharmacy,0.8,0.03,0.1,0.02,0.05
78.0,Radiography,0.8,0.03,0.1,0.02,0.05
79.0,Clinical,0.8,0.03,0.1,0.02,0.05
79.0,DCSA,0.8,0.03,0.1,0.02,0.05
79.0,Dental,0.8,0.03,0.1,0.02,0.05
79.0,Laboratory,0.8,0.03,0.1,0.02,0.05
79.0,Mental,0.8,0.03,0.1,0.02,0.05
79.0,Nursing_and_Midwifery,0.8,0.03,0.1,0.02,0.05
79.0,Nutrition,0.8,0.03,0.1,0.02,0.05
79.0,Pharmacy,0.8,0.03,0.1,0.02,0.05
79.0,Radiography,0.8,0.03,0.1,0.02,0.05
80.0,Clinical,0.8,0.03,0.1,0.02,0.05
80.0,DCSA,0.8,0.03,0.1,0.02,0.05
80.0,Dental,0.8,0.03,0.1,0.02,0.05
80.0,Laboratory,0.8,0.03,0.1,0.02,0.05
80.0,Mental,0.8,0.03,0.1,0.02,0.05
80.0,Nursing_and_Midwifery,0.8,0.03,0.1,0.02,0.05
80.0,Nutrition,0.8,0.03,0.1,0.02,0.05
80.0,Pharmacy,0.8,0.03,0.1,0.02,0.05
80.0,Radiography,0.8,0.03,0.1,0.02,0.05
81.0,Clinical,0.8,0.03,0.1,0.02,0.05
81.0,DCSA,0.8,0.03,0.1,0.02,0.05
81.0,Dental,0.8,0.03,0.1,0.02,0.05
81.0,Laboratory,0.8,0.03,0.1,0.02,0.05
81.0,Mental,0.8,0.03,0.1,0.02,0.05
81.0,Nursing_and_Midwifery,0.8,0.03,0.1,0.02,0.05
81.0,Nutrition,0.8,0.03,0.1,0.02,0.05
81.0,Pharmacy,0.8,0.03,0.1,0.02,0.05
81.0,Radiography,0.8,0.03,0.1,0.02,0.05
82.0,Clinical,0.8,0.03,0.1,0.02,0.05
82.0,DCSA,0.8,0.03,0.1,0.02,0.05
82.0,Dental,0.8,0.03,0.1,0.02,0.05
82.0,Laboratory,0.8,0.03,0.1,0.02,0.05
82.0,Mental,0.8,0.03,0.1,0.02,0.05
82.0,Nursing_and_Midwifery,0.8,0.03,0.1,0.02,0.05
82.0,Nutrition,0.8,0.03,0.1,0.02,0.05
82.0,Pharmacy,0.8,0.03,0.1,0.02,0.05
82.0,Radiography,0.8,0.03,0.1,0.02,0.05
83.0,Clinical,0.8,0.03,0.1,0.02,0.05
83.0,DCSA,0.8,0.03,0.1,0.02,0.05
83.0,Dental,0.8,0.03,0.1,0.02,0.05
83.0,Laboratory,0.8,0.03,0.1,0.02,0.05
83.0,Mental,0.8,0.03,0.1,0.02,0.05
83.0,Nursing_and_Midwifery,0.8,0.03,0.1,0.02,0.05
83.0,Nutrition,0.8,0.03,0.1,0.02,0.05
83.0,Pharmacy,0.8,0.03,0.1,0.02,0.05
83.0,Radiography,0.8,0.03,0.1,0.02,0.05
84.0,Clinical,0.8,0.03,0.1,0.02,0.05
84.0,DCSA,0.8,0.03,0.1,0.02,0.05
84.0,Dental,0.8,0.03,0.1,0.02,0.05
84.0,Laboratory,0.8,0.03,0.1,0.02,0.05
84.0,Mental,0.8,0.03,0.1,0.02,0.05
84.0,Nursing_and_Midwifery,0.8,0.03,0.1,0.02,0.05
84.0,Nutrition,0.8,0.03,0.1,0.02,0.05
84.0,Pharmacy,0.8,0.03,0.1,0.02,0.05
84.0,Radiography,0.8,0.03,0.1,0.02,0.05
85.0,Clinical,0.8,0.03,0.1,0.02,0.05
85.0,DCSA,0.8,0.03,0.1,0.02,0.05
85.0,Dental,0.8,0.03,0.1,0.02,0.05
85.0,Laboratory,0.8,0.03,0.1,0.02,0.05
85.0,Mental,0.8,0.03,0.1,0.02,0.05
85.0,Nursing_and_Midwifery,0.8,0.03,0.1,0.02,0.05
85.0,Nutrition,0.8,0.03,0.1,0.02,0.05
85.0,Pharmacy,0.8,0.03,0.1,0.02,0.05
85.0,Radiography,0.8,0.03,0.1,0.02,0.05
86.0,Clinical,0.8,0.03,0.1,0.02,0.05
86.0,DCSA,0.8,0.03,0.1,0.02,0.05
86.0,Dental,0.8,0.03,0.1,0.02,0.05
86.0,Laboratory,0.8,0.03,0.1,0.02,0.05
86.0,Mental,0.8,0.03,0.1,0.02,0.05
86.0,Nursing_and_Midwifery,0.8,0.03,0.1,0.02,0.05
86.0,Nutrition,0.8,0.03,0.1,0.02,0.05
86.0,Pharmacy,0.8,0.03,0.1,0.02,0.05
86.0,Radiography,0.8,0.03,0.1,0.02,0.05
87.0,Clinical,0.8,0.03,0.1,0.02,0.05
87.0,DCSA,0.8,0.03,0.1,0.02,0.05
87.0,Dental,0.8,0.03,0.1,0.02,0.05
87.0,Laboratory,0.8,0.03,0.1,0.02,0.05
87.0,Mental,0.8,0.03,0.1,0.02,0.05
87.0,Nursing_and_Midwifery,0.8,0.03,0.1,0.02,0.05
87.0,Nutrition,0.8,0.03,0.1,0.02,0.05
87.0,Pharmacy,0.8,0.03,0.1,0.02,0.05
87.0,Radiography,0.8,0.03,0.1,0.02,0.05
88.0,Clinical,0.8,0.03,0.1,0.02,0.05
88.0,DCSA,0.8,0.03,0.1,0.02,0.05
88.0,Dental,0.8,0.03,0.1,0.02,0.05
88.0,Laboratory,0.8,0.03,0.1,0.02,0.05
88.0,Mental,0.8,0.03,0.1,0.02,0.05
88.0,Nursing_and_Midwifery,0.8,0.03,0.1,0.02,0.05
88.0,Nutrition,0.8,0.03,0.1,0.02,0.05
88.0,Pharmacy,0.8,0.03,0.1,0.02,0.05
88.0,Radiography,0.8,0.03,0.1,0.02,0.05
89.0,Clinical,0.8,0.03,0.1,0.02,0.05
89.0,DCSA,0.8,0.03,0.1,0.02,0.05
89.0,Dental,0.8,0.03,0.1,0.02,0.05
89.0,Laboratory,0.8,0.03,0.1,0.02,0.05
89.0,Mental,0.8,0.03,0.1,0.02,0.05
89.0,Nursing_and_Midwifery,0.8,0.03,0.1,0.02,0.05
89.0,Nutrition,0.8,0.03,0.1,0.02,0.05
89.0,Pharmacy,0.8,0.03,0.1,0.02,0.05
89.0,Radiography,0.8,0.03,0.1,0.02,0.05
90.0,Clinical,0.8,0.03,0.1,0.02,0.05
90.0,DCSA,0.8,0.03,0.1,0.02,0.05
90.0,Dental,0.8,0.03,0.1,0.02,0.05
90.0,Laboratory,0.8,0.03,0.1,0.02,0.05
90.0,Mental,0.8,0.03,0.1,0.02,0.05
90.0,Nursing_and_Midwifery,0.8,0.03,0.1,0.02,0.05
90.0,Nutrition,0.8,0.03,0.1,0.02,0.05
90.0,Pharmacy,0.8,0.03,0.1,0.02,0.05
90.0,Radiography,0.8,0.03,0.1,0.02,0.05
91.0,Clinical,0.8,0.03,0.1,0.02,0.05
91.0,DCSA,0.8,0.03,0.1,0.02,0.05
91.0,Dental,0.8,0.03,0.1,0.02,0.05
91.0,Laboratory,0.8,0.03,0.1,0.02,0.05
91.0,Mental,0.8,0.03,0.1,0.02,0.05
91.0,Nursing_and_Midwifery,0.8,0.03,0.1,0.02,0.05
91.0,Nutrition,0.8,0.03,0.1,0.02,0.05
91.0,Pharmacy,0.8,0.03,0.1,0.02,0.05
91.0,Radiography,0.8,0.03,0.1,0.02,0.05
92.0,Clinical,0.8,0.03,0.1,0.02,0.05
92.0,DCSA,0.8,0.03,0.1,0.02,0.05
92.0,Dental,0.8,0.03,0.1,0.02,0.05
92.0,Laboratory,0.8,0.03,0.1,0.02,0.05
92.0,Mental,0.8,0.03,0.1,0.02,0.05
92.0,Nursing_and_Midwifery,0.8,0.03,0.1,0.02,0.05
92.0,Nutrition,0.8,0.03,0.1,0.02,0.05
92.0,Pharmacy,0.8,0.03,0.1,0.02,0.05
92.0,Radiography,0.8,0.03,0.1,0.02,0.05
93.0,Clinical,0.8,0.03,0.1,0.02,0.05
93.0,DCSA,0.8,0.03,0.1,0.02,0.05
93.0,Dental,0.8,0.03,0.1,0.02,0.05
93.0,Laboratory,0.8,0.03,0.1,0.02,0.05
93.0,Mental,0.8,0.03,0.1,0.02,0.05
93.0,Nursing_and_Midwifery,0.8,0.03,0.1,0.02,0.05
93.0,Nutrition,0.8,0.03,0.1,0.02,0.05
93.0,Pharmacy,0.8,0.03,0.1,0.02,0.05
93.0,Radiography,0.8,0.03,0.1,0.02,0.05
94.0,Clinical,0.8,0.03,0.1,0.02,0.05
94.0,DCSA,0.8,0.03,0.1,0.02,0.05
94.0,Dental,0.8,0.03,0.1,0.02,0.05
94.0,Laboratory,0.8,0.03,0.1,0.02,0.05
94.0,Mental,0.8,0.03,0.1,0.02,0.05
94.0,Nursing_and_Midwifery,0.8,0.03,0.1,0.02,0.05
94.0,Nutrition,0.8,0.03,0.1,0.02,0.05
94.0,Pharmacy,0.8,0.03,0.1,0.02,0.05
94.0,Radiography,0.8,0.03,0.1,0.02,0.05
95.0,Clinical,0.8,0.03,0.1,0.02,0.05
95.0,DCSA,0.8,0.03,0.1,0.02,0.05
95.0,Dental,0.8,0.03,0.1,0.02,0.05
95.0,Laboratory,0.8,0.03,0.1,0.02,0.05
95.0,Mental,0.8,0.03,0.1,0.02,0.05
95.0,Nursing_and_Midwifery,0.8,0.03,0.1,0.02,0.05
95.0,Nutrition,0.8,0.03,0.1,0.02,0.05
95.0,Pharmacy,0.8,0.03,0.1,0.02,0.05
95.0,Radiography,0.8,0.03,0.1,0.02,0.05
96.0,Clinical,0.8,0.03,0.1,0.02,0.05
96.0,DCSA,0.8,0.03,0.1,0.02,0.05
96.0,Dental,0.8,0.03,0.1,0.02,0.05
96.0,Laboratory,0.8,0.03,0.1,0.02,0.05
96.0,Mental,0.8,0.03,0.1,0.02,0.05
96.0,Nursing_and_Midwifery,0.8,0.03,0.1,0.02,0.05
96.0,Nutrition,0.8,0.03,0.1,0.02,0.05
96.0,Pharmacy,0.8,0.03,0.1,0.02,0.05
96.0,Radiography,0.8,0.03,0.1,0.02,0.05
97.0,Clinical,0.8,0.03,0.1,0.02,0.05
97.0,DCSA,0.8,0.03,0.1,0.02,0.05
97.0,Dental,0.8,0.03,0.1,0.02,0.05
97.0,Laboratory,0.8,0.03,0.1,0.02,0.05
97.0,Mental,0.8,0.03,0.1,0.02,0.05
97.0,Nursing_and_Midwifery,0.8,0.03,0.1,0.02,0.05
97.0,Nutrition,0.8,0.03,0.1,0.02,0.05
97.0,Pharmacy,0.8,0.03,0.1,0.02,0.05
97.0,Radiography,0.8,0.03,0.1,0.02,0.05
98.0,Clinical,0.8,0.03,0.1,0.02,0.05
98.0,DCSA,0.8,0.03,0.1,0.02,0.05
98.0,Dental,0.8,0.03,0.1,0.02,0.05
98.0,Laboratory,0.8,0.03,0.1,0.02,0.05
98.0,Mental,0.8,0.03,0.1,0.02,0.05
98.0,Nursing_and_Midwifery,0.8,0.03,0.1,0.02,0.05
98.0,Nutrition,0.8,0.03,0.1,0.02,0.05
98.0,Pharmacy,0.8,0.03,0.1,0.02,0.05
98.0,Radiography,0.8,0.03,0.1,0.02,0.05
99.0,Clinical,0.8,0.03,0.1,0.02,0.05
99.0,DCSA,0.8,0.03,0.1,0.02,0.05
99.0,Dental,0.8,0.03,0.1,0.02,0.05
99.0,Laboratory,0.8,0.03,0.1,0.02,0.05
99.0,Mental,0.8,0.03,0.1,0.02,0.05
99.0,Nursing_and_Midwifery,0.8,0.03,0.1,0.02,0.05
99.0,Nutrition,0.8,0.03,0.1,0.02,0.05
99.0,Pharmacy,0.8,0.03,0.1,0.02,0.05
99.0,Radiography,0.8,0.03,0.1,0.02,0.05
100.0,Clinical,0.8,0.03,0.1,0.02,0.05
100.0,DCSA,0.8,0.03,0.1,0.02,0.05
100.0,Dental,0.8,0.03,0.1,0.02,0.05
100.0,Laboratory,0.8,0.03,0.1,0.02,0.05
100.0,Mental,0.8,0.03,0.1,0.02,0.05
100.0,Nursing_and_Midwifery,0.8,0.03,0.1,0.02,0.05
100.0,Nutrition,0.8,0.03,0.1,0.02,0.05
100.0,Pharmacy,0.8,0.03,0.1,0.02,0.05
100.0,Radiography,0.8,0.03,0.1,0.02,0.05
101.0,Clinical,0.8,0.03,0.1,0.02,0.05
101.0,DCSA,0.8,0.03,0.1,0.02,0.05
101.0,Dental,0.8,0.03,0.1,0.02,0.05
101.0,Laboratory,0.8,0.03,0.1,0.02,0.05
101.0,Mental,0.8,0.03,0.1,0.02,0.05
101.0,Nursing_and_Midwifery,0.8,0.03,0.1,0.02,0.05
101.0,Nutrition,0.8,0.03,0.1,0.02,0.05
101.0,Pharmacy,0.8,0.03,0.1,0.02,0.05
101.0,Radiography,0.8,0.03,0.1,0.02,0.05
102.0,Clinical,0.8,0.03,0.1,0.02,0.05
102.0,DCSA,0.8,0.03,0.1,0.02,0.05
102.0,Dental,0.8,0.03,0.1,0.02,0.05
102.0,Laboratory,0.8,0.03,0.1,0.02,0.05
102.0,Mental,0.8,0.03,0.1,0.02,0.05
102.0,Nursing_and_Midwifery,0.8,0.03,0.1,0.02,0.05
102.0,Nutrition,0.8,0.03,0.1,0.02,0.05
102.0,Pharmacy,0.8,0.03,0.1,0.02,0.05
102.0,Radiography,0.8,0.03,0.1,0.02,0.05
103.0,Clinical,0.8,0.03,0.1,0.02,0.05
103.0,DCSA,0.8,0.03,0.1,0.02,0.05
103.0,Dental,0.8,0.03,0.1,0.02,0.05
103.0,Laboratory,0.8,0.03,0.1,0.02,0.05
103.0,Mental,0.8,0.03,0.1,0.02,0.05
103.0,Nursing_and_Midwifery,0.8,0.03,0.1,0.02,0.05
103.0,Nutrition,0.8,0.03,0.1,0.02,0.05
103.0,Pharmacy,0.8,0.03,0.1,0.02,0.05
103.0,Radiography,0.8,0.03,0.1,0.02,0.05
104.0,Clinical,0.8,0.03,0.1,0.02,0.05
104.0,DCSA,0.8,0.03,0.1,0.02,0.05
104.0,Dental,0.8,0.03,0.1,0.02,0.05
104.0,Laboratory,0.8,0.03,0.1,0.02,0.05
104.0,Mental,0.8,0.03,0.1,0.02,0.05
104.0,Nursing_and_Midwifery,0.8,0.03,0.1,0.02,0.05
104.0,Nutrition,0.8,0.03,0.1,0.02,0.05
104.0,Pharmacy,0.8,0.03,0.1,0.02,0.05
104.0,Radiography,0.8,0.03,0.1,0.02,0.05
105.0,Clinical,0.8,0.03,0.1,0.02,0.05
105.0,DCSA,0.8,0.03,0.1,0.02,0.05
105.0,Dental,0.8,0.03,0.1,0.02,0.05
105.0,Laboratory,0.8,0.03,0.1,0.02,0.05
105.0,Mental,0.8,0.03,0.1,0.02,0.05
105.0,Nursing_and_Midwifery,0.8,0.03,0.1,0.02,0.05
105.0,Nutrition,0.8,0.03,0.1,0.02,0.05
105.0,Pharmacy,0.8,0.03,0.1,0.02,0.05
105.0,Radiography,0.8,0.03,0.1,0.02,0.05
106.0,Clinical,0.8,0.03,0.1,0.02,0.05
106.0,DCSA,0.8,0.03,0.1,0.02,0.05
106.0,Dental,0.8,0.03,0.1,0.02,0.05
106.0,Laboratory,0.8,0.03,0.1,0.02,0.05
106.0,Mental,0.8,0.03,0.1,0.02,0.05
106.0,Nursing_and_Midwifery,0.8,0.03,0.1,0.02,0.05
106.0,Nutrition,0.8,0.03,0.1,0.02,0.05
106.0,Pharmacy,0.8,0.03,0.1,0.02,0.05
106.0,Radiography,0.8,0.03,0.1,0.02,0.05
107.0,Clinical,0.8,0.03,0.1,0.02,0.05
107.0,DCSA,0.8,0.03,0.1,0.02,0.05
107.0,Dental,0.8,0.03,0.1,0.02,0.05
107.0,Laboratory,0.8,0.03,0.1,0.02,0.05
107.0,Mental,0.8,0.03,0.1,0.02,0.05
107.0,Nursing_and_Midwifery,0.8,0.03,0.1,0.02,0.05
107.0,Nutrition,0.8,0.03,0.1,0.02,0.05
107.0,Pharmacy,0.8,0.03,0.1,0.02,0.05
107.0,Radiography,0.8,0.03,0.1,0.02,0.05
108.0,Clinical,0.8,0.03,0.1,0.02,0.05
108.0,DCSA,0.8,0.03,0.1,0.02,0.05
108.0,Dental,0.8,0.03,0.1,0.02,0.05
108.0,Laboratory,0.8,0.03,0.1,0.02,0.05
108.0,Mental,0.8,0.03,0.1,0.02,0.05
108.0,Nursing_and_Midwifery,0.8,0.03,0.1,0.02,0.05
108.0,Nutrition,0.8,0.03,0.1,0.02,0.05
108.0,Pharmacy,0.8,0.03,0.1,0.02,0.05
108.0,Radiography,0.8,0.03,0.1,0.02,0.05
109.0,Clinical,0.8,0.03,0.1,0.02,0.05
109.0,DCSA,0.8,0.03,0.1,0.02,0.05
109.0,Dental,0.8,0.03,0.1,0.02,0.05
109.0,Laboratory,0.8,0.03,0.1,0.02,0.05
109.0,Mental,0.8,0.03,0.1,0.02,0.05
109.0,Nursing_and_Midwifery,0.8,0.03,0.1,0.02,0.05
109.0,Nutrition,0.8,0.03,0.1,0.02,0.05
109.0,Pharmacy,0.8,0.03,0.1,0.02,0.05
109.0,Radiography,0.8,0.03,0.1,0.02,0.05
110.0,Clinical,0.8,0.03,0.1,0.02,0.05
110.0,DCSA,0.8,0.03,0.1,0.02,0.05
110.0,Dental,0.8,0.03,0.1,0.02,0.05
110.0,Laboratory,0.8,0.03,0.1,0.02,0.05
110.0,Mental,0.8,0.03,0.1,0.02,0.05
110.0,Nursing_and_Midwifery,0.8,0.03,0.1,0.02,0.05
110.0,Nutrition,0.8,0.03,0.1,0.02,0.05
110.0,Pharmacy,0.8,0.03,0.1,0.02,0.05
110.0,Radiography,0.8,0.03,0.1,0.02,0.05
111.0,Clinical,0.8,0.03,0.1,0.02,0.05
111.0,DCSA,0.8,0.03,0.1,0.02,0.05
111.0,Dental,0.8,0.03,0.1,0.02,0.05
111.0,Laboratory,0.8,0.03,0.1,0.02,0.05
111.0,Mental,0.8,0.03,0.1,0.02,0.05
111.0,Nursing_and_Midwifery,0.8,0.03,0.1,0.02,0.05
111.0,Nutrition,0.8,0.03,0.1,0.02,0.05
111.0,Pharmacy,0.8,0.03,0.1,0.02,0.05
111.0,Radiography,0.8,0.03,0.1,0.02,0.05
112.0,Clinical,0.8,0.03,0.1,0.02,0.05
112.0,DCSA,0.8,0.03,0.1,0.02,0.05
112.0,Dental,0.8,0.03,0.1,0.02,0.05
112.0,Laboratory,0.8,0.03,0.1,0.02,0.05
112.0,Mental,0.8,0.03,0.1,0.02,0.05
112.0,Nursing_and_Midwifery,0.8,0.03,0.1,0.02,0.05
112.0,Nutrition,0.8,0.03,0.1,0.02,0.05
112.0,Pharmacy,0.8,0.03,0.1,0.02,0.05
112.0,Radiography,0.8,0.03,0.1,0.02,0.05
113.0,Clinical,0.8,0.03,0.1,0.02,0.05
113.0,DCSA,0.8,0.03,0.1,0.02,0.05
113.0,Dental,0.8,0.03,0.1,0.02,0.05
113.0,Laboratory,0.8,0.03,0.1,0.02,0.05
113.0,Mental,0.8,0.03,0.1,0.02,0.05
113.0,Nursing_and_Midwifery,0.8,0.03,0.1,0.02,0.05
113.0,Nutrition,0.8,0.03,0.1,0.02,0.05
113.0,Pharmacy,0.8,0.03,0.1,0.02,0.05
113.0,Radiography,0.8,0.03,0.1,0.02,0.05
114.0,Clinical,0.8,0.03,0.1,0.02,0.05
114.0,DCSA,0.8,0.03,0.1,0.02,0.05
114.0,Dental,0.8,0.03,0.1,0.02,0.05
114.0,Laboratory,0.8,0.03,0.1,0.02,0.05
114.0,Mental,0.8,0.03,0.1,0.02,0.05
114.0,Nursing_and_Midwifery,0.8,0.03,0.1,0.02,0.05
114.0,Nutrition,0.8,0.03,0.1,0.02,0.05
114.0,Pharmacy,0.8,0.03,0.1,0.02,0.05
114.0,Radiography,0.8,0.03,0.1,0.02,0.05
115.0,Clinical,0.8,0.03,0.1,0.02,0.05
115.0,DCSA,0.8,0.03,0.1,0.02,0.05
115.0,Dental,0.8,0.03,0.1,0.02,0.05
115.0,Laboratory,0.8,0.03,0.1,0.02,0.05
115.0,Mental,0.8,0.03,0.1,0.02,0.05
115.0,Nursing_and_Midwifery,0.8,0.03,0.1,0.02,0.05
115.0,Nutrition,0.8,0.03,0.1,0.02,0.05
115.0,Pharmacy,0.8,0.03,0.1,0.02,0.05
115.0,Radiography,0.8,0.03,0.1,0.02,0.05
116.0,Clinical,0.8,0.03,0.1,0.02,0.05
116.0,DCSA,0.8,0.03,0.1,0.02,0.05
116.0,Dental,0.8,0.03,0.1,0.02,0.05
116.0,Laboratory,0.8,0.03,0.1,0.02,0.05
116.0,Mental,0.8,0.03,0.1,0.02,0.05
116.0,Nursing_and_Midwifery,0.8,0.03,0.1,0.02,0.05
116.0,Nutrition,0.8,0.03,0.1,0.02,0.05
116.0,Pharmacy,0.8,0.03,0.1,0.02,0.05
116.0,Radiography,0.8,0.03,0.1,0.02,0.05
117.0,Clinical,0.8,0.03,0.1,0.02,0.05
117.0,DCSA,0.8,0.03,0.1,0.02,0.05
117.0,Dental,0.8,0.03,0.1,0.02,0.05
117.0,Laboratory,0.8,0.03,0.1,0.02,0.05
117.0,Mental,0.8,0.03,0.1,0.02,0.05
117.0,Nursing_and_Midwifery,0.8,0.03,0.1,0.02,0.05
117.0,Nutrition,0.8,0.03,0.1,0.02,0.05
117.0,Pharmacy,0.8,0.03,0.1,0.02,0.05
117.0,Radiography,0.8,0.03,0.1,0.02,0.05
118.0,Clinical,0.8,0.03,0.1,0.02,0.05
118.0,DCSA,0.8,0.03,0.1,0.02,0.05
118.0,Dental,0.8,0.03,0.1,0.02,0.05
118.0,Laboratory,0.8,0.03,0.1,0.02,0.05
118.0,Mental,0.8,0.03,0.1,0.02,0.05
118.0,Nursing_and_Midwifery,0.8,0.03,0.1,0.02,0.05
118.0,Nutrition,0.8,0.03,0.1,0.02,0.05
118.0,Pharmacy,0.8,0.03,0.1,0.02,0.05
118.0,Radiography,0.8,0.03,0.1,0.02,0.05
119.0,Clinical,0.8,0.03,0.1,0.02,0.05
119.0,DCSA,0.8,0.03,0.1,0.02,0.05
119.0,Dental,0.8,0.03,0.1,0.02,0.05
119.0,Laboratory,0.8,0.03,0.1,0.02,0.05
119.0,Mental,0.8,0.03,0.1,0.02,0.05
119.0,Nursing_and_Midwifery,0.8,0.03,0.1,0.02,0.05
119.0,Nutrition,0.8,0.03,0.1,0.02,0.05
119.0,Pharmacy,0.8,0.03,0.1,0.02,0.05
119.0,Radiography,0.8,0.03,0.1,0.02,0.05
120.0,Clinical,0.8,0.03,0.1,0.02,0.05
120.0,DCSA,0.8,0.03,0.1,0.02,0.05
120.0,Dental,0.8,0.03,0.1,0.02,0.05
120.0,Laboratory,0.8,0.03,0.1,0.02,0.05
120.0,Mental,0.8,0.03,0.1,0.02,0.05
120.0,Nursing_and_Midwifery,0.8,0.03,0.1,0.02,0.05
120.0,Nutrition,0.8,0.03,0.1,0.02,0.05
120.0,Pharmacy,0.8,0.03,0.1,0.02,0.05
120.0,Radiography,0.8,0.03,0.1,0.02,0.05
121.0,Clinical,0.8,0.03,0.1,0.02,0.05
121.0,DCSA,0.8,0.03,0.1,0.02,0.05
121.0,Dental,0.8,0.03,0.1,0.02,0.05
121.0,Laboratory,0.8,0.03,0.1,0.02,0.05
121.0,Mental,0.8,0.03,0.1,0.02,0.05
121.0,Nursing_and_Midwifery,0.8,0.03,0.1,0.02,0.05
121.0,Nutrition,0.8,0.03,0.1,0.02,0.05
121.0,Pharmacy,0.8,0.03,0.1,0.02,0.05
121.0,Radiography,0.8,0.03,0.1,0.02,0.05
122.0,Clinical,0.8,0.03,0.1,0.02,0.05
122.0,DCSA,0.8,0.03,0.1,0.02,0.05
122.0,Dental,0.8,0.03,0.1,0.02,0.05
122.0,Laboratory,0.8,0.03,0.1,0.02,0.05
122.0,Mental,0.8,0.03,0.1,0.02,0.05
122.0,Nursing_and_Midwifery,0.8,0.03,0.1,0.02,0.05
122.0,Nutrition,0.8,0.03,0.1,0.02,0.05
122.0,Pharmacy,0.8,0.03,0.1,0.02,0.05
122.0,Radiography,0.8,0.03,0.1,0.02,0.05
123.0,Clinical,0.8,0.03,0.1,0.02,0.05
123.0,DCSA,0.8,0.03,0.1,0.02,0.05
123.0,Dental,0.8,0.03,0.1,0.02,0.05
123.0,Laboratory,0.8,0.03,0.1,0.02,0.05
123.0,Mental,0.8,0.03,0.1,0.02,0.05
123.0,Nursing_and_Midwifery,0.8,0.03,0.1,0.02,0.05
123.0,Nutrition,0.8,0.03,0.1,0.02,0.05
123.0,Pharmacy,0.8,0.03,0.1,0.02,0.05
123.0,Radiography,0.8,0.03,0.1,0.02,0.05
124.0,Clinical,0.8,0.03,0.1,0.02,0.05
124.0,DCSA,0.8,0.03,0.1,0.02,0.05
124.0,Dental,0.8,0.03,0.1,0.02,0.05
124.0,Laboratory,0.8,0.03,0.1,0.02,0.05
124.0,Mental,0.8,0.03,0.1,0.02,0.05
124.0,Nursing_and_Midwifery,0.8,0.03,0.1,0.02,0.05
124.0,Nutrition,0.8,0.03,0.1,0.02,0.05
124.0,Pharmacy,0.8,0.03,0.1,0.02,0.05
124.0,Radiography,0.8,0.03,0.1,0.02,0.05
125.0,Clinical,0.8,0.03,0.1,0.02,0.05
125.0,DCSA,0.8,0.03,0.1,0.02,0.05
125.0,Dental,0.8,0.03,0.1,0.02,0.05
125.0,Laboratory,0.8,0.03,0.1,0.02,0.05
125.0,Mental,0.8,0.03,0.1,0.02,0.05
125.0,Nursing_and_Midwifery,0.8,0.03,0.1,0.02,0.05
125.0,Nutrition,0.8,0.03,0.1,0.02,0.05
125.0,Pharmacy,0.8,0.03,0.1,0.02,0.05
125.0,Radiography,0.8,0.03,0.1,0.02,0.05
126.0,Clinical,0.8,0.03,0.1,0.02,0.05
126.0,DCSA,0.8,0.03,0.1,0.02,0.05
126.0,Dental,0.8,0.03,0.1,0.02,0.05
126.0,Laboratory,0.8,0.03,0.1,0.02,0.05
126.0,Mental,0.8,0.03,0.1,0.02,0.05
126.0,Nursing_and_Midwifery,0.8,0.03,0.1,0.02,0.05
126.0,Nutrition,0.8,0.03,0.1,0.02,0.05
126.0,Pharmacy,0.8,0.03,0.1,0.02,0.05
126.0,Radiography,0.8,0.03,0.1,0.02,0.05
127.0,Clinical,0.8,0.03,0.1,0.02,0.05
127.0,DCSA,0.8,0.03,0.1,0.02,0.05
127.0,Dental,0.8,0.03,0.1,0.02,0.05
127.0,Laboratory,0.8,0.03,0.1,0.02,0.05
127.0,Mental,0.8,0.03,0.1,0.02,0.05
127.0,Nursing_and_Midwifery,0.8,0.03,0.1,0.02,0.05
127.0,Nutrition,0.8,0.03,0.1,0.02,0.05
127.0,Pharmacy,0.8,0.03,0.1,0.02,0.05
127.0,Radiography,0.8,0.03,0.1,0.02,0.05
128.0,Clinical,0.8,0.03,0.1,0.02,0.05
128.0,DCSA,0.8,0.03,0.1,0.02,0.05
128.0,Dental,0.8,0.03,0.1,0.02,0.05
128.0,Laboratory,0.8,0.03,0.1,0.02,0.05
128.0,Mental,0.8,0.03,0.1,0.02,0.05
128.0,Nursing_and_Midwifery,0.8,0.03,0.1,0.02,0.05
128.0,Nutrition,0.8,0.03,0.1,0.02,0.05
128.0,Pharmacy,0.8,0.03,0.1,0.02,0.05
128.0,Radiography,0.8,0.03,0.1,0.02,0.05
129.0,Clinical,0.8,0.03,0.1,0.02,0.05
129.0,DCSA,0.8,0.03,0.1,0.02,0.05
129.0,Dental,0.8,0.03,0.1,0.02,0.05
129.0,Laboratory,0.8,0.03,0.1,0.02,0.05
129.0,Mental,0.8,0.03,0.1,0.02,0.05
129.0,Nursing_and_Midwifery,0.8,0.03,0.1,0.02,0.05
129.0,Nutrition,0.8,0.03,0.1,0.02,0.05
129.0,Pharmacy,0.8,0.03,0.1,0.02,0.05
129.0,Radiography,0.8,0.03,0.1,0.02,0.05
130.0,Clinical,0.8,0.03,0.1,0.02,0.05
130.0,DCSA,0.8,0.03,0.1,0.02,0.05
130.0,Dental,0.8,0.03,0.1,0.02,0.05
130.0,Laboratory,0.8,0.03,0.1,0.02,0.05
130.0,Mental,0.8,0.03,0.1,0.02,0.05
130.0,Nursing_and_Midwifery,0.8,0.03,0.1,0.02,0.05
130.0,Nutrition,0.8,0.03,0.1,0.02,0.05
130.0,Pharmacy,0.8,0.03,0.1,0.02,0.05
130.0,Radiography,0.8,0.03,0.1,0.02,0.05
131.0,Clinical,0.8,0.03,0.1,0.02,0.05
131.0,DCSA,0.8,0.03,0.1,0.02,0.05
131.0,Dental,0.8,0.03,0.1,0.02,0.05
131.0,Laboratory,0.8,0.03,0.1,0.02,0.05
131.0,Mental,0.8,0.03,0.1,0.02,0.05
131.0,Nursing_and_Midwifery,0.8,0.03,0.1,0.02,0.05
131.0,Nutrition,0.8,0.03,0.1,0.02,0.05
131.0,Pharmacy,0.8,0.03,0.1,0.02,0.05
131.0,Radiography,0.8,0.03,0.1,0.02,0.05
132.0,Clinical,0.8,0.03,0.1,0.02,0.05
132.0,DCSA,0.8,0.03,0.1,0.02,0.05
132.0,Dental,0.8,0.03,0.1,0.02,0.05
132.0,Laboratory,0.8,0.03,0.1,0.02,0.05
132.0,Mental,0.8,0.03,0.1,0.02,0.05
132.0,Nursing_and_Midwifery,0.8,0.03,0.1,0.02,0.05
132.0,Nutrition,0.8,0.03,0.1,0.02,0.05
132.0,Pharmacy,0.8,0.03,0.1,0.02,0.05
132.0,Radiography,0.8,0.03,0.1,0.02,0.05
